CNPJ_CIA;DT_REFER;VERSAO;DENOM_CIA;CD_CVM;CATEG_DOC;ID_DOC;DT_RECEB;LINK_DOC
00.000.000/0001-91;2026-03-31;1;BCO BRASIL S.A.;001023;ITR;157308;2026-05-13;http://www.rad.cvm.gov.br/ENETCONSULTA/frmDownloadDocumento.aspx?CodigoInstituicao=1&NumeroSequencialDocumento=157308
00.001.180/0001-26;2026-03-31;1;AXIA ENERGIA S.A.;002437;ITR;156724;2026-05-06;http://www.rad.cvm.gov.br/ENETCONSULTA/frmDownloadDocumento.aspx?CodigoInstituicao=1&NumeroSequencialDocumento=156724
00.070.698/0001-11;2026-03-31;1;COMPANHIA ENERGÉTICA DE BRASÍLIA - CEB;014451;ITR;157402;2026-05-14;http://www.rad.cvm.gov.br/ENETCONSULTA/frmDownloadDocumento.aspx?CodigoInstituicao=1&NumeroSequencialDocumento=157402
00.080.671/0001-00;2026-03-31;1;CARAMURU ALIMENTOS S.A.;026190;ITR;157637;2026-05-15;http://www.rad.cvm.gov.br/ENETCONSULTA/frmDownloadDocumento.aspx?CodigoInstituicao=1&NumeroSequencialDocumento=157637
00.194.724/0001-13;2026-03-31;1;AUREN OPERAÇÕES S.A.;026174;ITR;156745;2026-05-06;http://www.rad.cvm.gov.br/ENETCONSULTA/frmDownloadDocumento.aspx?CodigoInstituicao=1&NumeroSequencialDocumento=156745
00.242.184/0001-04;2026-03-31;1;ARMAC LOCAÇÃO, LOGÍSTICA E SERVIÇOS S.A.;026069;ITR;157246;2026-05-12;http://www.rad.cvm.gov.br/ENETCONSULTA/frmDownloadDocumento.aspx?CodigoInstituicao=1&NumeroSequencialDocumento=157246
00.336.701/0001-04;2026-03-31;1;TELEC BRASILEIRAS S.A. TELEBRAS;011258;ITR;157583;2026-05-15;http://www.rad.cvm.gov.br/ENETCONSULTA/frmDownloadDocumento.aspx?CodigoInstituicao=1&NumeroSequencialDocumento=157583
00.357.038/0001-16;2026-03-31;1;AXIA ENERGIA NORTE S.A.;027472;ITR;156774;2026-05-06;http://www.rad.cvm.gov.br/ENETCONSULTA/frmDownloadDocumento.aspx?CodigoInstituicao=1&NumeroSequencialDocumento=156774
00.383.281/0001-09;2026-03-31;1;BNDES PARTICIPACOES S.A. - BNDESPAR;016772;ITR;157128;2026-05-12;http://www.rad.cvm.gov.br/ENETCONSULTA/frmDownloadDocumento.aspx?CodigoInstituicao=1&NumeroSequencialDocumento=157128
00.383.281/0001-09;2026-03-31;2;BNDES PARTICIPACOES S.A. - BNDESPAR;016772;ITR;157144;2026-05-12;http://www.rad.cvm.gov.br/ENETCONSULTA/frmDownloadDocumento.aspx?CodigoInstituicao=1&NumeroSequencialDocumento=157144
00.389.481/0001-79;2026-03-31;1;LM TRANSPORTES INTERESTADUAIS SERVIÇOS E COMÉRCIO S.A.;024880;ITR;156980;2026-05-08;http://www.rad.cvm.gov.br/ENETCONSULTA/frmDownloadDocumento.aspx?CodigoInstituicao=1&NumeroSequencialDocumento=156980
00.389.481/0001-79;2026-03-31;2;LM TRANSPORTES INTERESTADUAIS SERVIÇOS E COMÉRCIO S.A.;024880;ITR;157295;2026-05-13;http://www.rad.cvm.gov.br/ENETCONSULTA/frmDownloadDocumento.aspx?CodigoInstituicao=1&NumeroSequencialDocumento=157295
00.644.907/0001-93;2026-03-31;1;INVESTCO S.A.;018589;ITR;156771;2026-05-06;http://www.rad.cvm.gov.br/ENETCONSULTA/frmDownloadDocumento.aspx?CodigoInstituicao=1&NumeroSequencialDocumento=156771
00.644.907/0001-93;2026-06-30;1;INVESTCO S.A.;018589;ITR;159737;2026-07-28;http://www.rad.cvm.gov.br/ENETCONSULTA/frmDownloadDocumento.aspx?CodigoInstituicao=1&NumeroSequencialDocumento=159737
00.743.065/0001-27;2026-03-31;1;LITEL PARTICIPACOES S.A.;015091;ITR;157259;2026-05-13;http://www.rad.cvm.gov.br/ENETCONSULTA/frmDownloadDocumento.aspx?CodigoInstituicao=1&NumeroSequencialDocumento=157259
00.776.574/0001-56;2026-03-31;1;AMERICANAS S.A. - EM RECUPERAÇÃO JUDICIAL;020990;ITR;157319;2026-05-13;http://www.rad.cvm.gov.br/ENETCONSULTA/frmDownloadDocumento.aspx?CodigoInstituicao=1&NumeroSequencialDocumento=157319
00.864.214/0001-06;2026-03-31;1;ENERGISA S.A.;015253;ITR;157086;2026-05-11;http://www.rad.cvm.gov.br/ENETCONSULTA/frmDownloadDocumento.aspx?CodigoInstituicao=1&NumeroSequencialDocumento=157086
00.873.894/0001-24;2026-03-31;1;LETS RENT A CAR S/A;027383;ITR;157172;2026-05-12;http://www.rad.cvm.gov.br/ENETCONSULTA/frmDownloadDocumento.aspx?CodigoInstituicao=1&NumeroSequencialDocumento=157172
00.897.864/0001-58;2026-03-31;1;SANTA CATARINA PART INVEST SA;015199;ITR;157030;2026-05-11;http://www.rad.cvm.gov.br/ENETCONSULTA/frmDownloadDocumento.aspx?CodigoInstituicao=1&NumeroSequencialDocumento=157030
00.924.429/0001-75;2026-03-31;1;FERROVIA CENTRO-ATLANTICA S.A.;015369;ITR;157315;2026-05-13;http://www.rad.cvm.gov.br/ENETCONSULTA/frmDownloadDocumento.aspx?CodigoInstituicao=1&NumeroSequencialDocumento=157315
00.938.574/0001-05;2026-03-31;1;CONC RIO-TERESOPOLIS S.A.;019208;ITR;156594;2026-05-04;http://www.rad.cvm.gov.br/ENETCONSULTA/frmDownloadDocumento.aspx?CodigoInstituicao=1&NumeroSequencialDocumento=156594
00.974.211/0001-25;2026-03-31;1;LINHA AMARELA S.A. - LAMSA;024937;ITR;157299;2026-05-13;http://www.rad.cvm.gov.br/ENETCONSULTA/frmDownloadDocumento.aspx?CodigoInstituicao=1&NumeroSequencialDocumento=157299
00.979.969/0001-56;2026-03-31;1;CAIXA ADM DIV PUB ESTADUAL SA;015717;ITR;156811;2026-05-07;http://www.rad.cvm.gov.br/ENETCONSULTA/frmDownloadDocumento.aspx?CodigoInstituicao=1&NumeroSequencialDocumento=156811
01.027.058/0001-91;2026-03-31;1;CIELO S.A. -  INSTITUIÇÃO DE PAGAMENTO;021733;ITR;157624;2026-05-15;http://www.rad.cvm.gov.br/ENETCONSULTA/frmDownloadDocumento.aspx?CodigoInstituicao=1&NumeroSequencialDocumento=157624
01.083.200/0001-18;2026-03-31;1;NEOENERGIA S.A.;015539;ITR;156454;2026-04-28;http://www.rad.cvm.gov.br/ENETCONSULTA/frmDownloadDocumento.aspx?CodigoInstituicao=1&NumeroSequencialDocumento=156454
01.083.200/0001-18;2026-06-30;1;NEOENERGIA S.A.;015539;ITR;159600;2026-07-21;http://www.rad.cvm.gov.br/ENETCONSULTA/frmDownloadDocumento.aspx?CodigoInstituicao=1&NumeroSequencialDocumento=159600
01.258.944/0001-26;2026-03-31;1;RUMO MALHA SUL S.A.;015709;ITR;157431;2026-05-14;http://www.rad.cvm.gov.br/ENETCONSULTA/frmDownloadDocumento.aspx?CodigoInstituicao=1&NumeroSequencialDocumento=157431
01.319.044/0001-41;2026-03-31;1;WTC AMAZONAS SUITE HOTEL S.A.;015741;ITR;157684;2026-05-18;http://www.rad.cvm.gov.br/ENETCONSULTA/frmDownloadDocumento.aspx?CodigoInstituicao=1&NumeroSequencialDocumento=157684
01.417.222/0001-77;2026-03-31;1;MRS LOGISTICA S.A.;017949;ITR;157270;2026-05-13;http://www.rad.cvm.gov.br/ENETCONSULTA/frmDownloadDocumento.aspx?CodigoInstituicao=1&NumeroSequencialDocumento=157270
01.543.032/0001-04;2026-03-31;1;EQUATORIAL GOIÁS DISTRIBUIDORA DE ENERGIA S.A.;025577;ITR;157285;2026-05-13;http://www.rad.cvm.gov.br/ENETCONSULTA/frmDownloadDocumento.aspx?CodigoInstituicao=1&NumeroSequencialDocumento=157285
01.545.826/0001-07;2026-03-31;1;GAFISA S.A.;016101;ITR;157481;2026-05-14;http://www.rad.cvm.gov.br/ENETCONSULTA/frmDownloadDocumento.aspx?CodigoInstituicao=1&NumeroSequencialDocumento=157481
01.548.981/0001-79;2026-03-31;1;INVESTIMENTOS BEMGE S.A.;006041;ITR;156975;2026-05-08;http://www.rad.cvm.gov.br/ENETCONSULTA/frmDownloadDocumento.aspx?CodigoInstituicao=1&NumeroSequencialDocumento=156975
01.599.101/0001-93;2026-03-31;1;SEQUOIA LOGÍSTICA E TRANSPORTES S.A.;025160;ITR;159285;2026-06-30;http://www.rad.cvm.gov.br/ENETCONSULTA/frmDownloadDocumento.aspx?CodigoInstituicao=1&NumeroSequencialDocumento=159285
01.616.929/0001-02;2026-03-31;1;SANEAMENTO DE GOIAS SA;019186;ITR;157426;2026-05-14;http://www.rad.cvm.gov.br/ENETCONSULTA/frmDownloadDocumento.aspx?CodigoInstituicao=1&NumeroSequencialDocumento=157426
01.637.895/0001-32;2026-03-31;1;VOTORANTIM CIMENTOS S.A.;027189;ITR;157247;2026-05-13;http://www.rad.cvm.gov.br/ENETCONSULTA/frmDownloadDocumento.aspx?CodigoInstituicao=1&NumeroSequencialDocumento=157247
01.838.723/0001-27;2026-03-31;1;BRF S.A.;016292;ITR;157394;2026-05-14;http://www.rad.cvm.gov.br/ENETCONSULTA/frmDownloadDocumento.aspx?CodigoInstituicao=1&NumeroSequencialDocumento=157394
01.851.771/0001-55;2026-03-31;1;524 PARTICIPACOES S.A.;016284;ITR;157411;2026-05-14;http://www.rad.cvm.gov.br/ENETCONSULTA/frmDownloadDocumento.aspx?CodigoInstituicao=1&NumeroSequencialDocumento=157411
01.896.779/0001-38;2026-03-31;1;CSU DIGITAL S.A.;020044;ITR;156736;2026-05-06;http://www.rad.cvm.gov.br/ENETCONSULTA/frmDownloadDocumento.aspx?CodigoInstituicao=1&NumeroSequencialDocumento=156736
01.917.818/0001-36;2026-03-31;1;LIGHT ENERGIA S.A.;023000;ITR;157465;2026-05-14;http://www.rad.cvm.gov.br/ENETCONSULTA/frmDownloadDocumento.aspx?CodigoInstituicao=1&NumeroSequencialDocumento=157465
01.938.783/0001-11;2026-03-31;1;CIA PARTICIPACOES ALIANCA DA BAHIA;018708;ITR;157614;2026-05-15;http://www.rad.cvm.gov.br/ENETCONSULTA/frmDownloadDocumento.aspx?CodigoInstituicao=1&NumeroSequencialDocumento=157614
01.957.772/0001-89;2026-03-31;1;SUL 116 PARTICIPAÇÕES S.A. - EM LIQUIDAÇÃO;016438;ITR;157622;2026-05-15;http://www.rad.cvm.gov.br/ENETCONSULTA/frmDownloadDocumento.aspx?CodigoInstituicao=1&NumeroSequencialDocumento=157622
01.989.044/0001-59;2026-03-31;1;WTC RIO EMPREEND. E PARTICIPAÇÕES S.A.;016551;ITR;157528;2026-05-15;http://www.rad.cvm.gov.br/ENETCONSULTA/frmDownloadDocumento.aspx?CodigoInstituicao=1&NumeroSequencialDocumento=157528
02.016.440/0001-62;2026-03-31;1;RGE SUL DISTRIBUIDORA DE ENERGIA S.A.;016527;ITR;157452;2026-05-14;http://www.rad.cvm.gov.br/ENETCONSULTA/frmDownloadDocumento.aspx?CodigoInstituicao=1&NumeroSequencialDocumento=157452
02.016.507/0001-69;2026-03-31;1;AXIA ENERGIA SUL S.A.;027480;ITR;156726;2026-05-06;http://www.rad.cvm.gov.br/ENETCONSULTA/frmDownloadDocumento.aspx?CodigoInstituicao=1&NumeroSequencialDocumento=156726
02.041.460/0001-93;2026-03-31;1;V. TAL - REDE NEUTRA DE TELECOMUNICAÇÕES S.A.;027022;ITR;157650;2026-05-15;http://www.rad.cvm.gov.br/ENETCONSULTA/frmDownloadDocumento.aspx?CodigoInstituicao=1&NumeroSequencialDocumento=157650
02.062.747/0001-08;2026-03-31;1;SUDESTE S.A.;016586;ITR;157429;2026-05-14;http://www.rad.cvm.gov.br/ENETCONSULTA/frmDownloadDocumento.aspx?CodigoInstituicao=1&NumeroSequencialDocumento=157429
02.062.747/0001-08;2026-03-31;2;SUDESTE S.A.;016586;ITR;157433;2026-05-14;http://www.rad.cvm.gov.br/ENETCONSULTA/frmDownloadDocumento.aspx?CodigoInstituicao=1&NumeroSequencialDocumento=157433
02.149.205/0001-69;2026-03-31;1;PORTO SEGURO S.A.;016659;ITR;156787;2026-05-07;http://www.rad.cvm.gov.br/ENETCONSULTA/frmDownloadDocumento.aspx?CodigoInstituicao=1&NumeroSequencialDocumento=156787
02.149.205/0001-69;2026-03-31;2;PORTO SEGURO S.A.;016659;ITR;157596;2026-05-15;http://www.rad.cvm.gov.br/ENETCONSULTA/frmDownloadDocumento.aspx?CodigoInstituicao=1&NumeroSequencialDocumento=157596
02.171.304/0001-47;2026-03-31;1;FGR INCORPORAÇÕES S.A.;028010;ITR;157663;2026-05-15;http://www.rad.cvm.gov.br/ENETCONSULTA/frmDownloadDocumento.aspx?CodigoInstituicao=1&NumeroSequencialDocumento=157663
02.193.750/0001-52;2026-03-31;1;DEXXOS PARTICIPAÇÕES S.A.;016632;ITR;157082;2026-05-11;http://www.rad.cvm.gov.br/ENETCONSULTA/frmDownloadDocumento.aspx?CodigoInstituicao=1&NumeroSequencialDocumento=157082
02.201.787/0001-85;2026-03-31;1;CEL PARTICIPAÇÕES S.A. - CELPAR;016675;ITR;157516;2026-05-15;http://www.rad.cvm.gov.br/ENETCONSULTA/frmDownloadDocumento.aspx?CodigoInstituicao=1&NumeroSequencialDocumento=157516
02.255.187/0001-08;2026-03-31;1;UNIFIQUE TELECOMUNICAÇÕES S.A.;026050;ITR;157289;2026-05-13;http://www.rad.cvm.gov.br/ENETCONSULTA/frmDownloadDocumento.aspx?CodigoInstituicao=1&NumeroSequencialDocumento=157289
02.258.422/0001-97;2026-03-31;1;INEPAR EQUIPAMENTOS E MONTAGENS S/A - EM RECUPERACAO JUDICIA;017868;ITR;157569;2026-05-15;http://www.rad.cvm.gov.br/ENETCONSULTA/frmDownloadDocumento.aspx?CodigoInstituicao=1&NumeroSequencialDocumento=157569
02.281.836/0001-37;2026-03-31;1;TRANSNORDESTINA LOGISTICA SA;020443;ITR;157510;2026-05-15;http://www.rad.cvm.gov.br/ENETCONSULTA/frmDownloadDocumento.aspx?CodigoInstituicao=1&NumeroSequencialDocumento=157510
02.281.836/0001-37;2026-03-31;2;TRANSNORDESTINA LOGISTICA SA;020443;ITR;159269;2026-06-30;http://www.rad.cvm.gov.br/ENETCONSULTA/frmDownloadDocumento.aspx?CodigoInstituicao=1&NumeroSequencialDocumento=159269
02.286.479/0001-08;2026-03-31;1;LOCALIZA FLEET S.A.;024813;ITR;157303;2026-05-13;http://www.rad.cvm.gov.br/ENETCONSULTA/frmDownloadDocumento.aspx?CodigoInstituicao=1&NumeroSequencialDocumento=157303
02.291.077/0001-93;2026-03-31;1;PRODUTORES ENERGET.DE MANSO S.A.- PROMAN;019232;ITR;157027;2026-05-11;http://www.rad.cvm.gov.br/ENETCONSULTA/frmDownloadDocumento.aspx?CodigoInstituicao=1&NumeroSequencialDocumento=157027
02.302.100/0001-06;2026-03-31;1;EDP SÃO PAULO DISTRIBUIÇÃO DE ENERGIA S.A.;016985;ITR;156768;2026-05-06;http://www.rad.cvm.gov.br/ENETCONSULTA/frmDownloadDocumento.aspx?CodigoInstituicao=1&NumeroSequencialDocumento=156768
02.302.100/0001-06;2026-06-30;1;EDP SÃO PAULO DISTRIBUIÇÃO DE ENERGIA S.A.;016985;ITR;159736;2026-07-28;http://www.rad.cvm.gov.br/ENETCONSULTA/frmDownloadDocumento.aspx?CodigoInstituicao=1&NumeroSequencialDocumento=159736
02.302.101/0001-42;2026-03-31;1;EMAE - EMPRESA METROP. DE AGUAS E ENERGIA S.A.;016993;ITR;158388;2026-05-29;http://www.rad.cvm.gov.br/ENETCONSULTA/frmDownloadDocumento.aspx?CodigoInstituicao=1&NumeroSequencialDocumento=158388
02.328.280/0001-97;2026-03-31;1;ELEKTRO REDES S.A.;017485;ITR;156451;2026-04-28;http://www.rad.cvm.gov.br/ENETCONSULTA/frmDownloadDocumento.aspx?CodigoInstituicao=1&NumeroSequencialDocumento=156451
02.328.280/0001-97;2026-06-30;1;ELEKTRO REDES S.A.;017485;ITR;159601;2026-07-21;http://www.rad.cvm.gov.br/ENETCONSULTA/frmDownloadDocumento.aspx?CodigoInstituicao=1&NumeroSequencialDocumento=159601
02.338.534/0001-58;2026-03-31;1;LONGDIS S.A.;017434;ITR;157495;2026-05-15;http://www.rad.cvm.gov.br/ENETCONSULTA/frmDownloadDocumento.aspx?CodigoInstituicao=1&NumeroSequencialDocumento=157495
02.351.144/0001-18;2026-03-31;1;TEGMA GESTAO LOGISTICA S.A.;020800;ITR;156565;2026-05-04;http://www.rad.cvm.gov.br/ENETCONSULTA/frmDownloadDocumento.aspx?CodigoInstituicao=1&NumeroSequencialDocumento=156565
02.351.877/0001-52;2026-03-31;1;LWSA S/A;024910;ITR;156891;2026-05-07;http://www.rad.cvm.gov.br/ENETCONSULTA/frmDownloadDocumento.aspx?CodigoInstituicao=1&NumeroSequencialDocumento=156891
02.357.251/0001-53;2026-03-31;1;LIFEMED INDUSTRIAL DE EQUIP. E ART. MEDICOS E HOSP. S.A;024872;ITR;157509;2026-05-15;http://www.rad.cvm.gov.br/ENETCONSULTA/frmDownloadDocumento.aspx?CodigoInstituicao=1&NumeroSequencialDocumento=157509
02.365.069/0001-44;2026-03-31;1;PADTEC HOLDING S.A.;018414;ITR;156770;2026-05-06;http://www.rad.cvm.gov.br/ENETCONSULTA/frmDownloadDocumento.aspx?CodigoInstituicao=1&NumeroSequencialDocumento=156770
02.382.073/0001-10;2026-03-31;1;PROLAGOS S/A - CONC.DE SERVICOS PÚBLICOS DE ÁGUA E ESGOTO;023469;ITR;156970;2026-05-08;http://www.rad.cvm.gov.br/ENETCONSULTA/frmDownloadDocumento.aspx?CodigoInstituicao=1&NumeroSequencialDocumento=156970
02.387.241/0001-60;2026-03-31;1;RUMO S.A.;017450;ITR;156848;2026-05-07;http://www.rad.cvm.gov.br/ENETCONSULTA/frmDownloadDocumento.aspx?CodigoInstituicao=1&NumeroSequencialDocumento=156848
02.421.421/0001-11;2026-03-31;1;TIM S.A.;024929;ITR;156650;2026-05-05;http://www.rad.cvm.gov.br/ENETCONSULTA/frmDownloadDocumento.aspx?CodigoInstituicao=1&NumeroSequencialDocumento=156650
02.421.421/0001-11;2026-06-30;1;TIM S.A.;024929;ITR;159696;2026-07-27;http://www.rad.cvm.gov.br/ENETCONSULTA/frmDownloadDocumento.aspx?CodigoInstituicao=1&NumeroSequencialDocumento=159696
02.429.144/0001-93;2026-03-31;1;CPFL ENERGIA S.A.;018660;ITR;157447;2026-05-14;http://www.rad.cvm.gov.br/ENETCONSULTA/frmDownloadDocumento.aspx?CodigoInstituicao=1&NumeroSequencialDocumento=157447
02.451.848/0001-62;2026-03-31;1;CONC SIST ANHANG-BANDEIRANT S.A. AUTOBAN;020192;ITR;157167;2026-05-12;http://www.rad.cvm.gov.br/ENETCONSULTA/frmDownloadDocumento.aspx?CodigoInstituicao=1&NumeroSequencialDocumento=157167
02.474.103/0001-19;2026-03-31;1;ENGIE BRASIL ENERGIA S.A.;017329;ITR;156890;2026-05-07;http://www.rad.cvm.gov.br/ENETCONSULTA/frmDownloadDocumento.aspx?CodigoInstituicao=1&NumeroSequencialDocumento=156890
02.502.844/0001-66;2026-03-31;1;RUMO MALHA PAULISTA S.A.;017930;ITR;157424;2026-05-14;http://www.rad.cvm.gov.br/ENETCONSULTA/frmDownloadDocumento.aspx?CodigoInstituicao=1&NumeroSequencialDocumento=157424
02.509.491/0001-26;2026-03-31;1;CONC ECOVIAS IMIGRANTES S.A.;020397;ITR;156861;2026-05-07;http://www.rad.cvm.gov.br/ENETCONSULTA/frmDownloadDocumento.aspx?CodigoInstituicao=1&NumeroSequencialDocumento=156861
02.509.491/0001-26;2026-06-30;1;CONC ECOVIAS IMIGRANTES S.A.;020397;ITR;159828;2026-07-30;http://www.rad.cvm.gov.br/ENETCONSULTA/frmDownloadDocumento.aspx?CodigoInstituicao=1&NumeroSequencialDocumento=159828
02.536.066/0001-26;2026-03-31;1;VITAL ENGENHARIA AMBIENTAL S.A.;027510;ITR;157323;2026-05-13;http://www.rad.cvm.gov.br/ENETCONSULTA/frmDownloadDocumento.aspx?CodigoInstituicao=1&NumeroSequencialDocumento=157323
02.558.157/0001-62;2026-03-31;1;TELEFÔNICA BRASIL S.A;017671;ITR;157013;2026-05-11;http://www.rad.cvm.gov.br/ENETCONSULTA/frmDownloadDocumento.aspx?CodigoInstituicao=1&NumeroSequencialDocumento=157013
02.558.157/0001-62;2026-06-30;1;TELEFÔNICA BRASIL S.A;017671;ITR;159694;2026-07-27;http://www.rad.cvm.gov.br/ENETCONSULTA/frmDownloadDocumento.aspx?CodigoInstituicao=1&NumeroSequencialDocumento=159694
02.560.878/0001-07;2026-03-31;1;HOSPITAL ANCHIETA S.A.;026468;ITR;157940;2026-05-25;http://www.rad.cvm.gov.br/ENETCONSULTA/frmDownloadDocumento.aspx?CodigoInstituicao=1&NumeroSequencialDocumento=157940
02.591.787/0001-39;2026-03-31;1;CAPITALPART PARTICIPACOES S.A.;017493;ITR;157274;2026-05-13;http://www.rad.cvm.gov.br/ENETCONSULTA/frmDownloadDocumento.aspx?CodigoInstituicao=1&NumeroSequencialDocumento=157274
02.600.854/0001-34;2026-03-31;1;TIM BRASIL SERVIÇOS E PARTICIPAÇÕES S.A.;027090;ITR;156657;2026-05-05;http://www.rad.cvm.gov.br/ENETCONSULTA/frmDownloadDocumento.aspx?CodigoInstituicao=1&NumeroSequencialDocumento=156657
02.600.854/0001-34;2026-06-30;1;TIM BRASIL SERVIÇOS E PARTICIPAÇÕES S.A.;027090;ITR;159731;2026-07-28;http://www.rad.cvm.gov.br/ENETCONSULTA/frmDownloadDocumento.aspx?CodigoInstituicao=1&NumeroSequencialDocumento=159731
02.762.121/0001-04;2026-03-31;1;SANTOS BRASIL PARTICIPACOES S.A.;017892;ITR;157160;2026-05-12;http://www.rad.cvm.gov.br/ENETCONSULTA/frmDownloadDocumento.aspx?CodigoInstituicao=1&NumeroSequencialDocumento=157160
02.762.124/0001-30;2026-03-31;1;BETAPART PARTICIPACOES S.A.;017884;ITR;157423;2026-05-14;http://www.rad.cvm.gov.br/ENETCONSULTA/frmDownloadDocumento.aspx?CodigoInstituicao=1&NumeroSequencialDocumento=157423
02.796.775/0001-40;2026-03-31;1;GAMA PARTICIPACOES S.A.;017965;ITR;157503;2026-05-15;http://www.rad.cvm.gov.br/ENETCONSULTA/frmDownloadDocumento.aspx?CodigoInstituicao=1&NumeroSequencialDocumento=157503
02.800.026/0001-40;2026-03-31;1;COGNA EDUCAÇÃO S.A.;017973;ITR;156721;2026-05-06;http://www.rad.cvm.gov.br/ENETCONSULTA/frmDownloadDocumento.aspx?CodigoInstituicao=1&NumeroSequencialDocumento=156721
02.846.056/0001-97;2026-03-31;1;MOTIVA INFRAESTRUTURA DE MOBILIDADE S.A.;018821;ITR;156484;2026-04-29;http://www.rad.cvm.gov.br/ENETCONSULTA/frmDownloadDocumento.aspx?CodigoInstituicao=1&NumeroSequencialDocumento=156484
02.846.056/0001-97;2026-06-30;1;MOTIVA INFRAESTRUTURA DE MOBILIDADE S.A.;018821;ITR;159773;2026-07-29;http://www.rad.cvm.gov.br/ENETCONSULTA/frmDownloadDocumento.aspx?CodigoInstituicao=1&NumeroSequencialDocumento=159773
02.860.694/0001-62;2026-03-31;1;T4F ENTRETENIMENTO S.A.;022454;ITR;157347;2026-05-14;http://www.rad.cvm.gov.br/ENETCONSULTA/frmDownloadDocumento.aspx?CodigoInstituicao=1&NumeroSequencialDocumento=157347
02.916.265/0001-60;2026-03-31;1;JBS S.A.;020575;ITR;157186;2026-05-12;http://www.rad.cvm.gov.br/ENETCONSULTA/frmDownloadDocumento.aspx?CodigoInstituicao=1&NumeroSequencialDocumento=157186
02.919.555/0001-67;2026-03-31;1;ARTERIS S.A.;019771;ITR;157468;2026-05-14;http://www.rad.cvm.gov.br/ENETCONSULTA/frmDownloadDocumento.aspx?CodigoInstituicao=1&NumeroSequencialDocumento=157468
02.932.074/0001-91;2026-03-31;1;HYPERA S.A.;021431;ITR;156447;2026-04-28;http://www.rad.cvm.gov.br/ENETCONSULTA/frmDownloadDocumento.aspx?CodigoInstituicao=1&NumeroSequencialDocumento=156447
02.950.811/0001-89;2026-03-31;1;PDG REALTY S.A. EMPREEND E PARTICIPACOES;020478;ITR;157598;2026-05-15;http://www.rad.cvm.gov.br/ENETCONSULTA/frmDownloadDocumento.aspx?CodigoInstituicao=1&NumeroSequencialDocumento=157598
02.992.449/0001-09;2026-03-31;1;PROMPT PARTICIPACOES S.A.;018333;ITR;157480;2026-05-14;http://www.rad.cvm.gov.br/ENETCONSULTA/frmDownloadDocumento.aspx?CodigoInstituicao=1&NumeroSequencialDocumento=157480
02.998.301/0001-81;2026-03-31;1;RIO PARANAPANEMA ENERGIA S.A.;018368;ITR;157471;2026-05-14;http://www.rad.cvm.gov.br/ENETCONSULTA/frmDownloadDocumento.aspx?CodigoInstituicao=1&NumeroSequencialDocumento=157471
02.998.611/0001-04;2026-03-31;1;ISA ENERGIA BRASIL;018376;ITR;156575;2026-05-04;http://www.rad.cvm.gov.br/ENETCONSULTA/frmDownloadDocumento.aspx?CodigoInstituicao=1&NumeroSequencialDocumento=156575
03.014.553/0001-91;2026-03-31;1;TPI - TRIUNFO PARTICIP. E INVEST. S.A.;019330;ITR;157659;2026-05-15;http://www.rad.cvm.gov.br/ENETCONSULTA/frmDownloadDocumento.aspx?CodigoInstituicao=1&NumeroSequencialDocumento=157659
03.025.305/0001-46;2026-03-31;1;RODOVIAS DAS COLINAS S.A.;023167;ITR;157661;2026-05-15;http://www.rad.cvm.gov.br/ENETCONSULTA/frmDownloadDocumento.aspx?CodigoInstituicao=1&NumeroSequencialDocumento=157661
03.207.703/0001-83;2026-03-31;1;CONCESSIONARIA DE RODOVIAS DO INTERIOR PAULISTA S/A;021849;ITR;157476;2026-05-14;http://www.rad.cvm.gov.br/ENETCONSULTA/frmDownloadDocumento.aspx?CodigoInstituicao=1&NumeroSequencialDocumento=157476
03.220.438/0001-73;2026-03-31;1;EQUATORIAL S.A.;020010;ITR;157279;2026-05-13;http://www.rad.cvm.gov.br/ENETCONSULTA/frmDownloadDocumento.aspx?CodigoInstituicao=1&NumeroSequencialDocumento=157279
03.279.285/0001-30;2026-03-31;1;ORIZON MEIO AMBIENTE S.A.;027049;ITR;157486;2026-05-14;http://www.rad.cvm.gov.br/ENETCONSULTA/frmDownloadDocumento.aspx?CodigoInstituicao=1&NumeroSequencialDocumento=157486
03.303.999/0001-36;2026-03-31;1;DTCOM - DIRECT TO COMPANY S.A.;018597;ITR;157556;2026-05-15;http://www.rad.cvm.gov.br/ENETCONSULTA/frmDownloadDocumento.aspx?CodigoInstituicao=1&NumeroSequencialDocumento=157556
03.342.704/0001-30;2026-03-31;1;PETRORECÔNCAVO S.A.;025780;ITR;156877;2026-05-07;http://www.rad.cvm.gov.br/ENETCONSULTA/frmDownloadDocumento.aspx?CodigoInstituicao=1&NumeroSequencialDocumento=156877
03.378.521/0001-75;2026-03-31;1;LIGHT S.A. - EM RECUPERAÇÃO JUDICIAL;019879;ITR;157462;2026-05-14;http://www.rad.cvm.gov.br/ENETCONSULTA/frmDownloadDocumento.aspx?CodigoInstituicao=1&NumeroSequencialDocumento=157462
03.467.321/0001-99;2026-03-31;1;ENERGISA MATO GROSSO-DISTRIBUIDORA DE ENERGIA S/A;014605;ITR;157074;2026-05-11;http://www.rad.cvm.gov.br/ENETCONSULTA/frmDownloadDocumento.aspx?CodigoInstituicao=1&NumeroSequencialDocumento=157074
03.538.833/0001-07;2026-03-31;1;XX DE NOVEMBRO INVESTIMENTOS E PARTICIPAÇÕES S.A.;020001;ITR;157514;2026-05-15;http://www.rad.cvm.gov.br/ENETCONSULTA/frmDownloadDocumento.aspx?CodigoInstituicao=1&NumeroSequencialDocumento=157514
03.758.318/0001-24;2026-03-31;1;INVESTIMENTOS E PARTICIP. EM INFRA S.A. - INVEPAR;018775;ITR;157207;2026-05-12;http://www.rad.cvm.gov.br/ENETCONSULTA/frmDownloadDocumento.aspx?CodigoInstituicao=1&NumeroSequencialDocumento=157207
03.847.461/0001-92;2026-03-31;1;BRADESPAR S.A.;018724;ITR;157348;2026-05-14;http://www.rad.cvm.gov.br/ENETCONSULTA/frmDownloadDocumento.aspx?CodigoInstituicao=1&NumeroSequencialDocumento=157348
03.853.896/0001-40;2026-03-31;1;MARFRIG GLOBAL FOODS S.A.;020788;ITR;157396;2026-05-14;http://www.rad.cvm.gov.br/ENETCONSULTA/frmDownloadDocumento.aspx?CodigoInstituicao=1&NumeroSequencialDocumento=157396
03.983.431/0001-03;2026-03-31;1;EDP - ENERGIAS DO BRASIL S.A.;019763;ITR;156765;2026-05-06;http://www.rad.cvm.gov.br/ENETCONSULTA/frmDownloadDocumento.aspx?CodigoInstituicao=1&NumeroSequencialDocumento=156765
03.983.431/0001-03;2026-06-30;1;EDP - ENERGIAS DO BRASIL S.A.;019763;ITR;159734;2026-07-28;http://www.rad.cvm.gov.br/ENETCONSULTA/frmDownloadDocumento.aspx?CodigoInstituicao=1&NumeroSequencialDocumento=159734
04.030.182/0001-02;2026-03-31;1;CABINDA PARTICIPACOES S.A.;019119;ITR;156987;2026-05-08;http://www.rad.cvm.gov.br/ENETCONSULTA/frmDownloadDocumento.aspx?CodigoInstituicao=1&NumeroSequencialDocumento=156987
04.031.213/0001-31;2026-03-31;1;CACONDE PARTICIPACOES S.A.;019135;ITR;156993;2026-05-08;http://www.rad.cvm.gov.br/ENETCONSULTA/frmDownloadDocumento.aspx?CodigoInstituicao=1&NumeroSequencialDocumento=156993
04.032.433/0001-80;2026-03-31;1;CONTAX PARTICIPAÇÕES S.A. - EM RECUPERAÇÃO JUDICIAL;019100;ITR;157645;2026-05-15;http://www.rad.cvm.gov.br/ENETCONSULTA/frmDownloadDocumento.aspx?CodigoInstituicao=1&NumeroSequencialDocumento=157645
04.038.763/0001-82;2026-03-31;1;CAIANDA PARTICIPACOES S.A.;019097;ITR;156996;2026-05-08;http://www.rad.cvm.gov.br/ENETCONSULTA/frmDownloadDocumento.aspx?CodigoInstituicao=1&NumeroSequencialDocumento=156996
04.065.053/0001-41;2026-03-31;1;BRZ EMPREENDIMENTOS E CONSTRUÇÕES S.A.;027391;ITR;157602;2026-05-15;http://www.rad.cvm.gov.br/ENETCONSULTA/frmDownloadDocumento.aspx?CodigoInstituicao=1&NumeroSequencialDocumento=157602
04.069.709/0001-02;2026-03-31;1;BIONEXO S.A.;025925;ITR;157654;2026-05-15;http://www.rad.cvm.gov.br/ENETCONSULTA/frmDownloadDocumento.aspx?CodigoInstituicao=1&NumeroSequencialDocumento=157654
04.089.570/0001-50;2026-03-31;1;ÁGUAS GUARIROBA S.A;023442;ITR;156969;2026-05-08;http://www.rad.cvm.gov.br/ENETCONSULTA/frmDownloadDocumento.aspx?CodigoInstituicao=1&NumeroSequencialDocumento=156969
04.149.454/0001-80;2026-03-31;1;ECORODOVIAS INFRAESTRUTURA E LOGÍSTICA S.A.;019453;ITR;156859;2026-05-07;http://www.rad.cvm.gov.br/ENETCONSULTA/frmDownloadDocumento.aspx?CodigoInstituicao=1&NumeroSequencialDocumento=156859
04.149.454/0001-80;2026-06-30;1;ECORODOVIAS INFRAESTRUTURA E LOGÍSTICA S.A.;019453;ITR;159824;2026-07-30;http://www.rad.cvm.gov.br/ENETCONSULTA/frmDownloadDocumento.aspx?CodigoInstituicao=1&NumeroSequencialDocumento=159824
04.172.213/0001-51;2026-03-31;1;CIA PIRATININGA DE FORCA E LUZ;019275;ITR;157451;2026-05-14;http://www.rad.cvm.gov.br/ENETCONSULTA/frmDownloadDocumento.aspx?CodigoInstituicao=1&NumeroSequencialDocumento=157451
04.212.396/0001-91;2026-03-31;1;VOKE S.A.;027324;ITR;157638;2026-05-15;http://www.rad.cvm.gov.br/ENETCONSULTA/frmDownloadDocumento.aspx?CodigoInstituicao=1&NumeroSequencialDocumento=157638
04.368.898/0001-06;2026-03-31;1;COPEL DISTRIBUIÇÃO S.A.;026808;ITR;156653;2026-05-05;http://www.rad.cvm.gov.br/ENETCONSULTA/frmDownloadDocumento.aspx?CodigoInstituicao=1&NumeroSequencialDocumento=156653
04.370.282/0001-70;2026-03-31;1;COPEL GERAÇÃO E TRANSMISSÃO S.A.;024740;ITR;156652;2026-05-05;http://www.rad.cvm.gov.br/ENETCONSULTA/frmDownloadDocumento.aspx?CodigoInstituicao=1&NumeroSequencialDocumento=156652
04.423.567/0001-21;2026-03-31;1;ENEVA S.A;021237;ITR;157293;2026-05-13;http://www.rad.cvm.gov.br/ENETCONSULTA/frmDownloadDocumento.aspx?CodigoInstituicao=1&NumeroSequencialDocumento=157293
04.601.397/0001-28;2026-03-31;1;BRISANET SERVIÇOS DE TELECOMUNICAÇÕES S.A.;027693;ITR;157173;2026-05-12;http://www.rad.cvm.gov.br/ENETCONSULTA/frmDownloadDocumento.aspx?CodigoInstituicao=1&NumeroSequencialDocumento=157173
04.626.426/0001-06;2026-03-31;1;BTG PACTUAL COMMODITIES SERTRADING S.A.;027774;ITR;157047;2026-05-11;http://www.rad.cvm.gov.br/ENETCONSULTA/frmDownloadDocumento.aspx?CodigoInstituicao=1&NumeroSequencialDocumento=157047
04.739.720/0001-24;2026-03-31;1;USINA TERMELÉTRICA PAMPA SUL S.A.;024945;ITR;157455;2026-05-14;http://www.rad.cvm.gov.br/ENETCONSULTA/frmDownloadDocumento.aspx?CodigoInstituicao=1&NumeroSequencialDocumento=157455
04.752.991/0001-10;2026-03-31;1;BIOMM S.A.;019305;ITR;157597;2026-05-15;http://www.rad.cvm.gov.br/ENETCONSULTA/frmDownloadDocumento.aspx?CodigoInstituicao=1&NumeroSequencialDocumento=157597
04.821.041/0001-08;2026-03-31;1;METALFRIO SOLUTIONS S.A.;020613;ITR;157594;2026-05-15;http://www.rad.cvm.gov.br/ENETCONSULTA/frmDownloadDocumento.aspx?CodigoInstituicao=1&NumeroSequencialDocumento=157594
04.895.728/0001-80;2026-03-31;1;EQUATORIAL PARÁ DISTRIBUIDORA DE ENERGIA S.A.;018309;ITR;157281;2026-05-13;http://www.rad.cvm.gov.br/ENETCONSULTA/frmDownloadDocumento.aspx?CodigoInstituicao=1&NumeroSequencialDocumento=157281
04.902.979/0001-44;2026-03-31;1;BCO AMAZONIA S.A.;000922;ITR;157673;2026-05-15;http://www.rad.cvm.gov.br/ENETCONSULTA/frmDownloadDocumento.aspx?CodigoInstituicao=1&NumeroSequencialDocumento=157673
04.912.242/0001-02;2026-03-31;1;PORTUENSE FERRAGENS S/A;009717;ITR;156682;2026-05-06;http://www.rad.cvm.gov.br/ENETCONSULTA/frmDownloadDocumento.aspx?CodigoInstituicao=1&NumeroSequencialDocumento=156682
04.913.711/0001-08;2026-03-31;1;BCO ESTADO DO PARA S.A.;001171;ITR;157507;2026-05-15;http://www.rad.cvm.gov.br/ENETCONSULTA/frmDownloadDocumento.aspx?CodigoInstituicao=1&NumeroSequencialDocumento=157507
04.972.092/0001-22;2026-03-31;1;GRUPO FARTURA DE HORTIFRUT S.A.;026166;ITR;157590;2026-05-15;http://www.rad.cvm.gov.br/ENETCONSULTA/frmDownloadDocumento.aspx?CodigoInstituicao=1&NumeroSequencialDocumento=157590
04.986.320/0001-13;2026-03-31;1;SER EDUCACIONAL S.A.;023221;ITR;157304;2026-05-13;http://www.rad.cvm.gov.br/ENETCONSULTA/frmDownloadDocumento.aspx?CodigoInstituicao=1&NumeroSequencialDocumento=157304
04.992.714/0001-84;2026-03-31;1;NOVA TRANSPORTADORA DO SUDESTE S.A. - NTS;024708;ITR;157311;2026-05-13;http://www.rad.cvm.gov.br/ENETCONSULTA/frmDownloadDocumento.aspx?CodigoInstituicao=1&NumeroSequencialDocumento=157311
05.197.443/0001-38;2026-03-31;1;HAPVIDA PARTICIPAÇÕES E INVESTIMENTOS S.A.;024392;ITR;157076;2026-05-11;http://www.rad.cvm.gov.br/ENETCONSULTA/frmDownloadDocumento.aspx?CodigoInstituicao=1&NumeroSequencialDocumento=157076
05.336.882/0001-84;2026-03-31;1;CACHOEIRA PAULISTA TRANSMISSORA ENERGIA S.A.;022683;ITR;157360;2026-05-14;http://www.rad.cvm.gov.br/ENETCONSULTA/frmDownloadDocumento.aspx?CodigoInstituicao=1&NumeroSequencialDocumento=157360
05.878.397/0001-32;2026-03-31;1;ALLOS S.A.;022357;ITR;156843;2026-05-07;http://www.rad.cvm.gov.br/ENETCONSULTA/frmDownloadDocumento.aspx?CodigoInstituicao=1&NumeroSequencialDocumento=156843
05.917.486/0001-40;2026-03-31;1;LIVETECH DA BAHIA INDÚSTRIA E COMÉRCIO S.A.;025895;ITR;157237;2026-05-12;http://www.rad.cvm.gov.br/ENETCONSULTA/frmDownloadDocumento.aspx?CodigoInstituicao=1&NumeroSequencialDocumento=157237
06.047.087/0001-39;2026-03-31;1;REDE D'OR SÃO LUIZ S.A.;024821;ITR;156740;2026-05-06;http://www.rad.cvm.gov.br/ENETCONSULTA/frmDownloadDocumento.aspx?CodigoInstituicao=1&NumeroSequencialDocumento=156740
06.057.223/0001-71;2026-03-31;1;SENDAS DISTRIBUIDORA S.A.;025372;ITR;156418;2026-04-27;http://www.rad.cvm.gov.br/ENETCONSULTA/frmDownloadDocumento.aspx?CodigoInstituicao=1&NumeroSequencialDocumento=156418
06.267.630/0001-03;2026-03-31;1;COMPANHIA BRASILEIRA DE EDUCAÇÃO E SISTEMA DE ENSINO S.A.;028002;ITR;157345;2026-05-13;http://www.rad.cvm.gov.br/ENETCONSULTA/frmDownloadDocumento.aspx?CodigoInstituicao=1&NumeroSequencialDocumento=157345
06.272.793/0001-84;2026-03-31;1;EQUATORIAL MARANHÃO DISTRIBUIDORA DE ENERGIA S.A.;016608;ITR;157283;2026-05-13;http://www.rad.cvm.gov.br/ENETCONSULTA/frmDownloadDocumento.aspx?CodigoInstituicao=1&NumeroSequencialDocumento=157283
06.347.409/0001-65;2026-03-31;1;SBF COMÉRCIO DE PRODUTOS ESPORTIVOS S.A.;025410;ITR;157080;2026-05-11;http://www.rad.cvm.gov.br/ENETCONSULTA/frmDownloadDocumento.aspx?CodigoInstituicao=1&NumeroSequencialDocumento=157080
06.626.253/0001-51;2026-03-31;1;EMPREENDIMENTOS PAGUE MENOS S.A.;022608;ITR;156577;2026-05-04;http://www.rad.cvm.gov.br/ENETCONSULTA/frmDownloadDocumento.aspx?CodigoInstituicao=1&NumeroSequencialDocumento=156577
06.977.745/0001-91;2026-03-31;1;BR MALLS PARTICIPACOES S.A.;019909;ITR;157458;2026-05-14;http://www.rad.cvm.gov.br/ENETCONSULTA/frmDownloadDocumento.aspx?CodigoInstituicao=1&NumeroSequencialDocumento=157458
06.981.176/0001-58;2026-03-31;1;CEMIG GERACAO E TRANSMISSAO S.A.;020320;ITR;156909;2026-05-07;http://www.rad.cvm.gov.br/ENETCONSULTA/frmDownloadDocumento.aspx?CodigoInstituicao=1&NumeroSequencialDocumento=156909
06.981.180/0001-16;2026-03-31;1;CEMIG DISTRIBUICAO S.A.;020303;ITR;156908;2026-05-07;http://www.rad.cvm.gov.br/ENETCONSULTA/frmDownloadDocumento.aspx?CodigoInstituicao=1&NumeroSequencialDocumento=156908
07.040.108/0001-57;2026-03-31;1;CAGECE - CIA DE AGUA E ESGOTO DO CEARA;018546;ITR;157440;2026-05-14;http://www.rad.cvm.gov.br/ENETCONSULTA/frmDownloadDocumento.aspx?CodigoInstituicao=1&NumeroSequencialDocumento=157440
07.043.628/0001-13;2026-03-31;1;CLARO TELECOM PARTICIPAÇÕES S.A.;023531;ITR;156385;2026-04-24;http://www.rad.cvm.gov.br/ENETCONSULTA/frmDownloadDocumento.aspx?CodigoInstituicao=1&NumeroSequencialDocumento=156385
07.043.628/0001-13;2026-06-30;1;CLARO TELECOM PARTICIPAÇÕES S.A.;023531;ITR;159597;2026-07-21;http://www.rad.cvm.gov.br/ENETCONSULTA/frmDownloadDocumento.aspx?CodigoInstituicao=1&NumeroSequencialDocumento=159597
07.047.251/0001-70;2026-03-31;1;CIA ENERGETICA DO CEARA - COELCE;014869;ITR;156497;2026-04-29;http://www.rad.cvm.gov.br/ENETCONSULTA/frmDownloadDocumento.aspx?CodigoInstituicao=1&NumeroSequencialDocumento=156497
07.047.251/0001-70;2026-06-30;1;CIA ENERGETICA DO CEARA - COELCE;014869;ITR;159746;2026-07-28;http://www.rad.cvm.gov.br/ENETCONSULTA/frmDownloadDocumento.aspx?CodigoInstituicao=1&NumeroSequencialDocumento=159746
07.119.838/0001-48;2026-03-31;1;SECME - COMPANHIA SECURITIZADORA DE CRÉDITOS IMOBILIÁRIOS;019720;ITR;157382;2026-05-14;http://www.rad.cvm.gov.br/ENETCONSULTA/frmDownloadDocumento.aspx?CodigoInstituicao=1&NumeroSequencialDocumento=157382
07.206.816/0001-15;2026-03-31;1;M.DIAS BRANCO S.A. IND COM DE ALIMENTOS;020338;ITR;156889;2026-05-07;http://www.rad.cvm.gov.br/ENETCONSULTA/frmDownloadDocumento.aspx?CodigoInstituicao=1&NumeroSequencialDocumento=156889
07.237.373/0001-20;2026-03-31;1;BCO NORDESTE DO BRASIL S.A.;001228;ITR;157248;2026-05-13;http://www.rad.cvm.gov.br/ENETCONSULTA/frmDownloadDocumento.aspx?CodigoInstituicao=1&NumeroSequencialDocumento=157248
07.253.321/0001-47;2026-03-31;1;CARBOMIL SA MINER. E INDUSTRIA;014168;ITR;157368;2026-05-14;http://www.rad.cvm.gov.br/ENETCONSULTA/frmDownloadDocumento.aspx?CodigoInstituicao=1&NumeroSequencialDocumento=157368
07.275.159/0001-68;2026-03-31;1;PETROLEO LUB DO NORDESTE SA;009520;ITR;156606;2026-05-05;http://www.rad.cvm.gov.br/ENETCONSULTA/frmDownloadDocumento.aspx?CodigoInstituicao=1&NumeroSequencialDocumento=156606
07.275.159/0001-68;2026-06-30;1;PETROLEO LUB DO NORDESTE SA;009520;ITR;159955;2026-07-31;http://www.rad.cvm.gov.br/ENETCONSULTA/frmDownloadDocumento.aspx?CodigoInstituicao=1&NumeroSequencialDocumento=159955
07.282.377/0001-20;2026-03-31;1;ENERGISA SUL-SUDESTE - DISTRIBUIDORA DE ENERGIA S/A;024864;ITR;157088;2026-05-11;http://www.rad.cvm.gov.br/ENETCONSULTA/frmDownloadDocumento.aspx?CodigoInstituicao=1&NumeroSequencialDocumento=157088
07.334.600/0001-35;2026-03-31;1;MARINA DE IRACEMA PARK SA;016268;ITR;156801;2026-05-07;http://www.rad.cvm.gov.br/ENETCONSULTA/frmDownloadDocumento.aspx?CodigoInstituicao=1&NumeroSequencialDocumento=156801
07.401.436/0001-31;2026-03-31;1;ELDORADO BRASIL CELULOSE S.A.;022810;ITR;157672;2026-05-15;http://www.rad.cvm.gov.br/ENETCONSULTA/frmDownloadDocumento.aspx?CodigoInstituicao=1&NumeroSequencialDocumento=157672
07.415.333/0001-20;2026-03-31;1;SIMPAR S.A.;025003;ITR;156903;2026-05-07;http://www.rad.cvm.gov.br/ENETCONSULTA/frmDownloadDocumento.aspx?CodigoInstituicao=1&NumeroSequencialDocumento=156903
07.526.557/0001-00;2026-03-31;1;AMBEV S.A.;023264;ITR;156600;2026-05-05;http://www.rad.cvm.gov.br/ENETCONSULTA/frmDownloadDocumento.aspx?CodigoInstituicao=1&NumeroSequencialDocumento=156600
07.526.557/0001-00;2026-06-30;1;AMBEV S.A.;023264;ITR;159791;2026-07-30;http://www.rad.cvm.gov.br/ENETCONSULTA/frmDownloadDocumento.aspx?CodigoInstituicao=1&NumeroSequencialDocumento=159791
07.594.978/0001-78;2026-03-31;1;SMARTFIT ESCOLA DE GINÁSTICA E DANÇA S.A.;024260;ITR;156723;2026-05-06;http://www.rad.cvm.gov.br/ENETCONSULTA/frmDownloadDocumento.aspx?CodigoInstituicao=1&NumeroSequencialDocumento=156723
07.628.528/0001-59;2026-03-31;1;BRASILAGRO - CIA BRAS DE PROP AGRICOLAS;020036;ITR;156887;2026-05-07;http://www.rad.cvm.gov.br/ENETCONSULTA/frmDownloadDocumento.aspx?CodigoInstituicao=1&NumeroSequencialDocumento=156887
07.636.657/0001-99;2026-03-31;1;AÇO VERDE DO BRASIL S.A;026425;ITR;157213;2026-05-12;http://www.rad.cvm.gov.br/ENETCONSULTA/frmDownloadDocumento.aspx?CodigoInstituicao=1&NumeroSequencialDocumento=157213
07.659.538/0001-51;2026-03-31;1;DINAMICA ENERGIA S.A.;020052;ITR;157148;2026-05-12;http://www.rad.cvm.gov.br/ENETCONSULTA/frmDownloadDocumento.aspx?CodigoInstituicao=1&NumeroSequencialDocumento=157148
07.682.638/0001-07;2026-03-31;1;CONCESSIONÁRIA DA LINHA 4 DO METRÔ DE SÃO PAULO S.A.;027731;ITR;157306;2026-05-13;http://www.rad.cvm.gov.br/ENETCONSULTA/frmDownloadDocumento.aspx?CodigoInstituicao=1&NumeroSequencialDocumento=157306
07.689.002/0001-89;2026-03-31;1;EMBRAER S.A.;020087;ITR;156913;2026-05-08;http://www.rad.cvm.gov.br/ENETCONSULTA/frmDownloadDocumento.aspx?CodigoInstituicao=1&NumeroSequencialDocumento=156913
07.714.104/0001-07;2026-03-31;1;GIGA MAIS FIBRA TELECOMUNICAÇÕES S.A.;027502;ITR;157194;2026-05-12;http://www.rad.cvm.gov.br/ENETCONSULTA/frmDownloadDocumento.aspx?CodigoInstituicao=1&NumeroSequencialDocumento=157194
07.802.794/0001-56;2026-03-31;1;ESSENTIA PCHS S.A.;026158;ITR;157553;2026-05-15;http://www.rad.cvm.gov.br/ENETCONSULTA/frmDownloadDocumento.aspx?CodigoInstituicao=1&NumeroSequencialDocumento=157553
07.816.890/0001-53;2026-03-31;1;MULTIPLAN - EMPREEND IMOBILIARIOS S.A.;020982;ITR;156473;2026-04-29;http://www.rad.cvm.gov.br/ENETCONSULTA/frmDownloadDocumento.aspx?CodigoInstituicao=1&NumeroSequencialDocumento=156473
07.816.890/0001-53;2026-06-30;1;MULTIPLAN - EMPREEND IMOBILIARIOS S.A.;020982;ITR;159814;2026-07-30;http://www.rad.cvm.gov.br/ENETCONSULTA/frmDownloadDocumento.aspx?CodigoInstituicao=1&NumeroSequencialDocumento=159814
07.820.907/0001-46;2026-03-31;1;FICA EMPREENDIMENTOS IMOBILIÁRIOS S.A.;020630;ITR;159672;2026-07-24;http://www.rad.cvm.gov.br/ENETCONSULTA/frmDownloadDocumento.aspx?CodigoInstituicao=1&NumeroSequencialDocumento=159672
07.823.262/0001-03;2026-03-31;1;FOZ DO RIO CLARO ENERGIA S.A.;026697;ITR;156743;2026-05-06;http://www.rad.cvm.gov.br/ENETCONSULTA/frmDownloadDocumento.aspx?CodigoInstituicao=1&NumeroSequencialDocumento=156743
07.857.093/0001-14;2026-03-31;1;AURA MINERALS INC.;080187;ITR;156773;2026-05-06;http://www.rad.cvm.gov.br/ENETCONSULTA/frmDownloadDocumento.aspx?CodigoInstituicao=1&NumeroSequencialDocumento=156773
07.859.971/0001-30;2026-03-31;1;TRANSMISSORA ALIANÇA DE ENERGIA ELÉTRICA S.A.;020257;ITR;156778;2026-05-06;http://www.rad.cvm.gov.br/ENETCONSULTA/frmDownloadDocumento.aspx?CodigoInstituicao=1&NumeroSequencialDocumento=156778
07.882.930/0001-65;2026-03-31;1;MITRE REALTY EMPREENDIMENTOS E PARTICIPAÇÕES S.A.;024902;ITR;157226;2026-05-12;http://www.rad.cvm.gov.br/ENETCONSULTA/frmDownloadDocumento.aspx?CodigoInstituicao=1&NumeroSequencialDocumento=157226
08.065.557/0001-12;2026-03-31;1;TECNISA S.A.;020435;ITR;157400;2026-05-14;http://www.rad.cvm.gov.br/ENETCONSULTA/frmDownloadDocumento.aspx?CodigoInstituicao=1&NumeroSequencialDocumento=157400
08.078.847/0001-09;2026-03-31;1;LPS BRASIL - CONSULTORIA DE IMOVEIS S.A.;020370;ITR;156876;2026-05-07;http://www.rad.cvm.gov.br/ENETCONSULTA/frmDownloadDocumento.aspx?CodigoInstituicao=1&NumeroSequencialDocumento=156876
08.100.057/0001-74;2026-03-31;1;TECNOGERA-LOCAÇÃO E TRANSFORMAÇÃO DE ENERGIA S.A.;027847;ITR;157642;2026-05-15;http://www.rad.cvm.gov.br/ENETCONSULTA/frmDownloadDocumento.aspx?CodigoInstituicao=1&NumeroSequencialDocumento=157642
08.159.965/0001-33;2026-03-31;1;IGUA SANEAMENTO S.A.;023175;ITR;157340;2026-05-13;http://www.rad.cvm.gov.br/ENETCONSULTA/frmDownloadDocumento.aspx?CodigoInstituicao=1&NumeroSequencialDocumento=157340
08.170.849/0001-15;2026-03-31;1;DESKTOP S.A.;026026;ITR;157230;2026-05-12;http://www.rad.cvm.gov.br/ENETCONSULTA/frmDownloadDocumento.aspx?CodigoInstituicao=1&NumeroSequencialDocumento=157230
08.213.823/0001-07;2026-03-31;1;AURA ALMAS MINERAÇÃO S.A.;026590;ITR;157099;2026-05-11;http://www.rad.cvm.gov.br/ENETCONSULTA/frmDownloadDocumento.aspx?CodigoInstituicao=1&NumeroSequencialDocumento=157099
08.262.121/0001-13;2026-03-31;1;ALUBAR METAIS E CABOS S.A.;027430;ITR;157487;2026-05-14;http://www.rad.cvm.gov.br/ENETCONSULTA/frmDownloadDocumento.aspx?CodigoInstituicao=1&NumeroSequencialDocumento=157487
08.294.224/0001-65;2026-03-31;1;JHSF PARTICIPACOES S.A.;020605;ITR;156915;2026-05-08;http://www.rad.cvm.gov.br/ENETCONSULTA/frmDownloadDocumento.aspx?CodigoInstituicao=1&NumeroSequencialDocumento=156915
08.312.229/0001-73;2026-03-31;1;EZ TEC EMPREEND. E PARTICIPACOES S.A.;020770;ITR;156852;2026-05-07;http://www.rad.cvm.gov.br/ENETCONSULTA/frmDownloadDocumento.aspx?CodigoInstituicao=1&NumeroSequencialDocumento=156852
08.324.196/0001-81;2026-03-31;1;CIA ENERGETICA DO RIO GDE NORTE - COSERN;018139;ITR;156453;2026-04-28;http://www.rad.cvm.gov.br/ENETCONSULTA/frmDownloadDocumento.aspx?CodigoInstituicao=1&NumeroSequencialDocumento=156453
08.324.196/0001-81;2026-06-30;1;CIA ENERGETICA DO RIO GDE NORTE - COSERN;018139;ITR;159603;2026-07-21;http://www.rad.cvm.gov.br/ENETCONSULTA/frmDownloadDocumento.aspx?CodigoInstituicao=1&NumeroSequencialDocumento=159603
08.343.492/0001-20;2026-03-31;1;MRV ENGENHARIA E PARTICIPACOES S.A.;020915;ITR;157066;2026-05-11;http://www.rad.cvm.gov.br/ENETCONSULTA/frmDownloadDocumento.aspx?CodigoInstituicao=1&NumeroSequencialDocumento=157066
08.364.948/0001-38;2026-03-31;1;ALUPAR INVESTIMENTO S/A;021490;ITR;156883;2026-05-07;http://www.rad.cvm.gov.br/ENETCONSULTA/frmDownloadDocumento.aspx?CodigoInstituicao=1&NumeroSequencialDocumento=156883
08.397.078/0001-01;2026-03-31;1;GSH CORP PARTICIPAÇÕES S.A.;026603;ITR;157464;2026-05-14;http://www.rad.cvm.gov.br/ENETCONSULTA/frmDownloadDocumento.aspx?CodigoInstituicao=1&NumeroSequencialDocumento=157464
08.397.078/0001-01;2026-03-31;2;GSH CORP PARTICIPAÇÕES S.A.;026603;ITR;157474;2026-05-14;http://www.rad.cvm.gov.br/ENETCONSULTA/frmDownloadDocumento.aspx?CodigoInstituicao=1&NumeroSequencialDocumento=157474
08.402.943/0001-52;2026-03-31;1;GUARARAPES CONFECCOES S.A.;004669;ITR;156772;2026-05-06;http://www.rad.cvm.gov.br/ENETCONSULTA/frmDownloadDocumento.aspx?CodigoInstituicao=1&NumeroSequencialDocumento=156772
08.424.178/0001-71;2026-03-31;1;TECBLU TECELAGEM BLUMENAU S.A.;011215;ITR;157132;2026-05-12;http://www.rad.cvm.gov.br/ENETCONSULTA/frmDownloadDocumento.aspx?CodigoInstituicao=1&NumeroSequencialDocumento=157132
08.439.659/0001-50;2026-03-31;1;CPFL ENERGIAS RENOVÁVEIS S.A.;020540;ITR;157453;2026-05-14;http://www.rad.cvm.gov.br/ENETCONSULTA/frmDownloadDocumento.aspx?CodigoInstituicao=1&NumeroSequencialDocumento=157453
08.467.115/0001-00;2026-03-31;1;CIA ESTADUAL DE DISTRIB ENER ELET-CEEE-D;020648;ITR;157284;2026-05-13;http://www.rad.cvm.gov.br/ENETCONSULTA/frmDownloadDocumento.aspx?CodigoInstituicao=1&NumeroSequencialDocumento=157284
08.534.605/0001-74;2026-03-31;1;RENOVA ENERGIA S.A.;021636;ITR;157334;2026-05-13;http://www.rad.cvm.gov.br/ENETCONSULTA/frmDownloadDocumento.aspx?CodigoInstituicao=1&NumeroSequencialDocumento=157334
08.560.444/0001-93;2026-03-31;1;CIA CELG DE PARTICIPACOES - CELGPAR;021393;ITR;157562;2026-05-15;http://www.rad.cvm.gov.br/ENETCONSULTA/frmDownloadDocumento.aspx?CodigoInstituicao=1&NumeroSequencialDocumento=157562
08.560.444/0001-93;2026-03-31;2;CIA CELG DE PARTICIPACOES - CELGPAR;021393;ITR;158087;2026-05-28;http://www.rad.cvm.gov.br/ENETCONSULTA/frmDownloadDocumento.aspx?CodigoInstituicao=1&NumeroSequencialDocumento=158087
08.574.411/0001-00;2026-03-31;1;PRÁTICA PRODUTOS S.A.;024546;ITR;157538;2026-05-15;http://www.rad.cvm.gov.br/ENETCONSULTA/frmDownloadDocumento.aspx?CodigoInstituicao=1&NumeroSequencialDocumento=157538
08.574.411/0001-00;2026-03-31;2;PRÁTICA PRODUTOS S.A.;024546;ITR;157772;2026-05-20;http://www.rad.cvm.gov.br/ENETCONSULTA/frmDownloadDocumento.aspx?CodigoInstituicao=1&NumeroSequencialDocumento=157772
08.613.550/0001-98;2026-03-31;1;NEXPE PARTICIPAÇÕES S.A;021180;ITR;157434;2026-05-14;http://www.rad.cvm.gov.br/ENETCONSULTA/frmDownloadDocumento.aspx?CodigoInstituicao=1&NumeroSequencialDocumento=157434
08.764.621/0001-53;2026-03-31;1;GENERAL SHOPPING E OUTLETS DO BRASIL BRASIL S.A.;021008;ITR;157671;2026-05-15;http://www.rad.cvm.gov.br/ENETCONSULTA/frmDownloadDocumento.aspx?CodigoInstituicao=1&NumeroSequencialDocumento=157671
08.795.211/0001-70;2026-03-31;1;MAESTRO LOCADORA DE VEICULOS S.A.;023612;ITR;157584;2026-05-15;http://www.rad.cvm.gov.br/ENETCONSULTA/frmDownloadDocumento.aspx?CodigoInstituicao=1&NumeroSequencialDocumento=157584
08.797.760/0001-83;2026-03-31;1;CURY CONSTRUTORA E INCORPORADORA S.A.;025100;ITR;157190;2026-05-12;http://www.rad.cvm.gov.br/ENETCONSULTA/frmDownloadDocumento.aspx?CodigoInstituicao=1&NumeroSequencialDocumento=157190
08.801.621/0001-86;2026-03-31;1;SYN PROP & TECH S.A.;021040;ITR;157427;2026-05-14;http://www.rad.cvm.gov.br/ENETCONSULTA/frmDownloadDocumento.aspx?CodigoInstituicao=1&NumeroSequencialDocumento=157427
08.807.432/0001-10;2026-03-31;1;YDUQS PARTICIPACOES S.A.;021016;ITR;156840;2026-05-07;http://www.rad.cvm.gov.br/ENETCONSULTA/frmDownloadDocumento.aspx?CodigoInstituicao=1&NumeroSequencialDocumento=156840
08.811.643/0001-27;2026-03-31;1;TRISUL S.A.;021130;ITR;157393;2026-05-14;http://www.rad.cvm.gov.br/ENETCONSULTA/frmDownloadDocumento.aspx?CodigoInstituicao=1&NumeroSequencialDocumento=157393
08.822.767/0001-08;2026-03-31;1;CONCESSIONÁRIA DA RODOVIA MG-050 S.A.;024104;ITR;157664;2026-05-15;http://www.rad.cvm.gov.br/ENETCONSULTA/frmDownloadDocumento.aspx?CodigoInstituicao=1&NumeroSequencialDocumento=157664
08.827.501/0001-58;2026-03-31;1;AEGEA SANEAMENTO E PARTICIPAÇÕES S.A.;023396;ITR;156777;2026-05-06;http://www.rad.cvm.gov.br/ENETCONSULTA/frmDownloadDocumento.aspx?CodigoInstituicao=1&NumeroSequencialDocumento=156777
08.845.676/0001-98;2026-03-31;1;CORPÓREOS - SERVIÇOS TERAPÊUTICOS S.A.;027669;ITR;157643;2026-05-15;http://www.rad.cvm.gov.br/ENETCONSULTA/frmDownloadDocumento.aspx?CodigoInstituicao=1&NumeroSequencialDocumento=157643
08.873.873/0001-10;2026-03-31;1;ECORODOVIAS CONCESSÕES E SERVIÇOS S.A.;021903;ITR;156860;2026-05-07;http://www.rad.cvm.gov.br/ENETCONSULTA/frmDownloadDocumento.aspx?CodigoInstituicao=1&NumeroSequencialDocumento=156860
08.873.873/0001-10;2026-06-30;1;ECORODOVIAS CONCESSÕES E SERVIÇOS S.A.;021903;ITR;159827;2026-07-30;http://www.rad.cvm.gov.br/ENETCONSULTA/frmDownloadDocumento.aspx?CodigoInstituicao=1&NumeroSequencialDocumento=159827
08.902.291/0001-15;2026-03-31;1;CSN MINERAÇÃO S.A.;025585;ITR;157332;2026-05-13;http://www.rad.cvm.gov.br/ENETCONSULTA/frmDownloadDocumento.aspx?CodigoInstituicao=1&NumeroSequencialDocumento=157332
08.926.302/0001-05;2026-03-31;1;PRIO FORTE S.A.;027740;ITR;157388;2026-05-14;http://www.rad.cvm.gov.br/ENETCONSULTA/frmDownloadDocumento.aspx?CodigoInstituicao=1&NumeroSequencialDocumento=157388
09.041.168/0001-10;2026-03-31;1;LOG COMMERCIAL PROPERTIES E PARTICIPAÇÕES;023272;ITR;156564;2026-05-04;http://www.rad.cvm.gov.br/ENETCONSULTA/frmDownloadDocumento.aspx?CodigoInstituicao=1&NumeroSequencialDocumento=156564
09.042.817/0001-05;2026-03-31;1;BEMOBI MOBILE TECH S.A.;025500;ITR;157208;2026-05-12;http://www.rad.cvm.gov.br/ENETCONSULTA/frmDownloadDocumento.aspx?CodigoInstituicao=1&NumeroSequencialDocumento=157208
09.053.134/0001-45;2026-03-31;1;ELFA MEDICAMENTOS S.A.;025348;ITR;157639;2026-05-15;http://www.rad.cvm.gov.br/ENETCONSULTA/frmDownloadDocumento.aspx?CodigoInstituicao=1&NumeroSequencialDocumento=157639
09.054.385/0001-44;2026-03-31;1;INBRANDS S.A.;022560;ITR;157603;2026-05-15;http://www.rad.cvm.gov.br/ENETCONSULTA/frmDownloadDocumento.aspx?CodigoInstituicao=1&NumeroSequencialDocumento=157603
09.074.183/0001-64;2026-03-31;1;TRANSBRASILIANA CONCESSIONÁRIA DE RODOVIA S.A;022225;ITR;157662;2026-05-15;http://www.rad.cvm.gov.br/ENETCONSULTA/frmDownloadDocumento.aspx?CodigoInstituicao=1&NumeroSequencialDocumento=157662
09.095.183/0001-40;2026-03-31;1;ENERGISA PARAÍBA - DISTRIBUIDORA DE ENERGIA S/A;021938;ITR;157083;2026-05-11;http://www.rad.cvm.gov.br/ENETCONSULTA/frmDownloadDocumento.aspx?CodigoInstituicao=1&NumeroSequencialDocumento=157083
09.112.685/0001-32;2026-03-31;1;OSX BRASIL S.A. - EM RECUPERAÇÃO JUDICIAL;021342;ITR;157291;2026-05-13;http://www.rad.cvm.gov.br/ENETCONSULTA/frmDownloadDocumento.aspx?CodigoInstituicao=1&NumeroSequencialDocumento=157291
09.114.805/0001-30;2026-03-31;1;OCEANPACT SERVIÇOS MARITIMOS S.A.;025534;ITR;156992;2026-05-08;http://www.rad.cvm.gov.br/ENETCONSULTA/frmDownloadDocumento.aspx?CodigoInstituicao=1&NumeroSequencialDocumento=156992
09.114.805/0001-30;2026-03-31;2;OCEANPACT SERVIÇOS MARITIMOS S.A.;025534;ITR;157145;2026-05-12;http://www.rad.cvm.gov.br/ENETCONSULTA/frmDownloadDocumento.aspx?CodigoInstituicao=1&NumeroSequencialDocumento=157145
09.146.451/0001-06;2026-03-31;1;KALLAS INCORPORAÇÕES E CONSTRUÇÕES S.A.;025798;ITR;156854;2026-05-07;http://www.rad.cvm.gov.br/ENETCONSULTA/frmDownloadDocumento.aspx?CodigoInstituicao=1&NumeroSequencialDocumento=156854
09.149.503/0001-06;2026-03-31;1;SERENA GERAÇÃO S.A.;023426;ITR;157228;2026-05-12;http://www.rad.cvm.gov.br/ENETCONSULTA/frmDownloadDocumento.aspx?CodigoInstituicao=1&NumeroSequencialDocumento=157228
09.229.201/0001-30;2026-03-31;1;GPS PARTICIPAÇÕES E EMPREENDIMENTOS S.A.;025712;ITR;156893;2026-05-07;http://www.rad.cvm.gov.br/ENETCONSULTA/frmDownloadDocumento.aspx?CodigoInstituicao=1&NumeroSequencialDocumento=156893
09.257.877/0001-37;2026-03-31;1;FERROVIA NORTE SUL S/A;021814;ITR;157356;2026-05-14;http://www.rad.cvm.gov.br/ENETCONSULTA/frmDownloadDocumento.aspx?CodigoInstituicao=1&NumeroSequencialDocumento=157356
09.288.252/0001-32;2026-03-31;1;ANIMA HOLDING S.A.;023248;ITR;156711;2026-05-06;http://www.rad.cvm.gov.br/ENETCONSULTA/frmDownloadDocumento.aspx?CodigoInstituicao=1&NumeroSequencialDocumento=156711
09.295.063/0001-97;2026-03-31;1;TECHNOS S.A.;022519;ITR;157064;2026-05-11;http://www.rad.cvm.gov.br/ENETCONSULTA/frmDownloadDocumento.aspx?CodigoInstituicao=1&NumeroSequencialDocumento=157064
09.304.427/0001-58;2026-03-31;1;HABITASEC SECURITIZADORA SA;021628;ITR;157325;2026-05-13;http://www.rad.cvm.gov.br/ENETCONSULTA/frmDownloadDocumento.aspx?CodigoInstituicao=1&NumeroSequencialDocumento=157325
09.305.994/0001-29;2026-03-31;1;AZUL S.A.;024112;ITR;156794;2026-05-07;http://www.rad.cvm.gov.br/ENETCONSULTA/frmDownloadDocumento.aspx?CodigoInstituicao=1&NumeroSequencialDocumento=156794
09.313.969/0001-97;2026-03-31;1;AUTOPISTA LITORAL SUL;021997;ITR;157477;2026-05-14;http://www.rad.cvm.gov.br/ENETCONSULTA/frmDownloadDocumento.aspx?CodigoInstituicao=1&NumeroSequencialDocumento=157477
09.324.949/0001-11;2026-03-31;1;AUTOPISTA FLUMINENSE SA;022004;ITR;157473;2026-05-14;http://www.rad.cvm.gov.br/ENETCONSULTA/frmDownloadDocumento.aspx?CodigoInstituicao=1&NumeroSequencialDocumento=157473
09.325.109/0001-73;2026-03-31;1;AUTOPISTA PLANALTO SUL SA;021970;ITR;157479;2026-05-14;http://www.rad.cvm.gov.br/ENETCONSULTA/frmDownloadDocumento.aspx?CodigoInstituicao=1&NumeroSequencialDocumento=157479
09.326.342/0001-70;2026-03-31;1;AUTOPISTA FERNÃO DIAS SA;021989;ITR;157608;2026-05-15;http://www.rad.cvm.gov.br/ENETCONSULTA/frmDownloadDocumento.aspx?CodigoInstituicao=1&NumeroSequencialDocumento=157608
09.336.431/0001-06;2026-03-31;1;AUTOPISTA REGIS BITTENCOURT SA;021962;ITR;157475;2026-05-14;http://www.rad.cvm.gov.br/ENETCONSULTA/frmDownloadDocumento.aspx?CodigoInstituicao=1&NumeroSequencialDocumento=157475
09.346.601/0001-25;2026-03-31;1;B3 S.A. - BRASIL, BOLSA, BALCÃO;021610;ITR;156900;2026-05-07;http://www.rad.cvm.gov.br/ENETCONSULTA/frmDownloadDocumento.aspx?CodigoInstituicao=1&NumeroSequencialDocumento=156900
09.359.927/0001-97;2026-03-31;1;ASA BRANCA HOLDING S.A.;026514;ITR;157398;2026-05-14;http://www.rad.cvm.gov.br/ENETCONSULTA/frmDownloadDocumento.aspx?CodigoInstituicao=1&NumeroSequencialDocumento=157398
09.391.823/0001-60;2026-03-31;1;AXIA ENERGIA UHE SANTO ANTÔNIO S.A.;023388;ITR;156754;2026-05-06;http://www.rad.cvm.gov.br/ENETCONSULTA/frmDownloadDocumento.aspx?CodigoInstituicao=1&NumeroSequencialDocumento=156754
09.538.973/0001-53;2026-03-31;1;PDG COMPANHIA SECURITIZADORA;021644;ITR;157593;2026-05-15;http://www.rad.cvm.gov.br/ENETCONSULTA/frmDownloadDocumento.aspx?CodigoInstituicao=1&NumeroSequencialDocumento=157593
09.584.854/0001-37;2026-03-31;1;MANAUS TRANSMISSORA DE ENERGIA S.A;026719;ITR;157552;2026-05-15;http://www.rad.cvm.gov.br/ENETCONSULTA/frmDownloadDocumento.aspx?CodigoInstituicao=1&NumeroSequencialDocumento=157552
09.611.768/0001-76;2026-03-31;1;INC EMPREENDIMENTOS IMOBILIÁRIOS S.A.;024279;ITR;156327;2026-04-22;http://www.rad.cvm.gov.br/ENETCONSULTA/frmDownloadDocumento.aspx?CodigoInstituicao=1&NumeroSequencialDocumento=156327
09.611.768/0001-76;2026-06-30;1;INC EMPREENDIMENTOS IMOBILIÁRIOS S.A.;024279;ITR;159633;2026-07-22;http://www.rad.cvm.gov.br/ENETCONSULTA/frmDownloadDocumento.aspx?CodigoInstituicao=1&NumeroSequencialDocumento=159633
09.625.321/0001-56;2026-03-31;1;NORTE BRASIL TRANSMISSORA DE ENERGIA S.A.;024988;ITR;157548;2026-05-15;http://www.rad.cvm.gov.br/ENETCONSULTA/frmDownloadDocumento.aspx?CodigoInstituicao=1&NumeroSequencialDocumento=157548
09.813.204/0001-16;2026-03-31;1;W2W E-COMMERCE DE VINHOS S.A.;025852;ITR;157457;2026-05-14;http://www.rad.cvm.gov.br/ENETCONSULTA/frmDownloadDocumento.aspx?CodigoInstituicao=1&NumeroSequencialDocumento=157457
10.139.870/0001-08;2026-03-31;1;NEOGRID PARTICIPAÇÕES S.A.;025399;ITR;157290;2026-05-13;http://www.rad.cvm.gov.br/ENETCONSULTA/frmDownloadDocumento.aspx?CodigoInstituicao=1&NumeroSequencialDocumento=157290
10.158.356/0001-01;2026-03-31;1;CPX DISTRIBUIDORA S.A.;027839;ITR;157009;2026-05-08;http://www.rad.cvm.gov.br/ENETCONSULTA/frmDownloadDocumento.aspx?CodigoInstituicao=1&NumeroSequencialDocumento=157009
10.234.027/0001-00;2026-03-31;1;LINHAS DE MACAPÁ TRANSMISSORA DE ENERGIA S/A;023680;ITR;157096;2026-05-11;http://www.rad.cvm.gov.br/ENETCONSULTA/frmDownloadDocumento.aspx?CodigoInstituicao=1&NumeroSequencialDocumento=157096
10.240.186/0001-00;2026-03-31;1;LINHAS DE XINGU TRANSMISSORA DE ENERGIA S/A;023671;ITR;157091;2026-05-11;http://www.rad.cvm.gov.br/ENETCONSULTA/frmDownloadDocumento.aspx?CodigoInstituicao=1&NumeroSequencialDocumento=157091
10.319.900/0001-50;2026-03-31;1;REGENERA RIO S.A.;026921;ITR;157119;2026-05-11;http://www.rad.cvm.gov.br/ENETCONSULTA/frmDownloadDocumento.aspx?CodigoInstituicao=1&NumeroSequencialDocumento=157119
10.324.624/0001-18;2026-03-31;1;CONCESSÃO METROVIÁRIA DO RIO DE JANEIRO S.A.;022144;ITR;157193;2026-05-12;http://www.rad.cvm.gov.br/ENETCONSULTA/frmDownloadDocumento.aspx?CodigoInstituicao=1&NumeroSequencialDocumento=157193
10.338.320/0001-00;2026-03-31;1;AFLUENTE TRANSMISSÃO DE ENERGIA ELÉTRICA S/A;022179;ITR;156457;2026-04-28;http://www.rad.cvm.gov.br/ENETCONSULTA/frmDownloadDocumento.aspx?CodigoInstituicao=1&NumeroSequencialDocumento=156457
10.338.320/0001-00;2026-06-30;1;AFLUENTE TRANSMISSÃO DE ENERGIA ELÉTRICA S/A;022179;ITR;159605;2026-07-21;http://www.rad.cvm.gov.br/ENETCONSULTA/frmDownloadDocumento.aspx?CodigoInstituicao=1&NumeroSequencialDocumento=159605
10.488.244/0001-19;2026-03-31;1;INFRASEC SECURITIZADORA S.A.;021750;ITR;157572;2026-05-15;http://www.rad.cvm.gov.br/ENETCONSULTA/frmDownloadDocumento.aspx?CodigoInstituicao=1&NumeroSequencialDocumento=157572
10.502.676/0001-37;2026-03-31;1;TERMELÉTRICA PERNAMBUCO III S.A.;023329;ITR;157157;2026-05-12;http://www.rad.cvm.gov.br/ENETCONSULTA/frmDownloadDocumento.aspx?CodigoInstituicao=1&NumeroSequencialDocumento=157157
10.531.501/0001-58;2026-03-31;1;CONC AUTO RAPOSO TAVARES S.A.;022268;ITR;157444;2026-05-14;http://www.rad.cvm.gov.br/ENETCONSULTA/frmDownloadDocumento.aspx?CodigoInstituicao=1&NumeroSequencialDocumento=157444
10.571.175/0001-02;2026-03-31;1;URBA DESENVOLVIMENTO URBANO S.A.;025437;ITR;157063;2026-05-11;http://www.rad.cvm.gov.br/ENETCONSULTA/frmDownloadDocumento.aspx?CodigoInstituicao=1&NumeroSequencialDocumento=157063
10.629.105/0001-68;2026-03-31;1;PRIO S.A.;022187;ITR;156641;2026-05-05;http://www.rad.cvm.gov.br/ENETCONSULTA/frmDownloadDocumento.aspx?CodigoInstituicao=1&NumeroSequencialDocumento=156641
10.635.691/0001-53;2026-03-31;1;VIARONDON CONCESSIONÁRIA DE RODOVIA S.A.;022543;ITR;157530;2026-05-15;http://www.rad.cvm.gov.br/ENETCONSULTA/frmDownloadDocumento.aspx?CodigoInstituicao=1&NumeroSequencialDocumento=157530
10.647.979/0001-48;2026-03-31;1;CONC ROTA DAS BANDEIRAS S.A.;022071;ITR;156796;2026-05-07;http://www.rad.cvm.gov.br/ENETCONSULTA/frmDownloadDocumento.aspx?CodigoInstituicao=1&NumeroSequencialDocumento=156796
10.647.979/0001-48;2026-06-30;1;CONC ROTA DAS BANDEIRAS S.A.;022071;ITR;160046;2026-07-31;http://www.rad.cvm.gov.br/ENETCONSULTA/frmDownloadDocumento.aspx?CodigoInstituicao=1&NumeroSequencialDocumento=160046
10.678.505/0001-63;2026-03-31;1;CONC RODOVIAS DO TIETÊ S.A.;022721;ITR;158607;2026-05-29;http://www.rad.cvm.gov.br/ENETCONSULTA/frmDownloadDocumento.aspx?CodigoInstituicao=1&NumeroSequencialDocumento=158607
10.739.356/0001-03;2026-03-31;1;BRBI BR PARTNERS S.A;025860;ITR;156836;2026-05-07;http://www.rad.cvm.gov.br/ENETCONSULTA/frmDownloadDocumento.aspx?CodigoInstituicao=1&NumeroSequencialDocumento=156836
10.760.260/0001-19;2026-03-31;1;CVC BRASIL OPERADORA E AGÊNCIA DE VIAGENS S.A.;023310;ITR;157305;2026-05-13;http://www.rad.cvm.gov.br/ENETCONSULTA/frmDownloadDocumento.aspx?CodigoInstituicao=1&NumeroSequencialDocumento=157305
10.807.374/0001-77;2026-03-31;1;BOA SAFRA SEMENTES S.A.;025704;ITR;157331;2026-05-13;http://www.rad.cvm.gov.br/ENETCONSULTA/frmDownloadDocumento.aspx?CodigoInstituicao=1&NumeroSequencialDocumento=157331
10.835.932/0001-08;2026-03-31;1;CIA ENERGETICA DE PERNAMBUCO - CELPE;014362;ITR;156452;2026-04-28;http://www.rad.cvm.gov.br/ENETCONSULTA/frmDownloadDocumento.aspx?CodigoInstituicao=1&NumeroSequencialDocumento=156452
10.835.932/0001-08;2026-06-30;1;CIA ENERGETICA DE PERNAMBUCO - CELPE;014362;ITR;159602;2026-07-21;http://www.rad.cvm.gov.br/ENETCONSULTA/frmDownloadDocumento.aspx?CodigoInstituicao=1&NumeroSequencialDocumento=159602
10.841.050/0001-55;2026-03-31;1;CONC ROD AYRTON SENNA E CARV PINTO S.A.-ECOPISTAS;022411;ITR;156862;2026-05-07;http://www.rad.cvm.gov.br/ENETCONSULTA/frmDownloadDocumento.aspx?CodigoInstituicao=1&NumeroSequencialDocumento=156862
10.841.050/0001-55;2026-06-30;1;CONC ROD AYRTON SENNA E CARV PINTO S.A.-ECOPISTAS;022411;ITR;159829;2026-07-30;http://www.rad.cvm.gov.br/ENETCONSULTA/frmDownloadDocumento.aspx?CodigoInstituicao=1&NumeroSequencialDocumento=159829
11.284.204/0001-18;2026-03-31;1;YOU INC INCORPORADORA E PARTICIPAÇÕES S.A;023604;ITR;158149;2026-05-28;http://www.rad.cvm.gov.br/ENETCONSULTA/frmDownloadDocumento.aspx?CodigoInstituicao=1&NumeroSequencialDocumento=158149
11.421.994/0001-36;2026-03-31;1;ORIZON VALORIZAÇÃO DE RESÍDUOS S.A.;025550;ITR;157485;2026-05-14;http://www.rad.cvm.gov.br/ENETCONSULTA/frmDownloadDocumento.aspx?CodigoInstituicao=1&NumeroSequencialDocumento=157485
11.992.680/0001-93;2026-03-31;1;QUALICORP CONSULTORIA E CORRETORA DE SEGUROS S.A.;022497;ITR;157310;2026-05-13;http://www.rad.cvm.gov.br/ENETCONSULTA/frmDownloadDocumento.aspx?CodigoInstituicao=1&NumeroSequencialDocumento=157310
12.049.631/0001-84;2026-03-31;1;MOURA DUBEUX ENGENHARIA S/A;021067;ITR;156702;2026-05-06;http://www.rad.cvm.gov.br/ENETCONSULTA/frmDownloadDocumento.aspx?CodigoInstituicao=1&NumeroSequencialDocumento=156702
12.091.809/0001-55;2026-03-31;1;BRAVA ENERGIA S.A.;025291;ITR;156761;2026-05-06;http://www.rad.cvm.gov.br/ENETCONSULTA/frmDownloadDocumento.aspx?CodigoInstituicao=1&NumeroSequencialDocumento=156761
12.104.241/0004-02;2026-03-31;1;ONCOCLÍNICAS DO BRASIL SERVIÇOS MÉDICOS S.A.;026123;ITR;157422;2026-05-14;http://www.rad.cvm.gov.br/ENETCONSULTA/frmDownloadDocumento.aspx?CodigoInstituicao=1&NumeroSequencialDocumento=157422
12.108.897/0001-50;2026-03-31;1;D1000 VAREJO FARMA PARTICIPAÇÕES S.A.;025046;ITR;156775;2026-05-06;http://www.rad.cvm.gov.br/ENETCONSULTA/frmDownloadDocumento.aspx?CodigoInstituicao=1&NumeroSequencialDocumento=156775
12.108.897/0001-50;2026-06-30;1;D1000 VAREJO FARMA PARTICIPAÇÕES S.A.;025046;ITR;159784;2026-07-29;http://www.rad.cvm.gov.br/ENETCONSULTA/frmDownloadDocumento.aspx?CodigoInstituicao=1&NumeroSequencialDocumento=159784
12.181.987/0001-77;2026-03-31;1;MELNICK DESENVOLVIMENTO IMOBILIÁRIO S.A.;025119;ITR;157316;2026-05-13;http://www.rad.cvm.gov.br/ENETCONSULTA/frmDownloadDocumento.aspx?CodigoInstituicao=1&NumeroSequencialDocumento=157316
12.300.288/0001-07;2026-03-31;1;NORTE ENERGIA S.A.;025097;ITR;156421;2026-04-27;http://www.rad.cvm.gov.br/ENETCONSULTA/frmDownloadDocumento.aspx?CodigoInstituicao=1&NumeroSequencialDocumento=156421
12.300.288/0001-07;2026-06-30;1;NORTE ENERGIA S.A.;025097;ITR;159575;2026-07-20;http://www.rad.cvm.gov.br/ENETCONSULTA/frmDownloadDocumento.aspx?CodigoInstituicao=1&NumeroSequencialDocumento=159575
12.420.164/0001-57;2026-03-31;1;CM HOSPITALAR S.A;025682;ITR;157418;2026-05-14;http://www.rad.cvm.gov.br/ENETCONSULTA/frmDownloadDocumento.aspx?CodigoInstituicao=1&NumeroSequencialDocumento=157418
12.489.315/0001-23;2026-03-31;1;FERREIRA GOMES ENERGIA S.A.;022977;ITR;156727;2026-05-06;http://www.rad.cvm.gov.br/ENETCONSULTA/frmDownloadDocumento.aspx?CodigoInstituicao=1&NumeroSequencialDocumento=156727
12.528.708/0001-07;2026-03-31;1;AERIS IND. E COM. DE EQUIP. PARA GER. DE ENG. S.A.;025283;ITR;157175;2026-05-12;http://www.rad.cvm.gov.br/ENETCONSULTA/frmDownloadDocumento.aspx?CodigoInstituicao=1&NumeroSequencialDocumento=157175
12.592.831/0001-89;2026-03-31;1;MNLT S.A.;026611;ITR;157653;2026-05-15;http://www.rad.cvm.gov.br/ENETCONSULTA/frmDownloadDocumento.aspx?CodigoInstituicao=1&NumeroSequencialDocumento=157653
12.648.327/0001-53;2026-03-31;1;HIDROVIAS DO BRASIL S.A.;022675;ITR;156579;2026-05-04;http://www.rad.cvm.gov.br/ENETCONSULTA/frmDownloadDocumento.aspx?CodigoInstituicao=1&NumeroSequencialDocumento=156579
13.009.717/0001-46;2026-03-31;1;BCO ESTADO DE SERGIPE S.A. - BANESE;001120;ITR;157613;2026-05-15;http://www.rad.cvm.gov.br/ENETCONSULTA/frmDownloadDocumento.aspx?CodigoInstituicao=1&NumeroSequencialDocumento=157613
13.017.462/0001-63;2026-03-31;1;ENERGISA SERGIPE - DISTRIBUIDORA DE ENERGIA S/A;018996;ITR;157084;2026-05-11;http://www.rad.cvm.gov.br/ENETCONSULTA/frmDownloadDocumento.aspx?CodigoInstituicao=1&NumeroSequencialDocumento=157084
13.217.485/0001-11;2026-03-31;1;GRUPO SBF S.A.;024694;ITR;157060;2026-05-11;http://www.rad.cvm.gov.br/ENETCONSULTA/frmDownloadDocumento.aspx?CodigoInstituicao=1&NumeroSequencialDocumento=157060
13.270.520/0001-66;2026-03-31;1;KORA SAÚDE PARTICIPAÇÕES S.A.;025879;ITR;157658;2026-05-15;http://www.rad.cvm.gov.br/ENETCONSULTA/frmDownloadDocumento.aspx?CodigoInstituicao=1&NumeroSequencialDocumento=157658
13.444.994/0001-87;2026-03-31;1;MLOG S.A.;022586;ITR;157655;2026-05-15;http://www.rad.cvm.gov.br/ENETCONSULTA/frmDownloadDocumento.aspx?CodigoInstituicao=1&NumeroSequencialDocumento=157655
13.574.594/0001-96;2026-03-31;1;ZAMP SA;024317;ITR;156999;2026-05-08;http://www.rad.cvm.gov.br/ENETCONSULTA/frmDownloadDocumento.aspx?CodigoInstituicao=1&NumeroSequencialDocumento=156999
13.783.221/0004-78;2026-03-31;1;MADERO INDÚSTRIA E COMÉRCIO S.A.;026379;ITR;156476;2026-04-29;http://www.rad.cvm.gov.br/ENETCONSULTA/frmDownloadDocumento.aspx?CodigoInstituicao=1&NumeroSequencialDocumento=156476
13.783.221/0004-78;2026-06-30;1;MADERO INDÚSTRIA E COMÉRCIO S.A.;026379;ITR;159786;2026-07-29;http://www.rad.cvm.gov.br/ENETCONSULTA/frmDownloadDocumento.aspx?CodigoInstituicao=1&NumeroSequencialDocumento=159786
14.110.585/0001-07;2026-03-31;1;MÉLIUZ S.A.;025232;ITR;157446;2026-05-14;http://www.rad.cvm.gov.br/ENETCONSULTA/frmDownloadDocumento.aspx?CodigoInstituicao=1&NumeroSequencialDocumento=157446
14.127.813/0001-51;2026-03-31;1;ARANDU INVESTIMENTOS S.A.;025887;ITR;159198;2026-06-23;http://www.rad.cvm.gov.br/ENETCONSULTA/frmDownloadDocumento.aspx?CodigoInstituicao=1&NumeroSequencialDocumento=159198
14.292.540/0001-09;2026-03-31;1;BRAZIL TOWER, CESSÃO DE INFRA-ESTRUTURAS S.A;027316;ITR;157438;2026-05-14;http://www.rad.cvm.gov.br/ENETCONSULTA/frmDownloadDocumento.aspx?CodigoInstituicao=1&NumeroSequencialDocumento=157438
14.388.334/0001-99;2026-03-31;1;PARANA BCO S.A.;020729;ITR;157221;2026-05-12;http://www.rad.cvm.gov.br/ENETCONSULTA/frmDownloadDocumento.aspx?CodigoInstituicao=1&NumeroSequencialDocumento=157221
14.388.334/0001-99;2026-03-31;2;PARANA BCO S.A.;020729;ITR;157695;2026-05-18;http://www.rad.cvm.gov.br/ENETCONSULTA/frmDownloadDocumento.aspx?CodigoInstituicao=1&NumeroSequencialDocumento=157695
14.776.142/0001-50;2026-03-31;1;WESTWING COMÉRCIO VAREJISTA S.A.;025518;ITR;157407;2026-05-14;http://www.rad.cvm.gov.br/ENETCONSULTA/frmDownloadDocumento.aspx?CodigoInstituicao=1&NumeroSequencialDocumento=157407
14.785.152/0001-51;2026-03-31;1;HBR REALTY EMPREENDIMENTOS IMOBILIÁRIOS S.A.;025402;ITR;156835;2026-05-07;http://www.rad.cvm.gov.br/ENETCONSULTA/frmDownloadDocumento.aspx?CodigoInstituicao=1&NumeroSequencialDocumento=156835
14.807.945/0001-24;2026-03-31;1;SANSUY S.A. INDUSTRIA DE PLASTICOS;012696;ITR;156919;2026-05-08;http://www.rad.cvm.gov.br/ENETCONSULTA/frmDownloadDocumento.aspx?CodigoInstituicao=1&NumeroSequencialDocumento=156919
14.876.090/0001-93;2026-03-31;1;GAIA IMPACTO SECURITIZADORA S.A.;022764;ITR;157537;2026-05-15;http://www.rad.cvm.gov.br/ENETCONSULTA/frmDownloadDocumento.aspx?CodigoInstituicao=1&NumeroSequencialDocumento=157537
14.882.295/0001-81;2026-03-31;1;CBO HOLDING S.A.;023620;ITR;157467;2026-05-14;http://www.rad.cvm.gov.br/ENETCONSULTA/frmDownloadDocumento.aspx?CodigoInstituicao=1&NumeroSequencialDocumento=157467
14.998.371/0001-19;2026-03-31;1;J. MACEDO S.A.;021156;ITR;157170;2026-05-12;http://www.rad.cvm.gov.br/ENETCONSULTA/frmDownloadDocumento.aspx?CodigoInstituicao=1&NumeroSequencialDocumento=157170
15.073.274/0001-88;2026-03-31;1;PPLA PARTICIPATIONS LTD.;080152;ITR;157626;2026-05-15;http://www.rad.cvm.gov.br/ENETCONSULTA/frmDownloadDocumento.aspx?CodigoInstituicao=1&NumeroSequencialDocumento=157626
15.090.690/0001-94;2026-03-31;1;CONCESSIONARIA ECOVIAS DO ARAGUAIA S.A.;026638;ITR;156872;2026-05-07;http://www.rad.cvm.gov.br/ENETCONSULTA/frmDownloadDocumento.aspx?CodigoInstituicao=1&NumeroSequencialDocumento=156872
15.090.690/0001-94;2026-06-30;1;CONCESSIONARIA ECOVIAS DO ARAGUAIA S.A.;026638;ITR;159836;2026-07-30;http://www.rad.cvm.gov.br/ENETCONSULTA/frmDownloadDocumento.aspx?CodigoInstituicao=1&NumeroSequencialDocumento=159836
15.114.494/0001-02;2026-03-31;1;CORREDOR LOGÍSTICA E INFRAESTRUTURA S.A.;027260;ITR;157003;2026-05-08;http://www.rad.cvm.gov.br/ENETCONSULTA/frmDownloadDocumento.aspx?CodigoInstituicao=1&NumeroSequencialDocumento=157003
15.115.504/0001-24;2026-03-31;1;TRONOX PIGMENTOS DO BRASIL S.A.;011398;ITR;157314;2026-05-13;http://www.rad.cvm.gov.br/ENETCONSULTA/frmDownloadDocumento.aspx?CodigoInstituicao=1&NumeroSequencialDocumento=157314
15.139.629/0001-94;2026-03-31;1;CIA ELETRICIDADE EST. DA BAHIA - COELBA;014524;ITR;156455;2026-04-28;http://www.rad.cvm.gov.br/ENETCONSULTA/frmDownloadDocumento.aspx?CodigoInstituicao=1&NumeroSequencialDocumento=156455
15.139.629/0001-94;2026-06-30;1;CIA ELETRICIDADE EST. DA BAHIA - COELBA;014524;ITR;159604;2026-07-21;http://www.rad.cvm.gov.br/ENETCONSULTA/frmDownloadDocumento.aspx?CodigoInstituicao=1&NumeroSequencialDocumento=159604
15.141.799/0001-03;2026-03-31;1;CIA FERRO LIGAS DA BAHIA - FERBASA;003069;ITR;157057;2026-05-11;http://www.rad.cvm.gov.br/ENETCONSULTA/frmDownloadDocumento.aspx?CodigoInstituicao=1&NumeroSequencialDocumento=157057
15.385.166/0001-40;2026-03-31;1;EQUIPAV SANEAMENTO S.A.;027642;ITR;157329;2026-05-13;http://www.rad.cvm.gov.br/ENETCONSULTA/frmDownloadDocumento.aspx?CodigoInstituicao=1&NumeroSequencialDocumento=157329
15.413.826/0001-50;2026-03-31;1;ENERGISA MATO GROSSO DO SUL - DIST DE ENERGIA S.A.;005576;ITR;157069;2026-05-11;http://www.rad.cvm.gov.br/ENETCONSULTA/frmDownloadDocumento.aspx?CodigoInstituicao=1&NumeroSequencialDocumento=157069
15.440.708/0001-30;2026-03-31;1;CONCESSIONÁRIA VIARIO S.A.;027405;ITR;157169;2026-05-12;http://www.rad.cvm.gov.br/ENETCONSULTA/frmDownloadDocumento.aspx?CodigoInstituicao=1&NumeroSequencialDocumento=157169
15.484.093/0001-44;2026-03-31;1;ECO101 CONCESSIONÁRIA DE RODOVIAS S.A.;023582;ITR;156863;2026-05-07;http://www.rad.cvm.gov.br/ENETCONSULTA/frmDownloadDocumento.aspx?CodigoInstituicao=1&NumeroSequencialDocumento=156863
15.484.093/0001-44;2026-06-30;1;ECO101 CONCESSIONÁRIA DE RODOVIAS S.A.;023582;ITR;159830;2026-07-30;http://www.rad.cvm.gov.br/ENETCONSULTA/frmDownloadDocumento.aspx?CodigoInstituicao=1&NumeroSequencialDocumento=159830
15.578.569/0001-06;2026-03-31;1;CONC DO AEROPORTO INTERNACIONAL DE GUARULHOS S.A.;023515;ITR;156968;2026-05-08;http://www.rad.cvm.gov.br/ENETCONSULTA/frmDownloadDocumento.aspx?CodigoInstituicao=1&NumeroSequencialDocumento=156968
16.234.171/0001-15;2026-03-31;1;METANOR SA METANOL DO NE;008745;ITR;157152;2026-05-12;http://www.rad.cvm.gov.br/ENETCONSULTA/frmDownloadDocumento.aspx?CodigoInstituicao=1&NumeroSequencialDocumento=157152
16.404.287/0001-55;2026-03-31;1;SUZANO S.A.;013986;ITR;156475;2026-04-29;http://www.rad.cvm.gov.br/ENETCONSULTA/frmDownloadDocumento.aspx?CodigoInstituicao=1&NumeroSequencialDocumento=156475
16.590.234/0001-76;2026-03-31;1;AZZAS 2154 S.A.;022349;ITR;156881;2026-05-07;http://www.rad.cvm.gov.br/ENETCONSULTA/frmDownloadDocumento.aspx?CodigoInstituicao=1&NumeroSequencialDocumento=156881
16.614.075/0001-00;2026-03-31;1;DIRECIONAL ENGENHARIA S.A.;021350;ITR;157054;2026-05-11;http://www.rad.cvm.gov.br/ENETCONSULTA/frmDownloadDocumento.aspx?CodigoInstituicao=1&NumeroSequencialDocumento=157054
16.670.085/0001-55;2026-03-31;1;LOCALIZA RENT A CAR S.A.;019739;ITR;156896;2026-05-07;http://www.rad.cvm.gov.br/ENETCONSULTA/frmDownloadDocumento.aspx?CodigoInstituicao=1&NumeroSequencialDocumento=156896
16.676.520/0001-59;2026-03-31;1;HOSPITAL MATER DEI S.A.;025690;ITR;156764;2026-05-06;http://www.rad.cvm.gov.br/ENETCONSULTA/frmDownloadDocumento.aspx?CodigoInstituicao=1&NumeroSequencialDocumento=156764
16.811.931/0001-00;2026-03-31;1;ALPHAVILLE S.A.;025275;ITR;157419;2026-05-14;http://www.rad.cvm.gov.br/ENETCONSULTA/frmDownloadDocumento.aspx?CodigoInstituicao=1&NumeroSequencialDocumento=157419
16.922.038/0001-51;2026-03-31;1;ENJOEI S.A.;025259;ITR;157215;2026-05-12;http://www.rad.cvm.gov.br/ENETCONSULTA/frmDownloadDocumento.aspx?CodigoInstituicao=1&NumeroSequencialDocumento=157215
17.155.730/0001-64;2026-03-31;1;CIA ENERGETICA DE MINAS GERAIS - CEMIG;002453;ITR;156907;2026-05-07;http://www.rad.cvm.gov.br/ENETCONSULTA/frmDownloadDocumento.aspx?CodigoInstituicao=1&NumeroSequencialDocumento=156907
17.159.005/0001-64;2026-03-31;1;FIACAO E TECELAGEM SAO JOSE SA EM RECUPERACAO JUDICIAL;005983;ITR;157656;2026-05-15;http://www.rad.cvm.gov.br/ENETCONSULTA/frmDownloadDocumento.aspx?CodigoInstituicao=1&NumeroSequencialDocumento=157656
17.159.229/0001-76;2026-03-31;1;LABORATÓRIO TEUTO BRASILEIRO S.A.;026182;ITR;157435;2026-05-14;http://www.rad.cvm.gov.br/ENETCONSULTA/frmDownloadDocumento.aspx?CodigoInstituicao=1&NumeroSequencialDocumento=157435
17.161.241/0001-15;2026-03-31;1;MINASMAQUINAS S.A.;008818;ITR;157535;2026-05-15;http://www.rad.cvm.gov.br/ENETCONSULTA/frmDownloadDocumento.aspx?CodigoInstituicao=1&NumeroSequencialDocumento=157535
17.162.082/0001-73;2026-03-31;1;MENDES JUNIOR ENGENHARIA S.A.;004782;ITR;157371;2026-05-14;http://www.rad.cvm.gov.br/ENETCONSULTA/frmDownloadDocumento.aspx?CodigoInstituicao=1&NumeroSequencialDocumento=157371
17.167.396/0001-69;2026-03-31;1;ALFA HOLDINGS S.A.;009954;ITR;157381;2026-05-14;http://www.rad.cvm.gov.br/ENETCONSULTA/frmDownloadDocumento.aspx?CodigoInstituicao=1&NumeroSequencialDocumento=157381
17.184.037/0001-10;2026-03-31;1;BCO MERCANTIL DO BRASIL S.A.;001325;ITR;156672;2026-05-06;http://www.rad.cvm.gov.br/ENETCONSULTA/frmDownloadDocumento.aspx?CodigoInstituicao=1&NumeroSequencialDocumento=156672
17.234.244/0001-31;2026-03-31;1;FTL - FERROVIA TRANSNORDESTINA LOGÍSTICA S.A.;023370;ITR;157519;2026-05-15;http://www.rad.cvm.gov.br/ENETCONSULTA/frmDownloadDocumento.aspx?CodigoInstituicao=1&NumeroSequencialDocumento=157519
17.245.234/0001-00;2026-03-31;1;CIA FIACAO TECIDOS CEDRO CACHOEIRA;003077;ITR;157250;2026-05-13;http://www.rad.cvm.gov.br/ENETCONSULTA/frmDownloadDocumento.aspx?CodigoInstituicao=1&NumeroSequencialDocumento=157250
17.281.106/0001-03;2026-03-31;1;CIA SANEAMENTO DE MINAS GERAIS-COPASA MG;019445;ITR;157007;2026-05-08;http://www.rad.cvm.gov.br/ENETCONSULTA/frmDownloadDocumento.aspx?CodigoInstituicao=1&NumeroSequencialDocumento=157007
17.314.329/0001-20;2026-03-31;1;INTERNATIONAL MEAL COMPANY ALIMENTACAO S.A.;023574;ITR;157470;2026-05-14;http://www.rad.cvm.gov.br/ENETCONSULTA/frmDownloadDocumento.aspx?CodigoInstituicao=1&NumeroSequencialDocumento=157470
17.344.597/0001-94;2026-03-31;1;BB SEGURIDADE PARTICIPAÇÕES S.A.;023159;ITR;156569;2026-05-04;http://www.rad.cvm.gov.br/ENETCONSULTA/frmDownloadDocumento.aspx?CodigoInstituicao=1&NumeroSequencialDocumento=156569
17.359.233/0001-88;2026-03-31;1;TECIDOS E ARMARINHOS MIGUEL BARTOLOMEU S.A.;026760;ITR;157652;2026-05-15;http://www.rad.cvm.gov.br/ENETCONSULTA/frmDownloadDocumento.aspx?CodigoInstituicao=1&NumeroSequencialDocumento=157652
17.765.891/0001-70;2026-03-31;1;GRUPO SALTA EDUCAÇÃO S.A.;027820;ITR;156857;2026-05-07;http://www.rad.cvm.gov.br/ENETCONSULTA/frmDownloadDocumento.aspx?CodigoInstituicao=1&NumeroSequencialDocumento=156857
18.080.368/0001-72;2026-03-31;1;OZN HEALTH SPE S.A.;027901;ITR;157126;2026-05-12;http://www.rad.cvm.gov.br/ENETCONSULTA/frmDownloadDocumento.aspx?CodigoInstituicao=1&NumeroSequencialDocumento=157126
18.174.270/0001-84;2026-03-31;1;DOTZ S.A.;025836;ITR;157461;2026-05-14;http://www.rad.cvm.gov.br/ENETCONSULTA/frmDownloadDocumento.aspx?CodigoInstituicao=1&NumeroSequencialDocumento=157461
18.328.118/0001-09;2026-03-31;1;PET CENTER COMÉRCIO E PARTICIPAÇÕES S.A.;025089;ITR;156833;2026-05-07;http://www.rad.cvm.gov.br/ENETCONSULTA/frmDownloadDocumento.aspx?CodigoInstituicao=1&NumeroSequencialDocumento=156833
18.494.485/0001-82;2026-03-31;1;PORTO SUDESTE V.M. S.A.;023523;ITR;157512;2026-05-15;http://www.rad.cvm.gov.br/ENETCONSULTA/frmDownloadDocumento.aspx?CodigoInstituicao=1&NumeroSequencialDocumento=157512
18.572.225/0001-88;2026-03-31;1;CONCEBRA - CONCESSIONARIA DAS RODOVIAS CENTRAIS DO BRASIL;023868;ITR;157670;2026-05-15;http://www.rad.cvm.gov.br/ENETCONSULTA/frmDownloadDocumento.aspx?CodigoInstituicao=1&NumeroSequencialDocumento=157670
18.593.815/0001-97;2026-03-31;1;PRINER SERVIÇOS INDUSTRIAIS S.A.;024236;ITR;157436;2026-05-14;http://www.rad.cvm.gov.br/ENETCONSULTA/frmDownloadDocumento.aspx?CodigoInstituicao=1&NumeroSequencialDocumento=157436
18.903.785/0001-78;2026-03-31;1;HOLDING DO ARAGUAIA S.A.;026565;ITR;156871;2026-05-07;http://www.rad.cvm.gov.br/ENETCONSULTA/frmDownloadDocumento.aspx?CodigoInstituicao=1&NumeroSequencialDocumento=156871
18.903.785/0001-78;2026-03-31;2;HOLDING DO ARAGUAIA S.A.;026565;ITR;157123;2026-05-12;http://www.rad.cvm.gov.br/ENETCONSULTA/frmDownloadDocumento.aspx?CodigoInstituicao=1&NumeroSequencialDocumento=157123
18.903.785/0001-78;2026-06-30;1;HOLDING DO ARAGUAIA S.A.;026565;ITR;159835;2026-07-30;http://www.rad.cvm.gov.br/ENETCONSULTA/frmDownloadDocumento.aspx?CodigoInstituicao=1&NumeroSequencialDocumento=159835
19.014.221/0001-47;2026-03-31;1;CHINA THREE GORGES BRASIL ENERGIA S.A.;027103;ITR;157466;2026-05-14;http://www.rad.cvm.gov.br/ENETCONSULTA/frmDownloadDocumento.aspx?CodigoInstituicao=1&NumeroSequencialDocumento=157466
19.208.022/0001-70;2026-03-31;1;ECO050 CONCESSIONÁRIA DE RODOVIAS S.A.;023884;ITR;156867;2026-05-07;http://www.rad.cvm.gov.br/ENETCONSULTA/frmDownloadDocumento.aspx?CodigoInstituicao=1&NumeroSequencialDocumento=156867
19.208.022/0001-70;2026-06-30;1;ECO050 CONCESSIONÁRIA DE RODOVIAS S.A.;023884;ITR;159831;2026-07-30;http://www.rad.cvm.gov.br/ENETCONSULTA/frmDownloadDocumento.aspx?CodigoInstituicao=1&NumeroSequencialDocumento=159831
19.403.252/0001-90;2026-03-31;1;EMCCAMP RESIDENCIAL S.A.;025909;ITR;157665;2026-05-15;http://www.rad.cvm.gov.br/ENETCONSULTA/frmDownloadDocumento.aspx?CodigoInstituicao=1&NumeroSequencialDocumento=157665
19.521.322/0001-04;2026-03-31;1;CONCESSIONÁRIA ROTA DO OESTE S.A.;023922;ITR;157395;2026-05-14;http://www.rad.cvm.gov.br/ENETCONSULTA/frmDownloadDocumento.aspx?CodigoInstituicao=1&NumeroSequencialDocumento=157395
19.526.748/0001-50;2026-03-31;1;COMPANHIA INDUSTRIAL CATAGUASES;003395;ITR;157544;2026-05-15;http://www.rad.cvm.gov.br/ENETCONSULTA/frmDownloadDocumento.aspx?CodigoInstituicao=1&NumeroSequencialDocumento=157544
19.527.586/0001-75;2026-03-31;1;COMPANHIA ENERGÉTICA SINOP S/A;024155;ITR;156738;2026-05-06;http://www.rad.cvm.gov.br/ENETCONSULTA/frmDownloadDocumento.aspx?CodigoInstituicao=1&NumeroSequencialDocumento=156738
19.527.639/0001-58;2026-03-31;1;ENERGISA MINAS RIO - DISTRIBUIDORA DE ENERGIA S/A;003271;ITR;157073;2026-05-11;http://www.rad.cvm.gov.br/ENETCONSULTA/frmDownloadDocumento.aspx?CodigoInstituicao=1&NumeroSequencialDocumento=157073
19.642.306/0001-70;2026-03-31;1;CONCESSIONÁRIA DE RODOVIA SUL-MATOGROSSENSE S.A.;023833;ITR;157165;2026-05-12;http://www.rad.cvm.gov.br/ENETCONSULTA/frmDownloadDocumento.aspx?CodigoInstituicao=1&NumeroSequencialDocumento=157165
20.247.322/0001-47;2026-03-31;1;ALLIED TECNOLOGIA S.A.;025330;ITR;156888;2026-05-07;http://www.rad.cvm.gov.br/ENETCONSULTA/frmDownloadDocumento.aspx?CodigoInstituicao=1&NumeroSequencialDocumento=156888
20.258.278/0001-70;2026-03-31;1;OUROFINO S.A.;023507;ITR;156832;2026-05-07;http://www.rad.cvm.gov.br/ENETCONSULTA/frmDownloadDocumento.aspx?CodigoInstituicao=1&NumeroSequencialDocumento=156832
20.512.706/0001-40;2026-03-31;1;VITRU EDUCAÇÃO S.A.;027057;ITR;156784;2026-05-06;http://www.rad.cvm.gov.br/ENETCONSULTA/frmDownloadDocumento.aspx?CodigoInstituicao=1&NumeroSequencialDocumento=156784
20.514.555/0001-69;2026-03-31;1;ARGO VI TRANSMISSÃO DE ENERGIA S.A.;026670;ITR;157488;2026-05-14;http://www.rad.cvm.gov.br/ENETCONSULTA/frmDownloadDocumento.aspx?CodigoInstituicao=1&NumeroSequencialDocumento=157488
20.514.590/0001-88;2026-03-31;1;ARGO V TRANSMISSÃO DE ENERGIA S.A.;026662;ITR;157489;2026-05-14;http://www.rad.cvm.gov.br/ENETCONSULTA/frmDownloadDocumento.aspx?CodigoInstituicao=1&NumeroSequencialDocumento=157489
21.254.073/0001-80;2026-03-31;1;COMPANHIA ITAUNENSE ENERGIA E PARTICIPAÇÕES;003450;ITR;157369;2026-05-14;http://www.rad.cvm.gov.br/ENETCONSULTA/frmDownloadDocumento.aspx?CodigoInstituicao=1&NumeroSequencialDocumento=157369
21.314.559/0001-66;2026-03-31;1;MOVIDA PARTICIPACOES SA;023825;ITR;156573;2026-05-04;http://www.rad.cvm.gov.br/ENETCONSULTA/frmDownloadDocumento.aspx?CodigoInstituicao=1&NumeroSequencialDocumento=156573
21.389.501/0001-81;2026-03-31;1;COMPASS GÁS E ENERGIA S.A.;025127;ITR;157301;2026-05-13;http://www.rad.cvm.gov.br/ENETCONSULTA/frmDownloadDocumento.aspx?CodigoInstituicao=1&NumeroSequencialDocumento=157301
21.414.457/0001-12;2026-03-31;1;LEADS CIA. SECURITIZADORA;023558;ITR;157946;2026-05-26;http://www.rad.cvm.gov.br/ENETCONSULTA/frmDownloadDocumento.aspx?CodigoInstituicao=1&NumeroSequencialDocumento=157946
21.728.083/0001-00;2026-03-31;1;TRANSMISSORA JOSÉ MARIA DE MACEDO DE ELETRICIDADE S.A.;026654;ITR;157484;2026-05-14;http://www.rad.cvm.gov.br/ENETCONSULTA/frmDownloadDocumento.aspx?CodigoInstituicao=1&NumeroSequencialDocumento=157484
21.748.188/0001-20;2026-03-31;1;TERP GLBL BRASIL I PARTICIPAÇÕES S.A.;027804;ITR;157547;2026-05-15;http://www.rad.cvm.gov.br/ENETCONSULTA/frmDownloadDocumento.aspx?CodigoInstituicao=1&NumeroSequencialDocumento=157547
21.748.188/0001-20;2026-06-30;1;TERP GLBL BRASIL I PARTICIPAÇÕES S.A.;027804;ITR;160056;2026-07-31;http://www.rad.cvm.gov.br/ENETCONSULTA/frmDownloadDocumento.aspx?CodigoInstituicao=1&NumeroSequencialDocumento=160056
22.163.297/0001-49;2026-03-31;1;CONCESSIONÁRIA PONTE RIO-NITERÓI S.A. - ECOPONTE;024139;ITR;156865;2026-05-07;http://www.rad.cvm.gov.br/ENETCONSULTA/frmDownloadDocumento.aspx?CodigoInstituicao=1&NumeroSequencialDocumento=156865
22.163.297/0001-49;2026-06-30;1;CONCESSIONÁRIA PONTE RIO-NITERÓI S.A. - ECOPONTE;024139;ITR;159838;2026-07-30;http://www.rad.cvm.gov.br/ENETCONSULTA/frmDownloadDocumento.aspx?CodigoInstituicao=1&NumeroSequencialDocumento=159838
22.261.473/0001-85;2026-03-31;1;COMPANHIA DE GÁS DE MINAS GERAIS - GASMIG;025178;ITR;156785;2026-05-06;http://www.rad.cvm.gov.br/ENETCONSULTA/frmDownloadDocumento.aspx?CodigoInstituicao=1&NumeroSequencialDocumento=156785
22.266.175/0001-88;2026-03-31;1;FERTILIZANTES HERINGER S.A.;020621;ITR;156990;2026-05-08;http://www.rad.cvm.gov.br/ENETCONSULTA/frmDownloadDocumento.aspx?CodigoInstituicao=1&NumeroSequencialDocumento=156990
22.543.331/0001-00;2026-03-31;1;CAIXA SEGURIDADE PARTICIPAÇÕES S.A.;023795;ITR;156895;2026-05-07;http://www.rad.cvm.gov.br/ENETCONSULTA/frmDownloadDocumento.aspx?CodigoInstituicao=1&NumeroSequencialDocumento=156895
23.096.269/0001-19;2026-03-31;1;RIO PARANA ENERGIA S.A.;025623;ITR;157469;2026-05-14;http://www.rad.cvm.gov.br/ENETCONSULTA/frmDownloadDocumento.aspx?CodigoInstituicao=1&NumeroSequencialDocumento=157469
23.236.821/0001-27;2026-03-31;1;PATRIMAR ENGENHARIA S.A.;025305;ITR;157649;2026-05-15;http://www.rad.cvm.gov.br/ENETCONSULTA/frmDownloadDocumento.aspx?CodigoInstituicao=1&NumeroSequencialDocumento=157649
23.373.000/0001-32;2026-03-31;1;VAMOS LOCAÇÃO DE CAMINHÕES, MÁQUINAS E EQUIPAMENTOS S.A.;024716;ITR;156786;2026-05-06;http://www.rad.cvm.gov.br/ENETCONSULTA/frmDownloadDocumento.aspx?CodigoInstituicao=1&NumeroSequencialDocumento=156786
23.438.929/0001-00;2026-03-31;1;ALARES INTERNET PARTICIPAÇÕES S/A;025194;ITR;157410;2026-05-14;http://www.rad.cvm.gov.br/ENETCONSULTA/frmDownloadDocumento.aspx?CodigoInstituicao=1&NumeroSequencialDocumento=157410
23.438.929/0001-00;2026-03-31;2;ALARES INTERNET PARTICIPAÇÕES S/A;025194;ITR;157591;2026-05-15;http://www.rad.cvm.gov.br/ENETCONSULTA/frmDownloadDocumento.aspx?CodigoInstituicao=1&NumeroSequencialDocumento=157591
23.994.857/0001-70;2026-03-31;1;ATOM EDUCAÇÃO E EDITORA S.A.;027677;ITR;157002;2026-05-08;http://www.rad.cvm.gov.br/ENETCONSULTA/frmDownloadDocumento.aspx?CodigoInstituicao=1&NumeroSequencialDocumento=157002
24.230.275/0001-80;2026-03-31;1;PLANO & PLANO DESENVOLVIMENTO IMOBILIÁRIO S.A.;025070;ITR;156894;2026-05-07;http://www.rad.cvm.gov.br/ENETCONSULTA/frmDownloadDocumento.aspx?CodigoInstituicao=1&NumeroSequencialDocumento=156894
24.396.489/0001-20;2026-03-31;1;BRK AMBIENTAL PARTICIPAÇÕES S.A.;024830;ITR;157502;2026-05-15;http://www.rad.cvm.gov.br/ENETCONSULTA/frmDownloadDocumento.aspx?CodigoInstituicao=1&NumeroSequencialDocumento=157502
24.624.490/0001-65;2026-03-31;1;ARGO TRANSMISSÃO DE ENERGIA S/A;024210;ITR;157490;2026-05-14;http://www.rad.cvm.gov.br/ENETCONSULTA/frmDownloadDocumento.aspx?CodigoInstituicao=1&NumeroSequencialDocumento=157490
24.624.551/0001-94;2026-03-31;1;ARGO ENERGIA EMPREENDIMENTOS E PARTICIPAÇÕES S/A;024120;ITR;157492;2026-05-14;http://www.rad.cvm.gov.br/ENETCONSULTA/frmDownloadDocumento.aspx?CodigoInstituicao=1&NumeroSequencialDocumento=157492
24.921.465/0001-43;2026-03-31;1;BLUEFIT ACADEMIAS DE GINÁSTICA E PARTICIPAÇÕES S.A.;026204;ITR;157633;2026-05-15;http://www.rad.cvm.gov.br/ENETCONSULTA/frmDownloadDocumento.aspx?CodigoInstituicao=1&NumeroSequencialDocumento=157633
24.962.466/0001-36;2026-03-31;1;RUMO MALHA NORTE S.A.;015300;ITR;157242;2026-05-12;http://www.rad.cvm.gov.br/ENETCONSULTA/frmDownloadDocumento.aspx?CodigoInstituicao=1&NumeroSequencialDocumento=157242
24.990.777/0001-09;2026-03-31;1;GRUPO MATEUS S.A.;025186;ITR;157460;2026-05-14;http://www.rad.cvm.gov.br/ENETCONSULTA/frmDownloadDocumento.aspx?CodigoInstituicao=1&NumeroSequencialDocumento=157460
25.369.840/0001-57;2026-03-31;1;COMERC ENERGIA S.A.;026280;ITR;156756;2026-05-06;http://www.rad.cvm.gov.br/ENETCONSULTA/frmDownloadDocumento.aspx?CodigoInstituicao=1&NumeroSequencialDocumento=156756
26.345.998/0001-50;2026-03-31;1;ECONOMATICA S.A.;026077;ITR;157491;2026-05-14;http://www.rad.cvm.gov.br/ENETCONSULTA/frmDownloadDocumento.aspx?CodigoInstituicao=1&NumeroSequencialDocumento=157491
26.462.693/0001-28;2026-03-31;1;LAVVI EMPREENDIMENTOS IMOBILIÁRIOS S.A.;025062;ITR;156744;2026-05-06;http://www.rad.cvm.gov.br/ENETCONSULTA/frmDownloadDocumento.aspx?CodigoInstituicao=1&NumeroSequencialDocumento=156744
26.609.050/0001-64;2026-03-31;1;TRAVESSIA SECURITIZADORA S.A.;024082;ITR;157267;2026-05-13;http://www.rad.cvm.gov.br/ENETCONSULTA/frmDownloadDocumento.aspx?CodigoInstituicao=1&NumeroSequencialDocumento=157267
26.659.061/0001-59;2026-03-31;1;MPM CORPÓREOS S.A.;025445;ITR;156747;2026-05-06;http://www.rad.cvm.gov.br/ENETCONSULTA/frmDownloadDocumento.aspx?CodigoInstituicao=1&NumeroSequencialDocumento=156747
26.664.057/0001-89;2026-03-31;1;ENTREVIAS CONCESSIONÁRIA DE RODOVIAS S.A.;024341;ITR;157641;2026-05-15;http://www.rad.cvm.gov.br/ENETCONSULTA/frmDownloadDocumento.aspx?CodigoInstituicao=1&NumeroSequencialDocumento=157641
26.845.702/0001-60;2026-03-31;1;BELÉM TRANSMISSORA DE ENERGIA S.A;024457;ITR;157321;2026-05-13;http://www.rad.cvm.gov.br/ENETCONSULTA/frmDownloadDocumento.aspx?CodigoInstituicao=1&NumeroSequencialDocumento=157321
26.982.634/0001-80;2026-03-31;1;TURBI COMPARTILHAMENTO DE VEÍCULOS S.A.;027197;ITR;157566;2026-05-15;http://www.rad.cvm.gov.br/ENETCONSULTA/frmDownloadDocumento.aspx?CodigoInstituicao=1&NumeroSequencialDocumento=157566
27.093.558/0001-15;2026-03-31;1;MILLS LOCAÇÃO, SERVIÇOS E LOGÍSTICA S.A.;022012;ITR;156762;2026-05-06;http://www.rad.cvm.gov.br/ENETCONSULTA/frmDownloadDocumento.aspx?CodigoInstituicao=1&NumeroSequencialDocumento=156762
27.137.879/0001-74;2026-03-31;1;CIA SEC DE CRÉDITOS FINANCEIROS CARTÕES CONSIGNADOS I;024147;ITR;157384;2026-05-14;http://www.rad.cvm.gov.br/ENETCONSULTA/frmDownloadDocumento.aspx?CodigoInstituicao=1&NumeroSequencialDocumento=157384
27.157.474/0001-06;2026-03-31;1;ÁGUAS DE TERESINA SANEAMENTO SPE S.A.;025615;ITR;156971;2026-05-08;http://www.rad.cvm.gov.br/ENETCONSULTA/frmDownloadDocumento.aspx?CodigoInstituicao=1&NumeroSequencialDocumento=156971
27.743.642/0001-37;2026-03-31;1;CONSTRUTORA METROCASA S.A.;027340;ITR;157545;2026-05-15;http://www.rad.cvm.gov.br/ENETCONSULTA/frmDownloadDocumento.aspx?CodigoInstituicao=1&NumeroSequencialDocumento=157545
27.902.165/0002-96;2026-03-31;1;HIGHLINE BRASIL II INFRAESTRUTURA DE TELECOMUNICAÇÕES S.A.;027880;ITR;157827;2026-05-21;http://www.rad.cvm.gov.br/ENETCONSULTA/frmDownloadDocumento.aspx?CodigoInstituicao=1&NumeroSequencialDocumento=157827
27.967.244/0001-02;2026-03-31;1;TAPAJÓS TRANSMISSORA DE ENERGIA S.A.;024481;ITR;157318;2026-05-13;http://www.rad.cvm.gov.br/ENETCONSULTA/frmDownloadDocumento.aspx?CodigoInstituicao=1&NumeroSequencialDocumento=157318
28.019.100/0001-89;2026-03-31;1;VIAPAULISTA S.A.;025607;ITR;157478;2026-05-14;http://www.rad.cvm.gov.br/ENETCONSULTA/frmDownloadDocumento.aspx?CodigoInstituicao=1&NumeroSequencialDocumento=157478
28.127.603/0001-78;2026-03-31;1;BANESTES S.A. - BCO EST ESPIRITO SANTO;001155;ITR;157286;2026-05-13;http://www.rad.cvm.gov.br/ENETCONSULTA/frmDownloadDocumento.aspx?CodigoInstituicao=1&NumeroSequencialDocumento=157286
28.152.650/0001-71;2026-03-31;1;EDP ESPIRITO SANTO DISTRIBUIÇÃO DE ENERGIA S.A.;015342;ITR;156766;2026-05-06;http://www.rad.cvm.gov.br/ENETCONSULTA/frmDownloadDocumento.aspx?CodigoInstituicao=1&NumeroSequencialDocumento=156766
28.152.650/0001-71;2026-06-30;1;EDP ESPIRITO SANTO DISTRIBUIÇÃO DE ENERGIA S.A.;015342;ITR;159735;2026-07-28;http://www.rad.cvm.gov.br/ENETCONSULTA/frmDownloadDocumento.aspx?CodigoInstituicao=1&NumeroSequencialDocumento=159735
28.195.667/0001-06;2026-03-31;1;BCO ABC BRASIL S.A.;020958;ITR;156790;2026-05-07;http://www.rad.cvm.gov.br/ENETCONSULTA/frmDownloadDocumento.aspx?CodigoInstituicao=1&NumeroSequencialDocumento=156790
28.201.130/0001-01;2026-03-31;1;ENERGISA TRANSMISSÃO DE ENERGIA S/A;024589;ITR;157089;2026-05-11;http://www.rad.cvm.gov.br/ENETCONSULTA/frmDownloadDocumento.aspx?CodigoInstituicao=1&NumeroSequencialDocumento=157089
28.367.479/0001-18;2026-03-31;1;QUANTUM PARTICIPAÇÕES S.A;027855;ITR;157365;2026-05-14;http://www.rad.cvm.gov.br/ENETCONSULTA/frmDownloadDocumento.aspx?CodigoInstituicao=1&NumeroSequencialDocumento=157365
28.594.234/0001-23;2026-03-31;1;AUREN ENERGIA S.A.;026620;ITR;156730;2026-05-06;http://www.rad.cvm.gov.br/ENETCONSULTA/frmDownloadDocumento.aspx?CodigoInstituicao=1&NumeroSequencialDocumento=156730
28.925.264/0001-75;2026-03-31;1;COMPANHIA ENERGÉTICA JAGUARA;024422;ITR;157280;2026-05-13;http://www.rad.cvm.gov.br/ENETCONSULTA/frmDownloadDocumento.aspx?CodigoInstituicao=1&NumeroSequencialDocumento=157280
28.942.127/0001-49;2026-03-31;1;COMPANHIA ENERGÉTICA MIRANDA;024430;ITR;157282;2026-05-13;http://www.rad.cvm.gov.br/ENETCONSULTA/frmDownloadDocumento.aspx?CodigoInstituicao=1&NumeroSequencialDocumento=157282
29.780.061/0001-09;2026-03-31;1;SAO CARLOS EMPREEND E PARTICIPACOES S.A.;013781;ITR;157317;2026-05-13;http://www.rad.cvm.gov.br/ENETCONSULTA/frmDownloadDocumento.aspx?CodigoInstituicao=1&NumeroSequencialDocumento=157317
29.884.545/0001-90;2026-03-31;1;ECORIOMINAS CONCESSIONÁRIA DE RODOVIAS S.A.;027456;ITR;156866;2026-05-07;http://www.rad.cvm.gov.br/ENETCONSULTA/frmDownloadDocumento.aspx?CodigoInstituicao=1&NumeroSequencialDocumento=156866
29.884.545/0001-90;2026-06-30;1;ECORIOMINAS CONCESSIONÁRIA DE RODOVIAS S.A.;027456;ITR;159832;2026-07-30;http://www.rad.cvm.gov.br/ENETCONSULTA/frmDownloadDocumento.aspx?CodigoInstituicao=1&NumeroSequencialDocumento=159832
29.980.141/0001-08;2026-03-31;1;OCEÂNICA ENGENHARIA E CONSULTORIA S.A.;026956;ITR;157343;2026-05-13;http://www.rad.cvm.gov.br/ENETCONSULTA/frmDownloadDocumento.aspx?CodigoInstituicao=1&NumeroSequencialDocumento=157343
30.213.493/0001-09;2026-03-31;1;TEGRA INCORPORADORA S.A.;025844;ITR;157437;2026-05-14;http://www.rad.cvm.gov.br/ENETCONSULTA/frmDownloadDocumento.aspx?CodigoInstituicao=1&NumeroSequencialDocumento=157437
30.306.294/0001-45;2026-03-31;1;BCO BTG PACTUAL S.A.;022616;ITR;157012;2026-05-11;http://www.rad.cvm.gov.br/ENETCONSULTA/frmDownloadDocumento.aspx?CodigoInstituicao=1&NumeroSequencialDocumento=157012
30.306.294/0001-45;2026-03-31;2;BCO BTG PACTUAL S.A.;022616;ITR;157667;2026-05-15;http://www.rad.cvm.gov.br/ENETCONSULTA/frmDownloadDocumento.aspx?CodigoInstituicao=1&NumeroSequencialDocumento=157667
30.540.991/0001-66;2026-03-31;1;HAGA S.A. INDUSTRIA E COMERCIO;013366;ITR;157261;2026-05-13;http://www.rad.cvm.gov.br/ENETCONSULTA/frmDownloadDocumento.aspx?CodigoInstituicao=1&NumeroSequencialDocumento=157261
31.001.230/0001-07;2026-03-31;1;CELEO REDES TRANSMISSÃO DE ENERGIA S.A.;024597;ITR;157362;2026-05-14;http://www.rad.cvm.gov.br/ENETCONSULTA/frmDownloadDocumento.aspx?CodigoInstituicao=1&NumeroSequencialDocumento=157362
31.468.139/0001-98;2026-03-31;1;CASA DE PEDRA SECURITIZADORA DE CREDITO S/A;024643;ITR;157375;2026-05-14;http://www.rad.cvm.gov.br/ENETCONSULTA/frmDownloadDocumento.aspx?CodigoInstituicao=1&NumeroSequencialDocumento=157375
31.553.627/0001-01;2026-03-31;1;GRUPO TOKY S.A. - EM RECUPERAÇÃO JUDICIAL;025461;ITR;158526;2026-05-29;http://www.rad.cvm.gov.br/ENETCONSULTA/frmDownloadDocumento.aspx?CodigoInstituicao=1&NumeroSequencialDocumento=158526
31.748.174/0001-60;2026-03-31;1;VERO S.A.;026409;ITR;157351;2026-05-14;http://www.rad.cvm.gov.br/ENETCONSULTA/frmDownloadDocumento.aspx?CodigoInstituicao=1&NumeroSequencialDocumento=157351
32.021.201/0001-61;2026-03-31;1;ORIGEM ENERGIA S.A.;027227;ITR;157294;2026-05-13;http://www.rad.cvm.gov.br/ENETCONSULTA/frmDownloadDocumento.aspx?CodigoInstituicao=1&NumeroSequencialDocumento=157294
32.161.500/0001-00;2026-03-31;1;CONCESSIONÁRIA DAS RODOVIAS INTEGRADAS DO SUL S.A.;025356;ITR;157217;2026-05-12;http://www.rad.cvm.gov.br/ENETCONSULTA/frmDownloadDocumento.aspx?CodigoInstituicao=1&NumeroSequencialDocumento=157217
32.431.519/0001-10;2026-03-31;1;HÉLIO VALGAS SOLAR PARTICIPAÇÕES S.A.;027332;ITR;156757;2026-05-06;http://www.rad.cvm.gov.br/ENETCONSULTA/frmDownloadDocumento.aspx?CodigoInstituicao=1&NumeroSequencialDocumento=156757
32.681.371/0001-72;2026-03-31;1;VIX LOGÍSTICA S.A.;021202;ITR;157171;2026-05-12;http://www.rad.cvm.gov.br/ENETCONSULTA/frmDownloadDocumento.aspx?CodigoInstituicao=1&NumeroSequencialDocumento=157171
33.000.167/0001-01;2026-03-31;1;PETROLEO BRASILEIRO S.A. PETROBRAS;009512;ITR;157107;2026-05-11;http://www.rad.cvm.gov.br/ENETCONSULTA/frmDownloadDocumento.aspx?CodigoInstituicao=1&NumeroSequencialDocumento=157107
33.000.167/0001-01;2026-03-31;2;PETROLEO BRASILEIRO S.A. PETROBRAS;009512;ITR;157120;2026-05-11;http://www.rad.cvm.gov.br/ENETCONSULTA/frmDownloadDocumento.aspx?CodigoInstituicao=1&NumeroSequencialDocumento=157120
33.035.536/0001-00;2026-03-31;1;JOAO FORTES ENGENHARIA S.A. - EM RECUPERAÇÃO JUDICIAL;007811;ITR;157408;2026-05-14;http://www.rad.cvm.gov.br/ENETCONSULTA/frmDownloadDocumento.aspx?CodigoInstituicao=1&NumeroSequencialDocumento=157408
33.041.260/0652-90;2026-03-31;1;GRUPO CASAS BAHIA S.A.;006505;ITR;157336;2026-05-13;http://www.rad.cvm.gov.br/ENETCONSULTA/frmDownloadDocumento.aspx?CodigoInstituicao=1&NumeroSequencialDocumento=157336
33.042.730/0001-04;2026-03-31;1;CIA SIDERURGICA NACIONAL;004030;ITR;157335;2026-05-13;http://www.rad.cvm.gov.br/ENETCONSULTA/frmDownloadDocumento.aspx?CodigoInstituicao=1&NumeroSequencialDocumento=157335
33.050.071/0001-58;2026-03-31;1;AMPLA ENERGIA E SERVICOS S.A.;003050;ITR;156495;2026-04-29;http://www.rad.cvm.gov.br/ENETCONSULTA/frmDownloadDocumento.aspx?CodigoInstituicao=1&NumeroSequencialDocumento=156495
33.050.071/0001-58;2026-06-30;1;AMPLA ENERGIA E SERVICOS S.A.;003050;ITR;159744;2026-07-28;http://www.rad.cvm.gov.br/ENETCONSULTA/frmDownloadDocumento.aspx?CodigoInstituicao=1&NumeroSequencialDocumento=159744
33.050.196/0001-88;2026-03-31;1;CIA PAULISTA DE FORCA E LUZ;003824;ITR;157450;2026-05-14;http://www.rad.cvm.gov.br/ENETCONSULTA/frmDownloadDocumento.aspx?CodigoInstituicao=1&NumeroSequencialDocumento=157450
33.113.309/0001-47;2026-03-31;1;VALID SOLUÇÕES S.A.;020028;ITR;156728;2026-05-06;http://www.rad.cvm.gov.br/ENETCONSULTA/frmDownloadDocumento.aspx?CodigoInstituicao=1&NumeroSequencialDocumento=156728
33.200.049/0001-47;2026-03-31;1;HOTEIS OTHON S.A. - EM RECUPERAÇÃO JUDICIAL;006700;ITR;157525;2026-05-15;http://www.rad.cvm.gov.br/ENETCONSULTA/frmDownloadDocumento.aspx?CodigoInstituicao=1&NumeroSequencialDocumento=157525
33.228.024/0001-51;2026-03-31;1;WLM PART. E COMÉRCIO DE MÁQUINAS E VEÍCULOS S.A.;011070;ITR;157615;2026-05-15;http://www.rad.cvm.gov.br/ENETCONSULTA/frmDownloadDocumento.aspx?CodigoInstituicao=1&NumeroSequencialDocumento=157615
33.256.439/0001-39;2026-03-31;1;ULTRAPAR PARTICIPACOES S.A.;018465;ITR;156748;2026-05-06;http://www.rad.cvm.gov.br/ENETCONSULTA/frmDownloadDocumento.aspx?CodigoInstituicao=1&NumeroSequencialDocumento=156748
33.352.394/0001-04;2026-03-31;1;CIA ESTADUAL DE ÁGUAS E ESGOTOS - CEDAE;016373;ITR;159531;2026-07-15;http://www.rad.cvm.gov.br/ENETCONSULTA/frmDownloadDocumento.aspx?CodigoInstituicao=1&NumeroSequencialDocumento=159531
33.376.989/0001-91;2026-03-31;1;IRB - BRASIL RESSEGUROS S.A.;024180;ITR;156596;2026-05-04;http://www.rad.cvm.gov.br/ENETCONSULTA/frmDownloadDocumento.aspx?CodigoInstituicao=1&NumeroSequencialDocumento=156596
33.386.210/0001-19;2026-03-31;1;SONDOTECNICA ENGENHARIA SOLOS S.A.;010880;ITR;157585;2026-05-15;http://www.rad.cvm.gov.br/ENETCONSULTA/frmDownloadDocumento.aspx?CodigoInstituicao=1&NumeroSequencialDocumento=157585
33.541.368/0001-16;2026-03-31;1;AXIA ENERGIA NORDESTE S.A.;003328;ITR;156760;2026-05-06;http://www.rad.cvm.gov.br/ENETCONSULTA/frmDownloadDocumento.aspx?CodigoInstituicao=1&NumeroSequencialDocumento=156760
33.572.408/0001-97;2026-03-31;1;RUMO MALHA CENTRAL S.A.;026484;ITR;157243;2026-05-12;http://www.rad.cvm.gov.br/ENETCONSULTA/frmDownloadDocumento.aspx?CodigoInstituicao=1&NumeroSequencialDocumento=157243
33.592.510/0001-54;2026-03-31;1;VALE S.A.;004170;ITR;156449;2026-04-28;http://www.rad.cvm.gov.br/ENETCONSULTA/frmDownloadDocumento.aspx?CodigoInstituicao=1&NumeroSequencialDocumento=156449
33.592.510/0001-54;2026-06-30;1;VALE S.A.;004170;ITR;159847;2026-07-30;http://www.rad.cvm.gov.br/ENETCONSULTA/frmDownloadDocumento.aspx?CodigoInstituicao=1&NumeroSequencialDocumento=159847
33.592.510/0001-54;2026-06-30;2;VALE S.A.;004170;ITR;159855;2026-07-30;http://www.rad.cvm.gov.br/ENETCONSULTA/frmDownloadDocumento.aspx?CodigoInstituicao=1&NumeroSequencialDocumento=159855
33.592.510/0001-54;2026-06-30;3;VALE S.A.;004170;ITR;159978;2026-07-31;http://www.rad.cvm.gov.br/ENETCONSULTA/frmDownloadDocumento.aspx?CodigoInstituicao=1&NumeroSequencialDocumento=159978
33.611.500/0001-19;2026-03-31;1;GERDAU S.A.;003980;ITR;156413;2026-04-27;http://www.rad.cvm.gov.br/ENETCONSULTA/frmDownloadDocumento.aspx?CodigoInstituicao=1&NumeroSequencialDocumento=156413
33.839.910/0001-11;2026-03-31;1;VIVARA PARTICIPAÇÕES S.A.;024805;ITR;156856;2026-05-07;http://www.rad.cvm.gov.br/ENETCONSULTA/frmDownloadDocumento.aspx?CodigoInstituicao=1&NumeroSequencialDocumento=156856
33.938.119/0001-69;2026-03-31;1;CIA DISTRIB DE GAS DO RIO DE JANEIRO-CEG;016616;ITR;157500;2026-05-15;http://www.rad.cvm.gov.br/ENETCONSULTA/frmDownloadDocumento.aspx?CodigoInstituicao=1&NumeroSequencialDocumento=157500
33.958.695/0001-78;2026-03-31;1;UNIPAR CARBOCLORO S.A.;011592;ITR;157392;2026-05-14;http://www.rad.cvm.gov.br/ENETCONSULTA/frmDownloadDocumento.aspx?CodigoInstituicao=1&NumeroSequencialDocumento=157392
34.169.557/0001-72;2026-03-31;1;BCO MERCANTIL DE INVESTIMENTOS S.A.;001309;ITR;156673;2026-05-06;http://www.rad.cvm.gov.br/ENETCONSULTA/frmDownloadDocumento.aspx?CodigoInstituicao=1&NumeroSequencialDocumento=156673
34.274.233/0001-02;2026-03-31;1;VIBRA ENERGIA S/A;024295;ITR;156755;2026-05-06;http://www.rad.cvm.gov.br/ENETCONSULTA/frmDownloadDocumento.aspx?CodigoInstituicao=1&NumeroSequencialDocumento=156755
34.274.233/0001-02;2026-03-31;2;VIBRA ENERGIA S/A;024295;ITR;156984;2026-05-08;http://www.rad.cvm.gov.br/ENETCONSULTA/frmDownloadDocumento.aspx?CodigoInstituicao=1&NumeroSequencialDocumento=156984
35.522.178/0001-87;2026-03-31;1;CIA SECURITIZADORA DE CRED. FIN. CARTÕES CONSIGNADOS II;026107;ITR;157389;2026-05-14;http://www.rad.cvm.gov.br/ENETCONSULTA/frmDownloadDocumento.aspx?CodigoInstituicao=1&NumeroSequencialDocumento=157389
35.593.905/0001-05;2026-03-31;1;CONCESSIONÁRIA ECOVIAS DO CERRADO S.A.;026581;ITR;156868;2026-05-07;http://www.rad.cvm.gov.br/ENETCONSULTA/frmDownloadDocumento.aspx?CodigoInstituicao=1&NumeroSequencialDocumento=156868
35.593.905/0001-05;2026-06-30;1;CONCESSIONÁRIA ECOVIAS DO CERRADO S.A.;026581;ITR;159833;2026-07-30;http://www.rad.cvm.gov.br/ENETCONSULTA/frmDownloadDocumento.aspx?CodigoInstituicao=1&NumeroSequencialDocumento=159833
35.654.688/0001-08;2026-03-31;1;AUTOMOB PARTICIPAÇÕES S.A.;027707;ITR;156783;2026-05-06;http://www.rad.cvm.gov.br/ENETCONSULTA/frmDownloadDocumento.aspx?CodigoInstituicao=1&NumeroSequencialDocumento=156783
35.727.157/0001-06;2026-03-31;1;EZ INC INCORPORAÇÕES S.A.;025380;ITR;156847;2026-05-07;http://www.rad.cvm.gov.br/ENETCONSULTA/frmDownloadDocumento.aspx?CodigoInstituicao=1&NumeroSequencialDocumento=156847
35.764.708/0001-01;2026-03-31;1;BRASIL TECNOLOGIA E PARTICIPAÇÕES S.A.;027499;ITR;157118;2026-05-11;http://www.rad.cvm.gov.br/ENETCONSULTA/frmDownloadDocumento.aspx?CodigoInstituicao=1&NumeroSequencialDocumento=157118
35.764.708/0001-01;2026-06-30;1;BRASIL TECNOLOGIA E PARTICIPAÇÕES S.A.;027499;ITR;160070;2026-07-31;http://www.rad.cvm.gov.br/ENETCONSULTA/frmDownloadDocumento.aspx?CodigoInstituicao=1&NumeroSequencialDocumento=160070
35.791.391/0001-94;2026-03-31;1;QUALITY SOFTWARE S.A.;023302;ITR;157634;2026-05-15;http://www.rad.cvm.gov.br/ENETCONSULTA/frmDownloadDocumento.aspx?CodigoInstituicao=1&NumeroSequencialDocumento=157634
35.822.503/0001-27;2026-03-31;1;INSPIRALI EDUCAÇÃO S.A.;027251;ITR;156722;2026-05-06;http://www.rad.cvm.gov.br/ENETCONSULTA/frmDownloadDocumento.aspx?CodigoInstituicao=1&NumeroSequencialDocumento=156722
35.980.592/0001-30;2026-03-31;1;ELEA DIGITAL INFRAESTRUTURA E REDES DE TELECOMUNICAÇÕES S.A.;026948;ITR;157621;2026-05-15;http://www.rad.cvm.gov.br/ENETCONSULTA/frmDownloadDocumento.aspx?CodigoInstituicao=1&NumeroSequencialDocumento=157621
36.146.575/0001-64;2026-03-31;1;EIXO SP CONCESSIONÁRIA DE RODOVIAS S.A.;026875;ITR;157409;2026-05-14;http://www.rad.cvm.gov.br/ENETCONSULTA/frmDownloadDocumento.aspx?CodigoInstituicao=1&NumeroSequencialDocumento=157409
36.542.025/0001-64;2026-03-31;1;BRQ SOLUCOES EM INFORMATICA S.A.;023817;ITR;157499;2026-05-15;http://www.rad.cvm.gov.br/ENETCONSULTA/frmDownloadDocumento.aspx?CodigoInstituicao=1&NumeroSequencialDocumento=157499
36.763.716/0001-98;2026-03-31;1;CONCESSIONÁRIA CATARINENSE DE RODOVIAS S.A.;026859;ITR;157174;2026-05-12;http://www.rad.cvm.gov.br/ENETCONSULTA/frmDownloadDocumento.aspx?CodigoInstituicao=1&NumeroSequencialDocumento=157174
37.663.076/0001-07;2026-03-31;1;AUREN PARTICIPAÇÕES S.A.;025640;ITR;156741;2026-05-06;http://www.rad.cvm.gov.br/ENETCONSULTA/frmDownloadDocumento.aspx?CodigoInstituicao=1&NumeroSequencialDocumento=156741
37.702.340/0001-74;2026-03-31;1;AUSTRAVIAS S.A.;026328;ITR;157511;2026-05-15;http://www.rad.cvm.gov.br/ENETCONSULTA/frmDownloadDocumento.aspx?CodigoInstituicao=1&NumeroSequencialDocumento=157511
38.042.694/0001-00;2026-03-31;1;TRAVESSIA SECURITIZADORA DE CRÉDITOS FINANCEIROS S.A.;025240;ITR;157287;2026-05-13;http://www.rad.cvm.gov.br/ENETCONSULTA/frmDownloadDocumento.aspx?CodigoInstituicao=1&NumeroSequencialDocumento=157287
38.199.406/0001-18;2026-03-31;1;RIO ALTO ENERGIAS RENOVÁVEIS S.A.;025720;ITR;159572;2026-07-20;http://www.rad.cvm.gov.br/ENETCONSULTA/frmDownloadDocumento.aspx?CodigoInstituicao=1&NumeroSequencialDocumento=159572
38.286.323/0001-66;2026-03-31;1;ASSURUÁ 4 E 5 HOLDING ENERGIA S.A.;027545;ITR;157223;2026-05-12;http://www.rad.cvm.gov.br/ENETCONSULTA/frmDownloadDocumento.aspx?CodigoInstituicao=1&NumeroSequencialDocumento=157223
38.307.135/0001-77;2026-03-31;1;G2D INVESTMENTS, LTD.;080195;ITR;157432;2026-05-14;http://www.rad.cvm.gov.br/ENETCONSULTA/frmDownloadDocumento.aspx?CodigoInstituicao=1&NumeroSequencialDocumento=157432
38.456.921/0001-36;2026-03-31;1;INFRACOMMERCE CXAAS S.A.;025747;ITR;157674;2026-05-15;http://www.rad.cvm.gov.br/ENETCONSULTA/frmDownloadDocumento.aspx?CodigoInstituicao=1&NumeroSequencialDocumento=157674
39.115.514/0001-28;2026-03-31;1;RUMO MALHA OESTE S.A.;017850;ITR;157414;2026-05-14;http://www.rad.cvm.gov.br/ENETCONSULTA/frmDownloadDocumento.aspx?CodigoInstituicao=1&NumeroSequencialDocumento=157414
39.580.673/0001-01;2026-03-31;1;BRK AMBIENTAL - REGIÃO METROPOLITANA DE MACEIÓ S.A.;026999;ITR;157493;2026-05-15;http://www.rad.cvm.gov.br/ENETCONSULTA/frmDownloadDocumento.aspx?CodigoInstituicao=1&NumeroSequencialDocumento=157493
39.881.421/0001-04;2026-03-31;1;COMPANHIA ESTADUAL DE GERAÇÃO DE ENERGIA ELÉTRICA - CEEE-G;027154;ITR;157312;2026-05-13;http://www.rad.cvm.gov.br/ENETCONSULTA/frmDownloadDocumento.aspx?CodigoInstituicao=1&NumeroSequencialDocumento=157312
40.159.947/0001-64;2026-03-31;1;HMOBI PARTICIPAÇÕES S.A.;025674;ITR;157191;2026-05-12;http://www.rad.cvm.gov.br/ENETCONSULTA/frmDownloadDocumento.aspx?CodigoInstituicao=1&NumeroSequencialDocumento=157191
40.263.170/0001-83;2026-03-31;1;SOLVI ESSENCIS AMBIENTAL S.A.;027073;ITR;157564;2026-05-15;http://www.rad.cvm.gov.br/ENETCONSULTA/frmDownloadDocumento.aspx?CodigoInstituicao=1&NumeroSequencialDocumento=157564
40.337.136/0001-06;2026-03-31;1;TERRA SANTA PROPRIEDADES AGRÍCOLAS S.A.;026000;ITR;157105;2026-05-11;http://www.rad.cvm.gov.br/ENETCONSULTA/frmDownloadDocumento.aspx?CodigoInstituicao=1&NumeroSequencialDocumento=157105
41.052.420/0001-07;2026-03-31;1;SOLAR BEBIDAS S.A.;027014;ITR;157599;2026-05-15;http://www.rad.cvm.gov.br/ENETCONSULTA/frmDownloadDocumento.aspx?CodigoInstituicao=1&NumeroSequencialDocumento=157599
41.096.674/0001-19;2026-03-31;1;CANTU STORE S.A.;026646;ITR;157008;2026-05-08;http://www.rad.cvm.gov.br/ENETCONSULTA/frmDownloadDocumento.aspx?CodigoInstituicao=1&NumeroSequencialDocumento=157008
41.508.382/0001-46;2026-03-31;1;RODOVIAS DO BRASIL HOLDING S.A.;026352;ITR;157448;2026-05-14;http://www.rad.cvm.gov.br/ENETCONSULTA/frmDownloadDocumento.aspx?CodigoInstituicao=1&NumeroSequencialDocumento=157448
41.570.356/0001-48;2026-03-31;1;VRENTAL LOCAÇÃO DE MÁQUINAS E EQUIPAMENTOS S.A.;027235;ITR;157676;2026-05-16;http://www.rad.cvm.gov.br/ENETCONSULTA/frmDownloadDocumento.aspx?CodigoInstituicao=1&NumeroSequencialDocumento=157676
41.886.692/0001-02;2026-03-31;1;CONCESSIONARIA ROTA DE SANTA MARIA S.A;027294;ITR;157551;2026-05-15;http://www.rad.cvm.gov.br/ENETCONSULTA/frmDownloadDocumento.aspx?CodigoInstituicao=1&NumeroSequencialDocumento=157551
42.150.391/0001-70;2026-03-31;1;BRASKEM S.A.;004820;ITR;157346;2026-05-14;http://www.rad.cvm.gov.br/ENETCONSULTA/frmDownloadDocumento.aspx?CodigoInstituicao=1&NumeroSequencialDocumento=157346
42.233.757/0001-75;2026-03-31;1;ALVAREZ & MARSAL INVESTIMENTOS I S.A.;026433;ITR;157612;2026-05-15;http://www.rad.cvm.gov.br/ENETCONSULTA/frmDownloadDocumento.aspx?CodigoInstituicao=1&NumeroSequencialDocumento=157612
42.276.907/0001-28;2026-03-31;1;VLI MULTIMODAL S.A;028045;ITR;157734;2026-05-19;http://www.rad.cvm.gov.br/ENETCONSULTA/frmDownloadDocumento.aspx?CodigoInstituicao=1&NumeroSequencialDocumento=157734
42.278.291/0001-24;2026-03-31;1;LOG-IN LOGISTICA INTERMODAL S.A.;020710;ITR;157275;2026-05-13;http://www.rad.cvm.gov.br/ENETCONSULTA/frmDownloadDocumento.aspx?CodigoInstituicao=1&NumeroSequencialDocumento=157275
42.278.473/0001-03;2026-03-31;1;WIZ CO PARTICIPAÇÕES E CORRETAGEM DE SEGUROS S.A.;023590;ITR;156855;2026-05-07;http://www.rad.cvm.gov.br/ENETCONSULTA/frmDownloadDocumento.aspx?CodigoInstituicao=1&NumeroSequencialDocumento=156855
42.292.007/0001-74;2026-03-31;1;RIO+ SANEAMENTO BL 3 S.A.;027146;ITR;157330;2026-05-13;http://www.rad.cvm.gov.br/ENETCONSULTA/frmDownloadDocumento.aspx?CodigoInstituicao=1&NumeroSequencialDocumento=157330
42.310.775/0001-03;2026-03-31;1;ÁGUAS DO RIO 1 SPE S.A.;026735;ITR;156779;2026-05-06;http://www.rad.cvm.gov.br/ENETCONSULTA/frmDownloadDocumento.aspx?CodigoInstituicao=1&NumeroSequencialDocumento=156779
42.331.462/0001-31;2026-03-31;1;EMBPAR PARTICIPAÇÕES S/A;015458;ITR;157122;2026-05-12;http://www.rad.cvm.gov.br/ENETCONSULTA/frmDownloadDocumento.aspx?CodigoInstituicao=1&NumeroSequencialDocumento=157122
42.353.180/0001-35;2026-03-31;1;IGUÁ RIO DE JANEIRO S.A.;026727;ITR;157341;2026-05-13;http://www.rad.cvm.gov.br/ENETCONSULTA/frmDownloadDocumento.aspx?CodigoInstituicao=1&NumeroSequencialDocumento=157341
42.500.384/0001-51;2026-03-31;1;SERENA ENERGIA S.A.;026441;ITR;156905;2026-05-07;http://www.rad.cvm.gov.br/ENETCONSULTA/frmDownloadDocumento.aspx?CodigoInstituicao=1&NumeroSequencialDocumento=156905
42.500.384/0001-51;2026-03-31;2;SERENA ENERGIA S.A.;026441;ITR;157232;2026-05-12;http://www.rad.cvm.gov.br/ENETCONSULTA/frmDownloadDocumento.aspx?CodigoInstituicao=1&NumeroSequencialDocumento=157232
42.644.220/0001-06;2026-03-31;1;ÁGUAS DO RIO 4 SPE S.A.;026743;ITR;156781;2026-05-06;http://www.rad.cvm.gov.br/ENETCONSULTA/frmDownloadDocumento.aspx?CodigoInstituicao=1&NumeroSequencialDocumento=156781
42.737.954/0001-21;2026-03-31;1;INTER & CO, INC.;080217;ITR;156791;2026-05-07;http://www.rad.cvm.gov.br/ENETCONSULTA/frmDownloadDocumento.aspx?CodigoInstituicao=1&NumeroSequencialDocumento=156791
43.283.811/0001-50;2026-03-31;1;KALUNGA S.A;025631;ITR;157628;2026-05-15;http://www.rad.cvm.gov.br/ENETCONSULTA/frmDownloadDocumento.aspx?CodigoInstituicao=1&NumeroSequencialDocumento=157628
43.335.774/0001-86;2026-03-31;1;TRAVESSIA SECURITIZADORA DE CRÉDITOS MERCANTIS VI S.A.;026824;ITR;157370;2026-05-14;http://www.rad.cvm.gov.br/ENETCONSULTA/frmDownloadDocumento.aspx?CodigoInstituicao=1&NumeroSequencialDocumento=157370
43.470.988/0001-65;2026-03-31;1;EVEN CONSTRUTORA E INCORPORADORA S.A.;020524;ITR;157383;2026-05-14;http://www.rad.cvm.gov.br/ENETCONSULTA/frmDownloadDocumento.aspx?CodigoInstituicao=1&NumeroSequencialDocumento=157383
43.514.079/0001-81;2026-03-31;1;CLI SUL S.A.;027243;ITR;157000;2026-05-08;http://www.rad.cvm.gov.br/ENETCONSULTA/frmDownloadDocumento.aspx?CodigoInstituicao=1&NumeroSequencialDocumento=157000
43.776.517/0001-80;2026-03-31;1;CIA SANEAMENTO BASICO EST SAO PAULO;014443;ITR;156904;2026-05-07;http://www.rad.cvm.gov.br/ENETCONSULTA/frmDownloadDocumento.aspx?CodigoInstituicao=1&NumeroSequencialDocumento=156904
43.948.405/0001-69;2026-03-31;1;LUPO S.A.;026506;ITR;157202;2026-05-12;http://www.rad.cvm.gov.br/ENETCONSULTA/frmDownloadDocumento.aspx?CodigoInstituicao=1&NumeroSequencialDocumento=157202
44.067.725/0001-72;2026-03-31;1;VIA BRASIL BR 163 CONCESSIONÁRIA DE RODOVIAS S.A.;026913;ITR;157901;2026-05-22;http://www.rad.cvm.gov.br/ENETCONSULTA/frmDownloadDocumento.aspx?CodigoInstituicao=1&NumeroSequencialDocumento=157901
44.319.688/0001-42;2026-03-31;1;CONCESSIONÁRIA DO SISTEMA RODOVIÁRIO RIO-SÃO PAULO S.A;027421;ITR;157168;2026-05-12;http://www.rad.cvm.gov.br/ENETCONSULTA/frmDownloadDocumento.aspx?CodigoInstituicao=1&NumeroSequencialDocumento=157168
44.854.238/0001-50;2026-03-31;1;PARSAN S.A.;027448;ITR;157114;2026-05-11;http://www.rad.cvm.gov.br/ENETCONSULTA/frmDownloadDocumento.aspx?CodigoInstituicao=1&NumeroSequencialDocumento=157114
45.242.914/0001-05;2026-03-31;1;C&A MODAS S.A.;024848;ITR;156642;2026-05-05;http://www.rad.cvm.gov.br/ENETCONSULTA/frmDownloadDocumento.aspx?CodigoInstituicao=1&NumeroSequencialDocumento=156642
45.365.558/0001-09;2026-03-31;1;VITTIA S.A.;025763;ITR;157449;2026-05-14;http://www.rad.cvm.gov.br/ENETCONSULTA/frmDownloadDocumento.aspx?CodigoInstituicao=1&NumeroSequencialDocumento=157449
45.453.214/0001-51;2026-03-31;1;PROFARMA DISTRIB PROD FARMACEUTICOS S.A.;020346;ITR;156776;2026-05-06;http://www.rad.cvm.gov.br/ENETCONSULTA/frmDownloadDocumento.aspx?CodigoInstituicao=1&NumeroSequencialDocumento=156776
45.453.214/0001-51;2026-06-30;1;PROFARMA DISTRIB PROD FARMACEUTICOS S.A.;020346;ITR;159788;2026-07-29;http://www.rad.cvm.gov.br/ENETCONSULTA/frmDownloadDocumento.aspx?CodigoInstituicao=1&NumeroSequencialDocumento=159788
45.456.117/0001-12;2026-03-31;1;ÁGUAS DO SERTÃO S.A.;027359;ITR;157560;2026-05-15;http://www.rad.cvm.gov.br/ENETCONSULTA/frmDownloadDocumento.aspx?CodigoInstituicao=1&NumeroSequencialDocumento=157560
45.736.131/0001-70;2026-03-31;1;UNIDAS LOCADORA S.A.;027162;ITR;157111;2026-05-11;http://www.rad.cvm.gov.br/ENETCONSULTA/frmDownloadDocumento.aspx?CodigoInstituicao=1&NumeroSequencialDocumento=157111
45.987.245/0001-92;2026-03-31;1;BIOMA EDUCAÇÃO S.A.;000701;ITR;157322;2026-05-13;http://www.rad.cvm.gov.br/ENETCONSULTA/frmDownloadDocumento.aspx?CodigoInstituicao=1&NumeroSequencialDocumento=157322
46.119.855/0001-37;2026-03-31;1;SOCIEDADE ABASTECIMENTO DE ÁGUA E SANEAMENTO S.A - SANASA;016241;ITR;157559;2026-05-15;http://www.rad.cvm.gov.br/ENETCONSULTA/frmDownloadDocumento.aspx?CodigoInstituicao=1&NumeroSequencialDocumento=157559
46.568.486/0001-60;2026-03-31;1;MANTIQUEIRA HOLDING S.A.;027952;ITR;156995;2026-05-08;http://www.rad.cvm.gov.br/ENETCONSULTA/frmDownloadDocumento.aspx?CodigoInstituicao=1&NumeroSequencialDocumento=156995
46.573.272/0001-81;2026-03-31;1;PORTO SAÚDE PARTICIPAÇÕES S.A.;027618;ITR;156788;2026-05-07;http://www.rad.cvm.gov.br/ENETCONSULTA/frmDownloadDocumento.aspx?CodigoInstituicao=1&NumeroSequencialDocumento=156788
47.155.252/0001-53;2026-03-31;1;VIA ARAUCÁRIA CONCESSIONÁRIA DE RODOVIAS S.A.;027936;ITR;157439;2026-05-14;http://www.rad.cvm.gov.br/ENETCONSULTA/frmDownloadDocumento.aspx?CodigoInstituicao=1&NumeroSequencialDocumento=157439
47.508.411/0001-56;2026-03-31;1;CIA BRASILEIRA DE DISTRIBUICAO;014826;ITR;157442;2026-05-14;http://www.rad.cvm.gov.br/ENETCONSULTA/frmDownloadDocumento.aspx?CodigoInstituicao=1&NumeroSequencialDocumento=157442
47.509.120/0001-82;2026-03-31;1;BRADESCO LEASING S.A. ARREND MERCANTIL;019640;ITR;156732;2026-05-06;http://www.rad.cvm.gov.br/ENETCONSULTA/frmDownloadDocumento.aspx?CodigoInstituicao=1&NumeroSequencialDocumento=156732
47.586.663/0001-01;2026-03-31;1;NOVA SOCIEDADE DE NAVEGAÇÃO S.A.;027081;ITR;157657;2026-05-15;http://www.rad.cvm.gov.br/ENETCONSULTA/frmDownloadDocumento.aspx?CodigoInstituicao=1&NumeroSequencialDocumento=157657
47.815.827/0001-17;2026-03-31;1;CAMINHOS DA SERRA GAUCHA S/A;027871;ITR;157558;2026-05-15;http://www.rad.cvm.gov.br/ENETCONSULTA/frmDownloadDocumento.aspx?CodigoInstituicao=1&NumeroSequencialDocumento=157558
47.815.827/0001-17;2026-03-31;2;CAMINHOS DA SERRA GAUCHA S/A;027871;ITR;157688;2026-05-18;http://www.rad.cvm.gov.br/ENETCONSULTA/frmDownloadDocumento.aspx?CodigoInstituicao=1&NumeroSequencialDocumento=157688
47.960.950/0001-21;2026-03-31;1;MAGAZINE LUIZA S.A.;022470;ITR;156880;2026-05-07;http://www.rad.cvm.gov.br/ENETCONSULTA/frmDownloadDocumento.aspx?CodigoInstituicao=1&NumeroSequencialDocumento=156880
48.127.008/0001-40;2026-03-31;1;CONCESSIONÁRIA RODOVIAS DO SUL DE MINAS SPE S.A.;027596;ITR;157586;2026-05-15;http://www.rad.cvm.gov.br/ENETCONSULTA/frmDownloadDocumento.aspx?CodigoInstituicao=1&NumeroSequencialDocumento=157586
48.127.012/0001-08;2026-03-31;1;CONCESSIONÁRIA RODOVIAS DO TRIÂNGULO SPE S.A.;027537;ITR;157581;2026-05-15;http://www.rad.cvm.gov.br/ENETCONSULTA/frmDownloadDocumento.aspx?CodigoInstituicao=1&NumeroSequencialDocumento=157581
48.710.127/0001-20;2026-03-31;1;SPE NOVO NORTE AEROPORTOS S.A;027758;ITR;157218;2026-05-12;http://www.rad.cvm.gov.br/ENETCONSULTA/frmDownloadDocumento.aspx?CodigoInstituicao=1&NumeroSequencialDocumento=157218
48.851.242/0001-15;2026-03-31;1;CONCESSIONARIA DAS RODOVIAS DO LESTE MS S/A;027790;ITR;157651;2026-05-15;http://www.rad.cvm.gov.br/ENETCONSULTA/frmDownloadDocumento.aspx?CodigoInstituicao=1&NumeroSequencialDocumento=157651
49.115.815/0001-05;2026-03-31;1;JBS N.V.;080233;ITR;157185;2026-05-12;http://www.rad.cvm.gov.br/ENETCONSULTA/frmDownloadDocumento.aspx?CodigoInstituicao=1&NumeroSequencialDocumento=157185
49.263.189/0001-02;2026-03-31;1;HELBOR EMPREENDIMENTOS S.A.;020877;ITR;157412;2026-05-14;http://www.rad.cvm.gov.br/ENETCONSULTA/frmDownloadDocumento.aspx?CodigoInstituicao=1&NumeroSequencialDocumento=157412
49.314.049/0001-08;2026-03-31;1;CONCESSIONÁRIA DE RODOVIAS NOROESTE PAULISTA S.A;027464;ITR;156869;2026-05-07;http://www.rad.cvm.gov.br/ENETCONSULTA/frmDownloadDocumento.aspx?CodigoInstituicao=1&NumeroSequencialDocumento=156869
49.314.049/0001-08;2026-06-30;1;CONCESSIONÁRIA DE RODOVIAS NOROESTE PAULISTA S.A;027464;ITR;159834;2026-07-30;http://www.rad.cvm.gov.br/ENETCONSULTA/frmDownloadDocumento.aspx?CodigoInstituicao=1&NumeroSequencialDocumento=159834
49.669.856/0001-43;2026-03-31;1;VESTE S.A. ESTILO;021440;ITR;157327;2026-05-13;http://www.rad.cvm.gov.br/ENETCONSULTA/frmDownloadDocumento.aspx?CodigoInstituicao=1&NumeroSequencialDocumento=157327
50.399.553/0001-37;2026-03-31;1;CONCESSIONÁRIA RODOANEL NORTE SPE S.A.;027782;ITR;157668;2026-05-15;http://www.rad.cvm.gov.br/ENETCONSULTA/frmDownloadDocumento.aspx?CodigoInstituicao=1&NumeroSequencialDocumento=157668
50.746.577/0001-15;2026-03-31;1;COSAN S.A.;019836;ITR;157416;2026-05-14;http://www.rad.cvm.gov.br/ENETCONSULTA/frmDownloadDocumento.aspx?CodigoInstituicao=1&NumeroSequencialDocumento=157416
50.926.955/0001-42;2026-03-31;1;VULCABRAS S.A.;011762;ITR;156629;2026-05-05;http://www.rad.cvm.gov.br/ENETCONSULTA/frmDownloadDocumento.aspx?CodigoInstituicao=1&NumeroSequencialDocumento=156629
51.128.999/0001-90;2026-03-31;1;NUTRIPLANT INDUSTRIA E COMERCIO S.A.;021334;ITR;157124;2026-05-12;http://www.rad.cvm.gov.br/ENETCONSULTA/frmDownloadDocumento.aspx?CodigoInstituicao=1&NumeroSequencialDocumento=157124
51.136.974/0001-38;2026-03-31;1;EPR INFRAESTRUTURA PR S.A.;027715;ITR;157609;2026-05-15;http://www.rad.cvm.gov.br/ENETCONSULTA/frmDownloadDocumento.aspx?CodigoInstituicao=1&NumeroSequencialDocumento=157609
51.137.031/0001-20;2026-03-31;1;EPR LITORAL PIONEIRO S.A.;027723;ITR;157604;2026-05-15;http://www.rad.cvm.gov.br/ENETCONSULTA/frmDownloadDocumento.aspx?CodigoInstituicao=1&NumeroSequencialDocumento=157604
51.218.147/0001-93;2026-03-31;1;IGUATEMI EMPRESA DE SHOPPING CENTERS S.A;020494;ITR;156647;2026-05-05;http://www.rad.cvm.gov.br/ENETCONSULTA/frmDownloadDocumento.aspx?CodigoInstituicao=1&NumeroSequencialDocumento=156647
51.430.503/0001-38;2026-03-31;1;PORTO SERVIÇO S.A;027600;ITR;156789;2026-05-07;http://www.rad.cvm.gov.br/ENETCONSULTA/frmDownloadDocumento.aspx?CodigoInstituicao=1&NumeroSequencialDocumento=156789
51.742.485/0001-20;2026-03-31;1;CONCESSIONÁRIA RODOVIAS DO CAFÉ SPE S.A.;027588;ITR;157595;2026-05-15;http://www.rad.cvm.gov.br/ENETCONSULTA/frmDownloadDocumento.aspx?CodigoInstituicao=1&NumeroSequencialDocumento=157595
51.928.174/0001-50;2026-03-31;1;PLASCAR PARTICIPACOES INDUSTRIAIS S.A.;013471;ITR;157044;2026-05-11;http://www.rad.cvm.gov.br/ENETCONSULTA/frmDownloadDocumento.aspx?CodigoInstituicao=1&NumeroSequencialDocumento=157044
52.017.473/0001-03;2026-03-31;1;AZEVEDO & TRAVASSOS ENERGIA S.A.;027626;ITR;157623;2026-05-15;http://www.rad.cvm.gov.br/ENETCONSULTA/frmDownloadDocumento.aspx?CodigoInstituicao=1&NumeroSequencialDocumento=157623
52.270.350/0001-71;2026-03-31;1;B100 S.A.;027634;ITR;157005;2026-05-08;http://www.rad.cvm.gov.br/ENETCONSULTA/frmDownloadDocumento.aspx?CodigoInstituicao=1&NumeroSequencialDocumento=157005
52.475.549/0001-36;2026-03-31;1;R/HOLDINGS S.A.;027685;ITR;157636;2026-05-15;http://www.rad.cvm.gov.br/ENETCONSULTA/frmDownloadDocumento.aspx?CodigoInstituicao=1&NumeroSequencialDocumento=157636
52.548.435/0001-79;2026-03-31;1;JSL S.A.;022020;ITR;156668;2026-05-05;http://www.rad.cvm.gov.br/ENETCONSULTA/frmDownloadDocumento.aspx?CodigoInstituicao=1&NumeroSequencialDocumento=156668
52.810.883/0001-07;2026-03-31;1;REVEE MCO S.A.;027561;ITR;157576;2026-05-15;http://www.rad.cvm.gov.br/ENETCONSULTA/frmDownloadDocumento.aspx?CodigoInstituicao=1&NumeroSequencialDocumento=157576
52.841.191/0001-18;2026-03-31;1;REVEE S.A.;027650;ITR;157630;2026-05-15;http://www.rad.cvm.gov.br/ENETCONSULTA/frmDownloadDocumento.aspx?CodigoInstituicao=1&NumeroSequencialDocumento=157630
53.113.791/0001-22;2026-03-31;1;TOTVS S.A.;019992;ITR;156731;2026-05-06;http://www.rad.cvm.gov.br/ENETCONSULTA/frmDownloadDocumento.aspx?CodigoInstituicao=1&NumeroSequencialDocumento=156731
53.153.938/0001-08;2026-03-31;1;UNIÃO PET PARTICIPAÇÕES S.A.;027766;ITR;156879;2026-05-07;http://www.rad.cvm.gov.br/ENETCONSULTA/frmDownloadDocumento.aspx?CodigoInstituicao=1&NumeroSequencialDocumento=156879
55.231.969/0001-65;2026-03-31;1;EPR VIA MINEIRA S.A.;027863;ITR;157601;2026-05-15;http://www.rad.cvm.gov.br/ENETCONSULTA/frmDownloadDocumento.aspx?CodigoInstituicao=1&NumeroSequencialDocumento=157601
56.444.250/0001-75;2026-03-31;1;HAUSCENTER SA;014850;ITR;158915;2026-06-02;http://www.rad.cvm.gov.br/ENETCONSULTA/frmDownloadDocumento.aspx?CodigoInstituicao=1&NumeroSequencialDocumento=158915
56.643.018/0001-66;2026-03-31;1;EUCATEX S.A. INDUSTRIA E COMERCIO;005770;ITR;157204;2026-05-12;http://www.rad.cvm.gov.br/ENETCONSULTA/frmDownloadDocumento.aspx?CodigoInstituicao=1&NumeroSequencialDocumento=157204
56.720.428/0001-63;2026-03-31;1;ROMI S.A.;007510;ITR;156205;2026-04-14;http://www.rad.cvm.gov.br/ENETCONSULTA/frmDownloadDocumento.aspx?CodigoInstituicao=1&NumeroSequencialDocumento=156205
56.720.428/0001-63;2026-06-30;1;ROMI S.A.;007510;ITR;159516;2026-07-14;http://www.rad.cvm.gov.br/ENETCONSULTA/frmDownloadDocumento.aspx?CodigoInstituicao=1&NumeroSequencialDocumento=159516
56.992.423/0001-90;2026-03-31;1;BICICLETAS MONARK S.A.;001694;ITR;157527;2026-05-15;http://www.rad.cvm.gov.br/ENETCONSULTA/frmDownloadDocumento.aspx?CodigoInstituicao=1&NumeroSequencialDocumento=157527
58.056.046/0001-02;2026-03-31;1;EPR IGUAÇU S.A.;027928;ITR;157607;2026-05-15;http://www.rad.cvm.gov.br/ENETCONSULTA/frmDownloadDocumento.aspx?CodigoInstituicao=1&NumeroSequencialDocumento=157607
58.070.452/0001-20;2026-03-31;1;IGUÁ SERGIPE S.A.;027812;ITR;157339;2026-05-13;http://www.rad.cvm.gov.br/ENETCONSULTA/frmDownloadDocumento.aspx?CodigoInstituicao=1&NumeroSequencialDocumento=157339
58.119.199/0001-51;2026-03-31;1;BRADSAÚDE S.A.;020125;ITR;156557;2026-05-04;http://www.rad.cvm.gov.br/ENETCONSULTA/frmDownloadDocumento.aspx?CodigoInstituicao=1&NumeroSequencialDocumento=156557
58.430.828/0001-60;2026-03-31;1;BLAU FARMACÊUTICA S.A.;024627;ITR;156901;2026-05-07;http://www.rad.cvm.gov.br/ENETCONSULTA/frmDownloadDocumento.aspx?CodigoInstituicao=1&NumeroSequencialDocumento=156901
59.105.999/0001-86;2026-03-31;1;WHIRLPOOL S.A.;014346;ITR;157403;2026-05-14;http://www.rad.cvm.gov.br/ENETCONSULTA/frmDownloadDocumento.aspx?CodigoInstituicao=1&NumeroSequencialDocumento=157403
59.115.685/0001-64;2026-03-31;1;TUPI ENERGIAS RENOVÁVEIS S.A.;027944;ITR;157611;2026-05-15;http://www.rad.cvm.gov.br/ENETCONSULTA/frmDownloadDocumento.aspx?CodigoInstituicao=1&NumeroSequencialDocumento=157611
59.115.685/0001-64;2026-06-30;1;TUPI ENERGIAS RENOVÁVEIS S.A.;027944;ITR;159947;2026-07-31;http://www.rad.cvm.gov.br/ENETCONSULTA/frmDownloadDocumento.aspx?CodigoInstituicao=1&NumeroSequencialDocumento=159947
59.196.897/0001-13;2026-03-31;1;CONCESSIONÁRIA DE RODOVIAS PRVIAS S.A.;027898;ITR;157224;2026-05-12;http://www.rad.cvm.gov.br/ENETCONSULTA/frmDownloadDocumento.aspx?CodigoInstituicao=1&NumeroSequencialDocumento=157224
59.418.806/0001-47;2026-03-31;1;TRACK & FIELD CO S.A.;025208;ITR;157090;2026-05-11;http://www.rad.cvm.gov.br/ENETCONSULTA/frmDownloadDocumento.aspx?CodigoInstituicao=1&NumeroSequencialDocumento=157090
59.546.515/0001-34;2026-03-31;1;FISIA COMÉRCIO DE PRODUTOS ESPORTIVOS S.A.;027529;ITR;157065;2026-05-11;http://www.rad.cvm.gov.br/ENETCONSULTA/frmDownloadDocumento.aspx?CodigoInstituicao=1&NumeroSequencialDocumento=157065
59.693.110/0001-29;2026-03-31;1;ORANJEBTC S.A. - EDUCAÇÃO E INVESTIMENTO;027910;ITR;157669;2026-05-15;http://www.rad.cvm.gov.br/ENETCONSULTA/frmDownloadDocumento.aspx?CodigoInstituicao=1&NumeroSequencialDocumento=157669
59.717.553/0001-02;2026-03-31;1;GRUPO MULTILASER S.A.;026034;ITR;157313;2026-05-13;http://www.rad.cvm.gov.br/ENETCONSULTA/frmDownloadDocumento.aspx?CodigoInstituicao=1&NumeroSequencialDocumento=157313
59.789.545/0001-71;2026-03-31;1;POLPAR S.A.;013447;ITR;157413;2026-05-14;http://www.rad.cvm.gov.br/ENETCONSULTA/frmDownloadDocumento.aspx?CodigoInstituicao=1&NumeroSequencialDocumento=157413
59.981.829/0001-65;2026-03-31;1;RODOBENS SA;025801;ITR;157592;2026-05-15;http://www.rad.cvm.gov.br/ENETCONSULTA/frmDownloadDocumento.aspx?CodigoInstituicao=1&NumeroSequencialDocumento=157592
60.398.369/0004-79;2026-03-31;1;PARANAPANEMA S.A. - EM RECUPERAÇÃO JUDICIAL;009393;ITR;159770;2026-07-29;http://www.rad.cvm.gov.br/ENETCONSULTA/frmDownloadDocumento.aspx?CodigoInstituicao=1&NumeroSequencialDocumento=159770
60.444.437/0001-46;2026-03-31;1;LIGHT SERVICOS DE ELETRICIDADE S.A.;008036;ITR;157463;2026-05-14;http://www.rad.cvm.gov.br/ENETCONSULTA/frmDownloadDocumento.aspx?CodigoInstituicao=1&NumeroSequencialDocumento=157463
60.476.884/0001-87;2026-03-31;1;MAHLE METAL LEVE S.A.;008575;ITR;156703;2026-05-06;http://www.rad.cvm.gov.br/ENETCONSULTA/frmDownloadDocumento.aspx?CodigoInstituicao=1&NumeroSequencialDocumento=156703
60.537.263/0001-66;2026-03-31;1;ALLPARK EMPREENDIMENTOS, PARTICIPAÇÕES E SERVIÇOS S.A.;024953;ITR;156712;2026-05-06;http://www.rad.cvm.gov.br/ENETCONSULTA/frmDownloadDocumento.aspx?CodigoInstituicao=1&NumeroSequencialDocumento=156712
60.543.816/0001-93;2026-03-31;1;IGUATEMI S.A.;008672;ITR;156646;2026-05-05;http://www.rad.cvm.gov.br/ENETCONSULTA/frmDownloadDocumento.aspx?CodigoInstituicao=1&NumeroSequencialDocumento=156646
60.651.809/0001-05;2026-03-31;1;SUZANO HOLDING S.A.;009067;ITR;157417;2026-05-14;http://www.rad.cvm.gov.br/ENETCONSULTA/frmDownloadDocumento.aspx?CodigoInstituicao=1&NumeroSequencialDocumento=157417
60.665.981/0001-18;2026-03-31;1;UNIÃO QUÍMICA FARMACÊUTICA NACIONAL S.A.;026867;ITR;157401;2026-05-14;http://www.rad.cvm.gov.br/ENETCONSULTA/frmDownloadDocumento.aspx?CodigoInstituicao=1&NumeroSequencialDocumento=157401
60.730.348/0001-66;2026-03-31;1;CIA MELHORAMENTOS DE SAO PAULO;003654;ITR;158950;2026-06-03;http://www.rad.cvm.gov.br/ENETCONSULTA/frmDownloadDocumento.aspx?CodigoInstituicao=1&NumeroSequencialDocumento=158950
60.746.948/0001-12;2026-03-31;1;BCO BRADESCO S.A.;000906;ITR;156709;2026-05-06;http://www.rad.cvm.gov.br/ENETCONSULTA/frmDownloadDocumento.aspx?CodigoInstituicao=1&NumeroSequencialDocumento=156709
60.840.055/0001-31;2026-03-31;1;FLEURY S.A.;021881;ITR;156837;2026-05-07;http://www.rad.cvm.gov.br/ENETCONSULTA/frmDownloadDocumento.aspx?CodigoInstituicao=1&NumeroSequencialDocumento=156837
60.851.615/0001-53;2026-03-31;1;BARDELLA S.A. INDUSTRIAS MECANICAS EM RECUPERAÇÃO JUDICIAL;001520;ITR;157629;2026-05-15;http://www.rad.cvm.gov.br/ENETCONSULTA/frmDownloadDocumento.aspx?CodigoInstituicao=1&NumeroSequencialDocumento=157629
60.872.504/0001-23;2026-03-31;1;ITAU UNIBANCO HOLDING S.A.;019348;ITR;156638;2026-05-05;http://www.rad.cvm.gov.br/ENETCONSULTA/frmDownloadDocumento.aspx?CodigoInstituicao=1&NumeroSequencialDocumento=156638
60.884.319/0001-59;2026-03-31;1;NORDON INDUSTRIAS METALURGICAS S.A.;009083;ITR;157578;2026-05-15;http://www.rad.cvm.gov.br/ENETCONSULTA/frmDownloadDocumento.aspx?CodigoInstituicao=1&NumeroSequencialDocumento=157578
60.894.730/0001-05;2026-03-31;1;USINAS SID DE MINAS GERAIS S.A.-USIMINAS;014320;ITR;156351;2026-04-24;http://www.rad.cvm.gov.br/ENETCONSULTA/frmDownloadDocumento.aspx?CodigoInstituicao=1&NumeroSequencialDocumento=156351
60.894.730/0001-05;2026-06-30;1;USINAS SID DE MINAS GERAIS S.A.-USIMINAS;014320;ITR;159792;2026-07-30;http://www.rad.cvm.gov.br/ENETCONSULTA/frmDownloadDocumento.aspx?CodigoInstituicao=1&NumeroSequencialDocumento=159792
60.933.603/0001-78;2026-03-31;1;CESP - CIA ENERGETICA DE SAO PAULO;002577;ITR;156758;2026-05-06;http://www.rad.cvm.gov.br/ENETCONSULTA/frmDownloadDocumento.aspx?CodigoInstituicao=1&NumeroSequencialDocumento=156758
60.978.495/0001-50;2026-03-31;1;EPR PARANA S.A.;028070;ITR;159245;2026-06-26;http://www.rad.cvm.gov.br/ENETCONSULTA/frmDownloadDocumento.aspx?CodigoInstituicao=1&NumeroSequencialDocumento=159245
61.022.042/0001-18;2026-03-31;1;CONSTRUTORA ADOLPHO LINDENBERG S.A.;004723;ITR;156763;2026-05-06;http://www.rad.cvm.gov.br/ENETCONSULTA/frmDownloadDocumento.aspx?CodigoInstituicao=1&NumeroSequencialDocumento=156763
61.065.298/0001-02;2026-03-31;1;MANGELS INDUSTRIAL S.A.;008397;ITR;157307;2026-05-13;http://www.rad.cvm.gov.br/ENETCONSULTA/frmDownloadDocumento.aspx?CodigoInstituicao=1&NumeroSequencialDocumento=157307
61.067.901/0001-95;2026-03-31;1;ÁGUAS DO PARÁ A SPE S.A;027979;ITR;157108;2026-05-11;http://www.rad.cvm.gov.br/ENETCONSULTA/frmDownloadDocumento.aspx?CodigoInstituicao=1&NumeroSequencialDocumento=157108
61.067.902/0001-30;2026-03-31;1;ÁGUAS DO PARÁ B SPE S.A.;027960;ITR;157110;2026-05-11;http://www.rad.cvm.gov.br/ENETCONSULTA/frmDownloadDocumento.aspx?CodigoInstituicao=1&NumeroSequencialDocumento=157110
61.067.904/0001-29;2026-03-31;1;ÁGUAS DO PARÁ D SPE S.A.;027987;ITR;157112;2026-05-11;http://www.rad.cvm.gov.br/ENETCONSULTA/frmDownloadDocumento.aspx?CodigoInstituicao=1&NumeroSequencialDocumento=157112
61.079.117/0001-05;2026-03-31;1;ALPARGATAS S.A.;010456;ITR;156851;2026-05-07;http://www.rad.cvm.gov.br/ENETCONSULTA/frmDownloadDocumento.aspx?CodigoInstituicao=1&NumeroSequencialDocumento=156851
61.080.313/0001-91;2026-03-31;1;COBRASMA S.A.;004448;ITR;157567;2026-05-15;http://www.rad.cvm.gov.br/ENETCONSULTA/frmDownloadDocumento.aspx?CodigoInstituicao=1&NumeroSequencialDocumento=157567
61.088.894/0001-08;2026-03-31;1;CAMBUCI S.A.;002100;ITR;156658;2026-05-05;http://www.rad.cvm.gov.br/ENETCONSULTA/frmDownloadDocumento.aspx?CodigoInstituicao=1&NumeroSequencialDocumento=156658
61.092.037/0001-81;2026-03-31;1;ETERNIT S.A.;005762;ITR;157210;2026-05-12;http://www.rad.cvm.gov.br/ENETCONSULTA/frmDownloadDocumento.aspx?CodigoInstituicao=1&NumeroSequencialDocumento=157210
61.156.113/0001-75;2026-03-31;1;IOCHPE MAXION S.A.;011932;ITR;156479;2026-04-29;http://www.rad.cvm.gov.br/ENETCONSULTA/frmDownloadDocumento.aspx?CodigoInstituicao=1&NumeroSequencialDocumento=156479
61.156.931/0001-78;2026-03-31;1;ALIPERTI S.A.;012823;ITR;157573;2026-05-15;http://www.rad.cvm.gov.br/ENETCONSULTA/frmDownloadDocumento.aspx?CodigoInstituicao=1&NumeroSequencialDocumento=157573
61.186.680/0001-74;2026-03-31;1;BANCO BMG S/A;024600;ITR;156636;2026-05-05;http://www.rad.cvm.gov.br/ENETCONSULTA/frmDownloadDocumento.aspx?CodigoInstituicao=1&NumeroSequencialDocumento=156636
61.189.288/0001-89;2026-03-31;1;MARISA LOJAS S.A.;022055;ITR;157666;2026-05-15;http://www.rad.cvm.gov.br/ENETCONSULTA/frmDownloadDocumento.aspx?CodigoInstituicao=1&NumeroSequencialDocumento=157666
61.190.096/0001-92;2026-03-31;1;EUROFARMA LABORATÓRIOS S.A.;026700;ITR;157498;2026-05-15;http://www.rad.cvm.gov.br/ENETCONSULTA/frmDownloadDocumento.aspx?CodigoInstituicao=1&NumeroSequencialDocumento=157498
61.351.532/0001-68;2026-03-31;1;AZEVEDO E TRAVASSOS S.A.;011975;ITR;157620;2026-05-15;http://www.rad.cvm.gov.br/ENETCONSULTA/frmDownloadDocumento.aspx?CodigoInstituicao=1&NumeroSequencialDocumento=157620
61.351.532/0001-68;2026-03-31;2;AZEVEDO E TRAVASSOS S.A.;011975;ITR;157675;2026-05-15;http://www.rad.cvm.gov.br/ENETCONSULTA/frmDownloadDocumento.aspx?CodigoInstituicao=1&NumeroSequencialDocumento=157675
61.374.161/0001-30;2026-03-31;1;BAUMER S.A.;001562;ITR;157568;2026-05-15;http://www.rad.cvm.gov.br/ENETCONSULTA/frmDownloadDocumento.aspx?CodigoInstituicao=1&NumeroSequencialDocumento=157568
61.409.892/0001-73;2026-03-31;1;COMPANHIA BRASILEIRA DE ALUMÍNIO;025984;ITR;156734;2026-05-06;http://www.rad.cvm.gov.br/ENETCONSULTA/frmDownloadDocumento.aspx?CodigoInstituicao=1&NumeroSequencialDocumento=156734
61.486.650/0001-83;2026-03-31;1;DIAGNOSTICOS DA AMERICA S.A.;019623;ITR;157214;2026-05-12;http://www.rad.cvm.gov.br/ENETCONSULTA/frmDownloadDocumento.aspx?CodigoInstituicao=1&NumeroSequencialDocumento=157214
61.532.644/0001-15;2026-03-31;1;ITAÚSA S.A.;007617;ITR;157117;2026-05-11;http://www.rad.cvm.gov.br/ENETCONSULTA/frmDownloadDocumento.aspx?CodigoInstituicao=1&NumeroSequencialDocumento=157117
61.584.140/0001-49;2026-03-31;1;REDE ENERGIA PARTICIPAÇÕES S.A.;003190;ITR;157085;2026-05-11;http://www.rad.cvm.gov.br/ENETCONSULTA/frmDownloadDocumento.aspx?CodigoInstituicao=1&NumeroSequencialDocumento=157085
61.585.865/0001-51;2026-03-31;1;RAIA DROGASIL S.A.;005258;ITR;156671;2026-05-05;http://www.rad.cvm.gov.br/ENETCONSULTA/frmDownloadDocumento.aspx?CodigoInstituicao=1&NumeroSequencialDocumento=156671
61.695.227/0001-93;2026-03-31;1;ELETROPAULO METROP. ELET. SAO PAULO S.A.;014176;ITR;156496;2026-04-29;http://www.rad.cvm.gov.br/ENETCONSULTA/frmDownloadDocumento.aspx?CodigoInstituicao=1&NumeroSequencialDocumento=156496
61.695.227/0001-93;2026-06-30;1;ELETROPAULO METROP. ELET. SAO PAULO S.A.;014176;ITR;159745;2026-07-28;http://www.rad.cvm.gov.br/ENETCONSULTA/frmDownloadDocumento.aspx?CodigoInstituicao=1&NumeroSequencialDocumento=159745
61.856.571/0001-17;2026-03-31;1;CIA GAS DE SAO PAULO - COMGAS;015636;ITR;157298;2026-05-13;http://www.rad.cvm.gov.br/ENETCONSULTA/frmDownloadDocumento.aspx?CodigoInstituicao=1&NumeroSequencialDocumento=157298
62.002.886/0001-60;2026-03-31;1;SAO PAULO TURISMO S.A.;009415;ITR;157508;2026-05-15;http://www.rad.cvm.gov.br/ENETCONSULTA/frmDownloadDocumento.aspx?CodigoInstituicao=1&NumeroSequencialDocumento=157508
62.070.362/0001-06;2026-03-31;1;COMPANHIA DO METROPOLITANO DE SÃO PAULO - METRÔ;027065;ITR;157256;2026-05-13;http://www.rad.cvm.gov.br/ENETCONSULTA/frmDownloadDocumento.aspx?CodigoInstituicao=1&NumeroSequencialDocumento=157256
62.144.175/0001-20;2026-03-31;1;BCO PINE S.A;020567;ITR;156674;2026-05-06;http://www.rad.cvm.gov.br/ENETCONSULTA/frmDownloadDocumento.aspx?CodigoInstituicao=1&NumeroSequencialDocumento=156674
62.144.175/0001-20;2026-03-31;2;BCO PINE S.A;020567;ITR;157262;2026-05-13;http://www.rad.cvm.gov.br/ENETCONSULTA/frmDownloadDocumento.aspx?CodigoInstituicao=1&NumeroSequencialDocumento=157262
62.144.175/0001-20;2026-03-31;3;BCO PINE S.A;020567;ITR;157296;2026-05-13;http://www.rad.cvm.gov.br/ENETCONSULTA/frmDownloadDocumento.aspx?CodigoInstituicao=1&NumeroSequencialDocumento=157296
62.232.889/0001-90;2026-03-31;1;BCO DAYCOVAL S.A.;020796;ITR;156719;2026-05-06;http://www.rad.cvm.gov.br/ENETCONSULTA/frmDownloadDocumento.aspx?CodigoInstituicao=1&NumeroSequencialDocumento=156719
62.232.889/0001-90;2026-03-31;2;BCO DAYCOVAL S.A.;020796;ITR;158485;2026-05-29;http://www.rad.cvm.gov.br/ENETCONSULTA/frmDownloadDocumento.aspx?CodigoInstituicao=1&NumeroSequencialDocumento=158485
62.984.091/0001-02;2026-03-31;1;CRUZEIRO DO SUL EDUCACIONAL S.A.;025526;ITR;157188;2026-05-12;http://www.rad.cvm.gov.br/ENETCONSULTA/frmDownloadDocumento.aspx?CodigoInstituicao=1&NumeroSequencialDocumento=157188
64.904.295/0001-03;2026-05-31;1;CAMIL ALIMENTOS S.A.;024228;ITR;159513;2026-07-14;http://www.rad.cvm.gov.br/ENETCONSULTA/frmDownloadDocumento.aspx?CodigoInstituicao=1&NumeroSequencialDocumento=159513
65.654.303/0001-73;2026-03-31;1;DIBENS LEASING S.A. - ARREND.MERCANTIL;014214;ITR;156977;2026-05-08;http://www.rad.cvm.gov.br/ENETCONSULTA/frmDownloadDocumento.aspx?CodigoInstituicao=1&NumeroSequencialDocumento=156977
67.010.660/0001-24;2026-03-31;1;RNI NEGÓCIOS IMOBILIÁRIOS S.A.;020451;ITR;157640;2026-05-15;http://www.rad.cvm.gov.br/ENETCONSULTA/frmDownloadDocumento.aspx?CodigoInstituicao=1&NumeroSequencialDocumento=157640
67.571.414/0001-41;2026-03-31;1;VIVER INCORPORADORA E CONSTRUTORA S.A.;020702;ITR;158981;2026-06-08;http://www.rad.cvm.gov.br/ENETCONSULTA/frmDownloadDocumento.aspx?CodigoInstituicao=1&NumeroSequencialDocumento=158981
67.620.377/0001-14;2026-03-31;1;MINERVA S.A.;020931;ITR;156739;2026-05-06;http://www.rad.cvm.gov.br/ENETCONSULTA/frmDownloadDocumento.aspx?CodigoInstituicao=1&NumeroSequencialDocumento=156739
71.208.516/0001-74;2026-03-31;1;ALGAR TELECOM S/A;021032;ITR;157326;2026-05-13;http://www.rad.cvm.gov.br/ENETCONSULTA/frmDownloadDocumento.aspx?CodigoInstituicao=1&NumeroSequencialDocumento=157326
71.476.527/0001-35;2026-03-31;1;CONSTRUTORA TENDA S.A.;021148;ITR;156664;2026-05-05;http://www.rad.cvm.gov.br/ENETCONSULTA/frmDownloadDocumento.aspx?CodigoInstituicao=1&NumeroSequencialDocumento=156664
71.673.990/0001-77;2026-03-31;1;NATURA COSMÉTICOS S.A.;019550;ITR;157078;2026-05-11;http://www.rad.cvm.gov.br/ENETCONSULTA/frmDownloadDocumento.aspx?CodigoInstituicao=1&NumeroSequencialDocumento=157078
73.178.600/0001-18;2026-03-31;1;CYRELA BRAZIL REALTY S.A.EMPREEND E PART;014460;ITR;157377;2026-05-14;http://www.rad.cvm.gov.br/ENETCONSULTA/frmDownloadDocumento.aspx?CodigoInstituicao=1&NumeroSequencialDocumento=157377
73.903.718/0001-61;2026-03-31;1;SNB PARTICIPACOES SA;014303;ITR;157521;2026-05-15;http://www.rad.cvm.gov.br/ENETCONSULTA/frmDownloadDocumento.aspx?CodigoInstituicao=1&NumeroSequencialDocumento=157521
75.609.123/0001-23;2026-03-31;1;UNIDAS LOCAÇÕES E SERVIÇOS S.A.;023280;ITR;157109;2026-05-11;http://www.rad.cvm.gov.br/ENETCONSULTA/frmDownloadDocumento.aspx?CodigoInstituicao=1&NumeroSequencialDocumento=157109
76.483.817/0001-20;2026-03-31;1;CIA PARANAENSE DE ENERGIA - COPEL;014311;ITR;156651;2026-05-05;http://www.rad.cvm.gov.br/ENETCONSULTA/frmDownloadDocumento.aspx?CodigoInstituicao=1&NumeroSequencialDocumento=156651
76.484.013/0001-45;2026-03-31;1;CIA SANEAMENTO DO PARANA - SANEPAR;018627;ITR;157399;2026-05-14;http://www.rad.cvm.gov.br/ENETCONSULTA/frmDownloadDocumento.aspx?CodigoInstituicao=1&NumeroSequencialDocumento=157399
76.627.504/0001-06;2026-03-31;1;INEPAR S.A. INDUSTRIA E CONSTRUCOES EM RECUPERACAO JUDICIAL;007595;ITR;158029;2026-05-27;http://www.rad.cvm.gov.br/ENETCONSULTA/frmDownloadDocumento.aspx?CodigoInstituicao=1&NumeroSequencialDocumento=158029
79.430.682/0001-22;2026-03-31;1;FARMÁCIA E DROGARIA NISSEI S.A.;025429;ITR;157632;2026-05-15;http://www.rad.cvm.gov.br/ENETCONSULTA/frmDownloadDocumento.aspx?CodigoInstituicao=1&NumeroSequencialDocumento=157632
80.680.093/0001-81;2026-03-31;1;SENIOR SISTEMAS S.A.;026786;ITR;156637;2026-05-05;http://www.rad.cvm.gov.br/ENETCONSULTA/frmDownloadDocumento.aspx?CodigoInstituicao=1&NumeroSequencialDocumento=156637
81.243.735/0001-48;2026-03-31;1;POSITIVO TECNOLOGIA S.A.;020362;ITR;157277;2026-05-13;http://www.rad.cvm.gov.br/ENETCONSULTA/frmDownloadDocumento.aspx?CodigoInstituicao=1&NumeroSequencialDocumento=157277
81.616.807/0001-55;2026-03-31;1;GRANJA FARIA S.A.;027219;ITR;157497;2026-05-15;http://www.rad.cvm.gov.br/ENETCONSULTA/frmDownloadDocumento.aspx?CodigoInstituicao=1&NumeroSequencialDocumento=157497
82.120.676/0001-83;2026-03-31;1;ALMEIDA JUNIOR SHOPPING CENTERS S.A.;026395;ITR;157253;2026-05-13;http://www.rad.cvm.gov.br/ENETCONSULTA/frmDownloadDocumento.aspx?CodigoInstituicao=1&NumeroSequencialDocumento=157253
82.508.433/0001-17;2026-03-31;1;CIA CATARINENSE DE AGUAS E SANEAM.-CASAN;016861;ITR;157155;2026-05-12;http://www.rad.cvm.gov.br/ENETCONSULTA/frmDownloadDocumento.aspx?CodigoInstituicao=1&NumeroSequencialDocumento=157155
82.640.558/0001-04;2026-03-31;1;KARSTEN S.A.;004146;ITR;157349;2026-05-14;http://www.rad.cvm.gov.br/ENETCONSULTA/frmDownloadDocumento.aspx?CodigoInstituicao=1&NumeroSequencialDocumento=157349
82.643.537/0001-34;2026-03-31;1;ELECTRO ACO ALTONA S.A.;005380;ITR;157209;2026-05-12;http://www.rad.cvm.gov.br/ENETCONSULTA/frmDownloadDocumento.aspx?CodigoInstituicao=1&NumeroSequencialDocumento=157209
82.901.000/0001-27;2026-03-31;1;INTELBRAS S.A. IND. DE TELECOMUNICAÇÃO ELETRÔNICA BRASILEIRA;025453;ITR;156710;2026-05-06;http://www.rad.cvm.gov.br/ENETCONSULTA/frmDownloadDocumento.aspx?CodigoInstituicao=1&NumeroSequencialDocumento=156710
82.901.000/0001-27;2026-06-30;1;INTELBRAS S.A. IND. DE TELECOMUNICAÇÃO ELETRÔNICA BRASILEIRA;025453;ITR;159769;2026-07-29;http://www.rad.cvm.gov.br/ENETCONSULTA/frmDownloadDocumento.aspx?CodigoInstituicao=1&NumeroSequencialDocumento=159769
82.981.929/0001-03;2026-03-31;1;CIA INDUSTRIAL SCHLOSSER S.A.;003549;ITR;157546;2026-05-15;http://www.rad.cvm.gov.br/ENETCONSULTA/frmDownloadDocumento.aspx?CodigoInstituicao=1&NumeroSequencialDocumento=157546
82.982.075/0001-80;2026-03-31;1;TEXTIL RENAUXVIEW S.A.;007544;ITR;157494;2026-05-15;http://www.rad.cvm.gov.br/ENETCONSULTA/frmDownloadDocumento.aspx?CodigoInstituicao=1&NumeroSequencialDocumento=157494
83.475.913/0001-91;2026-03-31;1;PBG S/A;013773;ITR;157648;2026-05-15;http://www.rad.cvm.gov.br/ENETCONSULTA/frmDownloadDocumento.aspx?CodigoInstituicao=1&NumeroSequencialDocumento=157648
83.878.892/0001-55;2026-03-31;1;CENTRAIS ELET DE SANTA CATARINA S.A.;002461;ITR;157570;2026-05-15;http://www.rad.cvm.gov.br/ENETCONSULTA/frmDownloadDocumento.aspx?CodigoInstituicao=1&NumeroSequencialDocumento=157570
84.429.695/0001-11;2026-03-31;1;WEG S.A.;005410;ITR;156459;2026-04-29;http://www.rad.cvm.gov.br/ENETCONSULTA/frmDownloadDocumento.aspx?CodigoInstituicao=1&NumeroSequencialDocumento=156459
84.429.695/0001-11;2026-06-30;1;WEG S.A.;005410;ITR;159608;2026-07-22;http://www.rad.cvm.gov.br/ENETCONSULTA/frmDownloadDocumento.aspx?CodigoInstituicao=1&NumeroSequencialDocumento=159608
84.683.374/0001-49;2026-03-31;1;TUPY S.A.;006343;ITR;157376;2026-05-14;http://www.rad.cvm.gov.br/ENETCONSULTA/frmDownloadDocumento.aspx?CodigoInstituicao=1&NumeroSequencialDocumento=157376
84.683.408/0001-03;2026-03-31;1;DOHLER S.A.;005207;ITR;157571;2026-05-15;http://www.rad.cvm.gov.br/ENETCONSULTA/frmDownloadDocumento.aspx?CodigoInstituicao=1&NumeroSequencialDocumento=157571
84.683.671/0001-94;2026-03-31;1;WETZEL S.A.;011991;ITR;157354;2026-05-14;http://www.rad.cvm.gov.br/ENETCONSULTA/frmDownloadDocumento.aspx?CodigoInstituicao=1&NumeroSequencialDocumento=157354
84.684.455/0001-63;2026-03-31;1;TIGRE S.A. PARTICIPAÇÕES;026255;ITR;157288;2026-05-13;http://www.rad.cvm.gov.br/ENETCONSULTA/frmDownloadDocumento.aspx?CodigoInstituicao=1&NumeroSequencialDocumento=157288
84.693.183/0001-68;2026-03-31;1;SCHULZ S.A.;014664;ITR;157397;2026-05-14;http://www.rad.cvm.gov.br/ENETCONSULTA/frmDownloadDocumento.aspx?CodigoInstituicao=1&NumeroSequencialDocumento=157397
85.778.074/0001-06;2026-03-31;1;METALURGICA RIOSULENSE S.A.;013439;ITR;157352;2026-05-14;http://www.rad.cvm.gov.br/ENETCONSULTA/frmDownloadDocumento.aspx?CodigoInstituicao=1&NumeroSequencialDocumento=157352
86.375.425/0001-09;2026-03-31;1;METISA METALURGICA TIMBOENSE S.A.;008753;ITR;157353;2026-05-14;http://www.rad.cvm.gov.br/ENETCONSULTA/frmDownloadDocumento.aspx?CodigoInstituicao=1&NumeroSequencialDocumento=157353
87.043.832/0001-73;2026-03-31;1;SEIVA S.A. - FLORESTAS E INDÚSTRIAS;010561;ITR;156415;2026-04-27;http://www.rad.cvm.gov.br/ENETCONSULTA/frmDownloadDocumento.aspx?CodigoInstituicao=1&NumeroSequencialDocumento=156415
87.456.562/0001-22;2026-03-31;1;JOSAPAR-JOAQUIM OLIVEIRA S.A. - PARTICIP;013285;ITR;157526;2026-05-15;http://www.rad.cvm.gov.br/ENETCONSULTA/frmDownloadDocumento.aspx?CodigoInstituicao=1&NumeroSequencialDocumento=157526
87.762.563/0001-03;2026-03-31;1;CIA HABITASUL DE PARTICIPACOES;003298;ITR;157631;2026-05-15;http://www.rad.cvm.gov.br/ENETCONSULTA/frmDownloadDocumento.aspx?CodigoInstituicao=1&NumeroSequencialDocumento=157631
87.762.563/0001-03;2026-03-31;2;CIA HABITASUL DE PARTICIPACOES;003298;ITR;157813;2026-05-20;http://www.rad.cvm.gov.br/ENETCONSULTA/frmDownloadDocumento.aspx?CodigoInstituicao=1&NumeroSequencialDocumento=157813
87.870.952/0001-44;2026-03-31;1;BORRACHAS VIPAL S.A.;026980;ITR;157158;2026-05-12;http://www.rad.cvm.gov.br/ENETCONSULTA/frmDownloadDocumento.aspx?CodigoInstituicao=1&NumeroSequencialDocumento=157158
88.610.126/0001-29;2026-03-31;1;FRASLE MOBILITY S.A.;006211;ITR;156716;2026-05-06;http://www.rad.cvm.gov.br/ENETCONSULTA/frmDownloadDocumento.aspx?CodigoInstituicao=1&NumeroSequencialDocumento=156716
88.610.126/0001-29;2026-03-31;2;FRASLE MOBILITY S.A.;006211;ITR;156792;2026-05-07;http://www.rad.cvm.gov.br/ENETCONSULTA/frmDownloadDocumento.aspx?CodigoInstituicao=1&NumeroSequencialDocumento=156792
88.610.191/0001-54;2026-03-31;1;MUNDIAL S.A. - PRODUTOS DE CONSUMO;005312;ITR;157606;2026-05-15;http://www.rad.cvm.gov.br/ENETCONSULTA/frmDownloadDocumento.aspx?CodigoInstituicao=1&NumeroSequencialDocumento=157606
88.611.835/0001-29;2026-03-31;1;MARCOPOLO S.A.;008451;ITR;156558;2026-05-04;http://www.rad.cvm.gov.br/ENETCONSULTA/frmDownloadDocumento.aspx?CodigoInstituicao=1&NumeroSequencialDocumento=156558
88.613.658/0001-10;2026-03-31;1;PETTENATI S.A. INDUSTRIA TEXTIL;009539;ITR;157459;2026-05-14;http://www.rad.cvm.gov.br/ENETCONSULTA/frmDownloadDocumento.aspx?CodigoInstituicao=1&NumeroSequencialDocumento=157459
89.086.144/0001-16;2026-03-31;1;RANDONCORP S.A.;014109;ITR;156870;2026-05-07;http://www.rad.cvm.gov.br/ENETCONSULTA/frmDownloadDocumento.aspx?CodigoInstituicao=1&NumeroSequencialDocumento=156870
89.096.457/0001-55;2026-03-31;1;SLC AGRICOLA S.A.;020745;ITR;157297;2026-05-13;http://www.rad.cvm.gov.br/ENETCONSULTA/frmDownloadDocumento.aspx?CodigoInstituicao=1&NumeroSequencialDocumento=157297
89.463.822/0001-12;2026-03-31;1;LUPATECH S.A;020060;ITR;157644;2026-05-15;http://www.rad.cvm.gov.br/ENETCONSULTA/frmDownloadDocumento.aspx?CodigoInstituicao=1&NumeroSequencialDocumento=157644
89.637.490/0001-45;2026-03-31;1;KLABIN S.A.;012653;ITR;156675;2026-05-06;http://www.rad.cvm.gov.br/ENETCONSULTA/frmDownloadDocumento.aspx?CodigoInstituicao=1&NumeroSequencialDocumento=156675
89.723.993/0001-33;2026-03-31;1;CONSTRUTORA SULTEPA S.A. - EM RECUPERAÇÃO JUDICIAL;013030;ITR;157550;2026-05-15;http://www.rad.cvm.gov.br/ENETCONSULTA/frmDownloadDocumento.aspx?CodigoInstituicao=1&NumeroSequencialDocumento=157550
89.850.341/0001-60;2026-03-31;1;GRENDENE S.A.;019615;ITR;156853;2026-05-07;http://www.rad.cvm.gov.br/ENETCONSULTA/frmDownloadDocumento.aspx?CodigoInstituicao=1&NumeroSequencialDocumento=156853
90.076.886/0001-40;2026-03-31;1;MINUPAR PARTICIPACOES S.A.;013765;ITR;157627;2026-05-15;http://www.rad.cvm.gov.br/ENETCONSULTA/frmDownloadDocumento.aspx?CodigoInstituicao=1&NumeroSequencialDocumento=157627
90.400.888/0001-42;2026-03-31;1;BCO SANTANDER (BRASIL) S.A.;020532;ITR;156458;2026-04-29;http://www.rad.cvm.gov.br/ENETCONSULTA/frmDownloadDocumento.aspx?CodigoInstituicao=1&NumeroSequencialDocumento=156458
90.400.888/0001-42;2026-06-30;1;BCO SANTANDER (BRASIL) S.A.;020532;ITR;159747;2026-07-29;http://www.rad.cvm.gov.br/ENETCONSULTA/frmDownloadDocumento.aspx?CodigoInstituicao=1&NumeroSequencialDocumento=159747
90.441.460/0001-48;2026-03-31;1;UNICASA INDÚSTRIA DE MÓVEIS S.A.;022780;ITR;157445;2026-05-14;http://www.rad.cvm.gov.br/ENETCONSULTA/frmDownloadDocumento.aspx?CodigoInstituicao=1&NumeroSequencialDocumento=157445
91.333.666/0001-17;2026-03-31;1;RECRUSUL S.A.;012572;ITR;157504;2026-05-15;http://www.rad.cvm.gov.br/ENETCONSULTA/frmDownloadDocumento.aspx?CodigoInstituicao=1&NumeroSequencialDocumento=157504
91.333.666/0001-17;2026-03-31;2;RECRUSUL S.A.;012572;ITR;157710;2026-05-18;http://www.rad.cvm.gov.br/ENETCONSULTA/frmDownloadDocumento.aspx?CodigoInstituicao=1&NumeroSequencialDocumento=157710
91.983.056/0001-69;2026-03-31;1;KEPLER WEBER S.A.;007870;ITR;156972;2026-05-08;http://www.rad.cvm.gov.br/ENETCONSULTA/frmDownloadDocumento.aspx?CodigoInstituicao=1&NumeroSequencialDocumento=156972
92.012.467/0001-70;2026-03-31;1;GRAZZIOTIN S.A.;004537;ITR;157588;2026-05-15;http://www.rad.cvm.gov.br/ENETCONSULTA/frmDownloadDocumento.aspx?CodigoInstituicao=1&NumeroSequencialDocumento=157588
92.660.570/0001-26;2026-03-31;1;TREVISA INVESTIMENTOS S.A.;008192;ITR;157541;2026-05-15;http://www.rad.cvm.gov.br/ENETCONSULTA/frmDownloadDocumento.aspx?CodigoInstituicao=1&NumeroSequencialDocumento=157541
92.665.611/0001-77;2026-03-31;1;DIMED S.A. DISTRIBUIDORA DE MEDICAMENTOS;009342;ITR;156759;2026-05-06;http://www.rad.cvm.gov.br/ENETCONSULTA/frmDownloadDocumento.aspx?CodigoInstituicao=1&NumeroSequencialDocumento=156759
92.690.783/0001-09;2026-03-31;1;METALURGICA GERDAU S.A.;008656;ITR;156412;2026-04-27;http://www.rad.cvm.gov.br/ENETCONSULTA/frmDownloadDocumento.aspx?CodigoInstituicao=1&NumeroSequencialDocumento=156412
92.693.019/0001-89;2026-03-31;1;PANATLANTICA S.A.;000094;ITR;157561;2026-05-15;http://www.rad.cvm.gov.br/ENETCONSULTA/frmDownloadDocumento.aspx?CodigoInstituicao=1&NumeroSequencialDocumento=157561
92.702.067/0001-96;2026-03-31;1;BANCO DO ESTADO DO RIO GRANDE DO SUL SA;001210;ITR;157350;2026-05-14;http://www.rad.cvm.gov.br/ENETCONSULTA/frmDownloadDocumento.aspx?CodigoInstituicao=1&NumeroSequencialDocumento=157350
92.715.812/0001-31;2026-03-31;1;CPFL TRANSMISSÃO S.A.;003204;ITR;157454;2026-05-14;http://www.rad.cvm.gov.br/ENETCONSULTA/frmDownloadDocumento.aspx?CodigoInstituicao=1&NumeroSequencialDocumento=157454
92.749.225/0001-63;2026-03-31;1;HERCULES S.A. FABRICA DE TALHERES;006629;ITR;157600;2026-05-15;http://www.rad.cvm.gov.br/ENETCONSULTA/frmDownloadDocumento.aspx?CodigoInstituicao=1&NumeroSequencialDocumento=157600
92.754.738/0001-62;2026-03-31;1;LOJAS RENNER S.A.;008133;ITR;156873;2026-05-07;http://www.rad.cvm.gov.br/ENETCONSULTA/frmDownloadDocumento.aspx?CodigoInstituicao=1&NumeroSequencialDocumento=156873
92.781.335/0001-02;2026-03-31;1;TAURUS ARMAS S.A.;006173;ITR;157579;2026-05-15;http://www.rad.cvm.gov.br/ENETCONSULTA/frmDownloadDocumento.aspx?CodigoInstituicao=1&NumeroSequencialDocumento=157579
92.791.243/0001-03;2026-03-31;1;IRANI PAPEL E EMBALAGEM S.A.;002429;ITR;156499;2026-04-30;http://www.rad.cvm.gov.br/ENETCONSULTA/frmDownloadDocumento.aspx?CodigoInstituicao=1&NumeroSequencialDocumento=156499
92.791.243/0001-03;2026-06-30;1;IRANI PAPEL E EMBALAGEM S.A.;002429;ITR;159860;2026-07-31;http://www.rad.cvm.gov.br/ENETCONSULTA/frmDownloadDocumento.aspx?CodigoInstituicao=1&NumeroSequencialDocumento=159860
92.802.784/0001-90;2026-03-31;1;CIA RIOGRANDENSE DE SANEAMENTO;016748;ITR;156780;2026-05-06;http://www.rad.cvm.gov.br/ENETCONSULTA/frmDownloadDocumento.aspx?CodigoInstituicao=1&NumeroSequencialDocumento=156780
93.828.986/0001-73;2026-03-31;1;CEMEPE INVESTIMENTOS S.A.;013854;ITR;157355;2026-05-14;http://www.rad.cvm.gov.br/ENETCONSULTA/frmDownloadDocumento.aspx?CodigoInstituicao=1&NumeroSequencialDocumento=157355
94.813.102/0001-70;2026-03-31;1;TRÊS TENTOS AGROINDUSTRIAL S/A;025950;ITR;157380;2026-05-14;http://www.rad.cvm.gov.br/ENETCONSULTA/frmDownloadDocumento.aspx?CodigoInstituicao=1&NumeroSequencialDocumento=157380
95.426.862/0001-97;2026-03-31;1;EXCELSIOR ALIMENTOS S.A.;001570;ITR;157095;2026-05-11;http://www.rad.cvm.gov.br/ENETCONSULTA/frmDownloadDocumento.aspx?CodigoInstituicao=1&NumeroSequencialDocumento=157095
96.298.013/0001-68;2026-03-31;1;PACAEMBU CONSTRUTORA S.A.;025143;ITR;157004;2026-05-08;http://www.rad.cvm.gov.br/ENETCONSULTA/frmDownloadDocumento.aspx?CodigoInstituicao=1&NumeroSequencialDocumento=157004
96.418.264/0218-02;2026-03-31;1;LOJAS QUERO QUERO S.A.;025038;ITR;156841;2026-05-07;http://www.rad.cvm.gov.br/ENETCONSULTA/frmDownloadDocumento.aspx?CodigoInstituicao=1&NumeroSequencialDocumento=156841
97.191.902/0001-94;2026-03-31;1;CONSERVAS ODERICH S.A.;004693;ITR;157557;2026-05-15;http://www.rad.cvm.gov.br/ENETCONSULTA/frmDownloadDocumento.aspx?CodigoInstituicao=1&NumeroSequencialDocumento=157557
97.837.181/0001-47;2026-03-31;1;DEXCO S.A.;021091;ITR;156751;2026-05-06;http://www.rad.cvm.gov.br/ENETCONSULTA/frmDownloadDocumento.aspx?CodigoInstituicao=1&NumeroSequencialDocumento=156751
