CNPJ_CIA;DT_REFER;VERSAO;DENOM_CIA;CD_CVM;CATEG_DOC;ID_DOC;DT_RECEB;LINK_DOC
00.000.000/0001-91;2025-03-31;1;BCO BRASIL S.A.;001023;ITR;147933;2025-05-15;http://www.rad.cvm.gov.br/ENETCONSULTA/frmDownloadDocumento.aspx?CodigoInstituicao=1&NumeroSequencialDocumento=147933
00.000.000/0001-91;2025-06-30;1;BCO BRASIL S.A.;001023;ITR;151328;2025-08-14;http://www.rad.cvm.gov.br/ENETCONSULTA/frmDownloadDocumento.aspx?CodigoInstituicao=1&NumeroSequencialDocumento=151328
00.000.000/0001-91;2025-09-30;1;BCO BRASIL S.A.;001023;ITR;153047;2025-11-12;http://www.rad.cvm.gov.br/ENETCONSULTA/frmDownloadDocumento.aspx?CodigoInstituicao=1&NumeroSequencialDocumento=153047
00.000.208/0001-00;2025-03-31;1;BRB BANCO DE BRASILIA S.A.;014206;ITR;150090;2025-07-23;http://www.rad.cvm.gov.br/ENETCONSULTA/frmDownloadDocumento.aspx?CodigoInstituicao=1&NumeroSequencialDocumento=150090
00.000.208/0001-00;2025-03-31;2;BRB BANCO DE BRASILIA S.A.;014206;ITR;151706;2025-08-29;http://www.rad.cvm.gov.br/ENETCONSULTA/frmDownloadDocumento.aspx?CodigoInstituicao=1&NumeroSequencialDocumento=151706
00.000.208/0001-00;2025-06-30;1;BRB BANCO DE BRASILIA S.A.;014206;ITR;151705;2025-08-29;http://www.rad.cvm.gov.br/ENETCONSULTA/frmDownloadDocumento.aspx?CodigoInstituicao=1&NumeroSequencialDocumento=151705
00.001.180/0001-26;2025-03-31;1;AXIA ENERGIA S.A.;002437;ITR;147660;2025-05-14;http://www.rad.cvm.gov.br/ENETCONSULTA/frmDownloadDocumento.aspx?CodigoInstituicao=1&NumeroSequencialDocumento=147660
00.001.180/0001-26;2025-03-31;2;AXIA ENERGIA S.A.;002437;ITR;147690;2025-05-14;http://www.rad.cvm.gov.br/ENETCONSULTA/frmDownloadDocumento.aspx?CodigoInstituicao=1&NumeroSequencialDocumento=147690
00.001.180/0001-26;2025-06-30;1;AXIA ENERGIA S.A.;002437;ITR;150691;2025-08-06;http://www.rad.cvm.gov.br/ENETCONSULTA/frmDownloadDocumento.aspx?CodigoInstituicao=1&NumeroSequencialDocumento=150691
00.001.180/0001-26;2025-09-30;1;AXIA ENERGIA S.A.;002437;ITR;152697;2025-11-05;http://www.rad.cvm.gov.br/ENETCONSULTA/frmDownloadDocumento.aspx?CodigoInstituicao=1&NumeroSequencialDocumento=152697
00.070.698/0001-11;2025-03-31;1;COMPANHIA ENERGÉTICA DE BRASÍLIA - CEB;014451;ITR;147404;2025-05-12;http://www.rad.cvm.gov.br/ENETCONSULTA/frmDownloadDocumento.aspx?CodigoInstituicao=1&NumeroSequencialDocumento=147404
00.070.698/0001-11;2025-06-30;1;COMPANHIA ENERGÉTICA DE BRASÍLIA - CEB;014451;ITR;150950;2025-08-12;http://www.rad.cvm.gov.br/ENETCONSULTA/frmDownloadDocumento.aspx?CodigoInstituicao=1&NumeroSequencialDocumento=150950
00.070.698/0001-11;2025-09-30;1;COMPANHIA ENERGÉTICA DE BRASÍLIA - CEB;014451;ITR;153152;2025-11-13;http://www.rad.cvm.gov.br/ENETCONSULTA/frmDownloadDocumento.aspx?CodigoInstituicao=1&NumeroSequencialDocumento=153152
00.080.671/0001-00;2025-03-31;1;CARAMURU ALIMENTOS S.A.;026190;ITR;151349;2025-08-14;http://www.rad.cvm.gov.br/ENETCONSULTA/frmDownloadDocumento.aspx?CodigoInstituicao=1&NumeroSequencialDocumento=151349
00.080.671/0001-00;2025-06-30;1;CARAMURU ALIMENTOS S.A.;026190;ITR;151372;2025-08-14;http://www.rad.cvm.gov.br/ENETCONSULTA/frmDownloadDocumento.aspx?CodigoInstituicao=1&NumeroSequencialDocumento=151372
00.080.671/0001-00;2025-09-30;1;CARAMURU ALIMENTOS S.A.;026190;ITR;152985;2025-11-11;http://www.rad.cvm.gov.br/ENETCONSULTA/frmDownloadDocumento.aspx?CodigoInstituicao=1&NumeroSequencialDocumento=152985
00.194.724/0001-13;2025-03-31;1;AUREN OPERAÇÕES S.A.;026174;ITR;146975;2025-05-07;http://www.rad.cvm.gov.br/ENETCONSULTA/frmDownloadDocumento.aspx?CodigoInstituicao=1&NumeroSequencialDocumento=146975
00.194.724/0001-13;2025-06-30;1;AUREN OPERAÇÕES S.A.;026174;ITR;150753;2025-08-07;http://www.rad.cvm.gov.br/ENETCONSULTA/frmDownloadDocumento.aspx?CodigoInstituicao=1&NumeroSequencialDocumento=150753
00.194.724/0001-13;2025-09-30;1;AUREN OPERAÇÕES S.A.;026174;ITR;153071;2025-11-12;http://www.rad.cvm.gov.br/ENETCONSULTA/frmDownloadDocumento.aspx?CodigoInstituicao=1&NumeroSequencialDocumento=153071
00.242.184/0001-04;2025-03-31;1;ARMAC LOCAÇÃO, LOGÍSTICA E SERVIÇOS S.A.;026069;ITR;147547;2025-05-13;http://www.rad.cvm.gov.br/ENETCONSULTA/frmDownloadDocumento.aspx?CodigoInstituicao=1&NumeroSequencialDocumento=147547
00.242.184/0001-04;2025-06-30;1;ARMAC LOCAÇÃO, LOGÍSTICA E SERVIÇOS S.A.;026069;ITR;151048;2025-08-12;http://www.rad.cvm.gov.br/ENETCONSULTA/frmDownloadDocumento.aspx?CodigoInstituicao=1&NumeroSequencialDocumento=151048
00.242.184/0001-04;2025-09-30;1;ARMAC LOCAÇÃO, LOGÍSTICA E SERVIÇOS S.A.;026069;ITR;152991;2025-11-11;http://www.rad.cvm.gov.br/ENETCONSULTA/frmDownloadDocumento.aspx?CodigoInstituicao=1&NumeroSequencialDocumento=152991
00.336.701/0001-04;2025-03-31;1;TELEC BRASILEIRAS S.A. TELEBRAS;011258;ITR;147366;2025-05-12;http://www.rad.cvm.gov.br/ENETCONSULTA/frmDownloadDocumento.aspx?CodigoInstituicao=1&NumeroSequencialDocumento=147366
00.336.701/0001-04;2025-06-30;1;TELEC BRASILEIRAS S.A. TELEBRAS;011258;ITR;150953;2025-08-12;http://www.rad.cvm.gov.br/ENETCONSULTA/frmDownloadDocumento.aspx?CodigoInstituicao=1&NumeroSequencialDocumento=150953
00.336.701/0001-04;2025-09-30;1;TELEC BRASILEIRAS S.A. TELEBRAS;011258;ITR;153157;2025-11-13;http://www.rad.cvm.gov.br/ENETCONSULTA/frmDownloadDocumento.aspx?CodigoInstituicao=1&NumeroSequencialDocumento=153157
00.357.038/0001-16;2025-03-31;1;AXIA ENERGIA NORTE S.A.;027472;ITR;147709;2025-05-14;http://www.rad.cvm.gov.br/ENETCONSULTA/frmDownloadDocumento.aspx?CodigoInstituicao=1&NumeroSequencialDocumento=147709
00.357.038/0001-16;2025-06-30;1;AXIA ENERGIA NORTE S.A.;027472;ITR;150696;2025-08-06;http://www.rad.cvm.gov.br/ENETCONSULTA/frmDownloadDocumento.aspx?CodigoInstituicao=1&NumeroSequencialDocumento=150696
00.357.038/0001-16;2025-09-30;1;AXIA ENERGIA NORTE S.A.;027472;ITR;152827;2025-11-07;http://www.rad.cvm.gov.br/ENETCONSULTA/frmDownloadDocumento.aspx?CodigoInstituicao=1&NumeroSequencialDocumento=152827
00.359.742/0001-08;2025-03-31;1;FICTOR ALIMENTOS S.A. - EM RECUPERAÇÃO JUDICIAL;015423;ITR;147869;2025-05-15;http://www.rad.cvm.gov.br/ENETCONSULTA/frmDownloadDocumento.aspx?CodigoInstituicao=1&NumeroSequencialDocumento=147869
00.359.742/0001-08;2025-06-30;1;FICTOR ALIMENTOS S.A. - EM RECUPERAÇÃO JUDICIAL;015423;ITR;151407;2025-08-14;http://www.rad.cvm.gov.br/ENETCONSULTA/frmDownloadDocumento.aspx?CodigoInstituicao=1&NumeroSequencialDocumento=151407
00.359.742/0001-08;2025-09-30;1;FICTOR ALIMENTOS S.A. - EM RECUPERAÇÃO JUDICIAL;015423;ITR;153376;2025-11-14;http://www.rad.cvm.gov.br/ENETCONSULTA/frmDownloadDocumento.aspx?CodigoInstituicao=1&NumeroSequencialDocumento=153376
00.383.281/0001-09;2025-03-31;1;BNDES PARTICIPACOES S.A. - BNDESPAR;016772;ITR;147766;2025-05-15;http://www.rad.cvm.gov.br/ENETCONSULTA/frmDownloadDocumento.aspx?CodigoInstituicao=1&NumeroSequencialDocumento=147766
00.383.281/0001-09;2025-06-30;1;BNDES PARTICIPACOES S.A. - BNDESPAR;016772;ITR;151297;2025-08-14;http://www.rad.cvm.gov.br/ENETCONSULTA/frmDownloadDocumento.aspx?CodigoInstituicao=1&NumeroSequencialDocumento=151297
00.383.281/0001-09;2025-09-30;1;BNDES PARTICIPACOES S.A. - BNDESPAR;016772;ITR;153281;2025-11-14;http://www.rad.cvm.gov.br/ENETCONSULTA/frmDownloadDocumento.aspx?CodigoInstituicao=1&NumeroSequencialDocumento=153281
00.389.481/0001-79;2025-03-31;1;LM TRANSPORTES INTERESTADUAIS SERVIÇOS E COMÉRCIO S.A.;024880;ITR;147234;2025-05-09;http://www.rad.cvm.gov.br/ENETCONSULTA/frmDownloadDocumento.aspx?CodigoInstituicao=1&NumeroSequencialDocumento=147234
00.389.481/0001-79;2025-06-30;1;LM TRANSPORTES INTERESTADUAIS SERVIÇOS E COMÉRCIO S.A.;024880;ITR;150857;2025-08-11;http://www.rad.cvm.gov.br/ENETCONSULTA/frmDownloadDocumento.aspx?CodigoInstituicao=1&NumeroSequencialDocumento=150857
00.389.481/0001-79;2025-09-30;1;LM TRANSPORTES INTERESTADUAIS SERVIÇOS E COMÉRCIO S.A.;024880;ITR;153180;2025-11-13;http://www.rad.cvm.gov.br/ENETCONSULTA/frmDownloadDocumento.aspx?CodigoInstituicao=1&NumeroSequencialDocumento=153180
00.644.907/0001-93;2025-03-31;1;INVESTCO S.A.;018589;ITR;146964;2025-05-07;http://www.rad.cvm.gov.br/ENETCONSULTA/frmDownloadDocumento.aspx?CodigoInstituicao=1&NumeroSequencialDocumento=146964
00.644.907/0001-93;2025-06-30;1;INVESTCO S.A.;018589;ITR;150288;2025-07-30;http://www.rad.cvm.gov.br/ENETCONSULTA/frmDownloadDocumento.aspx?CodigoInstituicao=1&NumeroSequencialDocumento=150288
00.644.907/0001-93;2025-09-30;1;INVESTCO S.A.;018589;ITR;152556;2025-10-30;http://www.rad.cvm.gov.br/ENETCONSULTA/frmDownloadDocumento.aspx?CodigoInstituicao=1&NumeroSequencialDocumento=152556
00.743.065/0001-27;2025-03-31;1;LITEL PARTICIPACOES S.A.;015091;ITR;147585;2025-05-14;http://www.rad.cvm.gov.br/ENETCONSULTA/frmDownloadDocumento.aspx?CodigoInstituicao=1&NumeroSequencialDocumento=147585
00.743.065/0001-27;2025-06-30;1;LITEL PARTICIPACOES S.A.;015091;ITR;151126;2025-08-13;http://www.rad.cvm.gov.br/ENETCONSULTA/frmDownloadDocumento.aspx?CodigoInstituicao=1&NumeroSequencialDocumento=151126
00.743.065/0001-27;2025-09-30;1;LITEL PARTICIPACOES S.A.;015091;ITR;153142;2025-11-13;http://www.rad.cvm.gov.br/ENETCONSULTA/frmDownloadDocumento.aspx?CodigoInstituicao=1&NumeroSequencialDocumento=153142
00.776.574/0001-56;2025-03-31;1;AMERICANAS S.A. - EM RECUPERAÇÃO JUDICIAL;020990;ITR;147691;2025-05-14;http://www.rad.cvm.gov.br/ENETCONSULTA/frmDownloadDocumento.aspx?CodigoInstituicao=1&NumeroSequencialDocumento=147691
00.776.574/0001-56;2025-06-30;1;AMERICANAS S.A. - EM RECUPERAÇÃO JUDICIAL;020990;ITR;150959;2025-08-12;http://www.rad.cvm.gov.br/ENETCONSULTA/frmDownloadDocumento.aspx?CodigoInstituicao=1&NumeroSequencialDocumento=150959
00.776.574/0001-56;2025-09-30;1;AMERICANAS S.A. - EM RECUPERAÇÃO JUDICIAL;020990;ITR;153054;2025-11-12;http://www.rad.cvm.gov.br/ENETCONSULTA/frmDownloadDocumento.aspx?CodigoInstituicao=1&NumeroSequencialDocumento=153054
00.864.214/0001-06;2025-03-31;1;ENERGISA S.A.;015253;ITR;147167;2025-05-08;http://www.rad.cvm.gov.br/ENETCONSULTA/frmDownloadDocumento.aspx?CodigoInstituicao=1&NumeroSequencialDocumento=147167
00.864.214/0001-06;2025-06-30;1;ENERGISA S.A.;015253;ITR;150758;2025-08-07;http://www.rad.cvm.gov.br/ENETCONSULTA/frmDownloadDocumento.aspx?CodigoInstituicao=1&NumeroSequencialDocumento=150758
00.864.214/0001-06;2025-09-30;1;ENERGISA S.A.;015253;ITR;152753;2025-11-06;http://www.rad.cvm.gov.br/ENETCONSULTA/frmDownloadDocumento.aspx?CodigoInstituicao=1&NumeroSequencialDocumento=152753
00.873.894/0001-24;2025-03-31;1;LETS RENT A CAR S/A;027383;ITR;147634;2025-05-14;http://www.rad.cvm.gov.br/ENETCONSULTA/frmDownloadDocumento.aspx?CodigoInstituicao=1&NumeroSequencialDocumento=147634
00.873.894/0001-24;2025-06-30;1;LETS RENT A CAR S/A;027383;ITR;150937;2025-08-12;http://www.rad.cvm.gov.br/ENETCONSULTA/frmDownloadDocumento.aspx?CodigoInstituicao=1&NumeroSequencialDocumento=150937
00.873.894/0001-24;2025-09-30;1;LETS RENT A CAR S/A;027383;ITR;152938;2025-11-11;http://www.rad.cvm.gov.br/ENETCONSULTA/frmDownloadDocumento.aspx?CodigoInstituicao=1&NumeroSequencialDocumento=152938
00.897.864/0001-58;2025-03-31;1;SANTA CATARINA PART INVEST SA;015199;ITR;147346;2025-05-12;http://www.rad.cvm.gov.br/ENETCONSULTA/frmDownloadDocumento.aspx?CodigoInstituicao=1&NumeroSequencialDocumento=147346
00.897.864/0001-58;2025-06-30;1;SANTA CATARINA PART INVEST SA;015199;ITR;151076;2025-08-13;http://www.rad.cvm.gov.br/ENETCONSULTA/frmDownloadDocumento.aspx?CodigoInstituicao=1&NumeroSequencialDocumento=151076
00.897.864/0001-58;2025-09-30;1;SANTA CATARINA PART INVEST SA;015199;ITR;152367;2025-10-17;http://www.rad.cvm.gov.br/ENETCONSULTA/frmDownloadDocumento.aspx?CodigoInstituicao=1&NumeroSequencialDocumento=152367
00.924.429/0001-75;2025-03-31;1;FERROVIA CENTRO-ATLANTICA S.A.;015369;ITR;147616;2025-05-14;http://www.rad.cvm.gov.br/ENETCONSULTA/frmDownloadDocumento.aspx?CodigoInstituicao=1&NumeroSequencialDocumento=147616
00.924.429/0001-75;2025-06-30;1;FERROVIA CENTRO-ATLANTICA S.A.;015369;ITR;151192;2025-08-14;http://www.rad.cvm.gov.br/ENETCONSULTA/frmDownloadDocumento.aspx?CodigoInstituicao=1&NumeroSequencialDocumento=151192
00.924.429/0001-75;2025-09-30;1;FERROVIA CENTRO-ATLANTICA S.A.;015369;ITR;153790;2025-12-10;http://www.rad.cvm.gov.br/ENETCONSULTA/frmDownloadDocumento.aspx?CodigoInstituicao=1&NumeroSequencialDocumento=153790
00.938.574/0001-05;2025-03-31;1;CONC RIO-TERESOPOLIS S.A.;019208;ITR;147344;2025-05-12;http://www.rad.cvm.gov.br/ENETCONSULTA/frmDownloadDocumento.aspx?CodigoInstituicao=1&NumeroSequencialDocumento=147344
00.938.574/0001-05;2025-06-30;1;CONC RIO-TERESOPOLIS S.A.;019208;ITR;150593;2025-08-05;http://www.rad.cvm.gov.br/ENETCONSULTA/frmDownloadDocumento.aspx?CodigoInstituicao=1&NumeroSequencialDocumento=150593
00.938.574/0001-05;2025-09-30;1;CONC RIO-TERESOPOLIS S.A.;019208;ITR;152675;2025-11-05;http://www.rad.cvm.gov.br/ENETCONSULTA/frmDownloadDocumento.aspx?CodigoInstituicao=1&NumeroSequencialDocumento=152675
00.974.211/0001-25;2025-03-31;1;LINHA AMARELA S.A. - LAMSA;024937;ITR;153401;2025-11-14;http://www.rad.cvm.gov.br/ENETCONSULTA/frmDownloadDocumento.aspx?CodigoInstituicao=1&NumeroSequencialDocumento=153401
00.974.211/0001-25;2025-06-30;1;LINHA AMARELA S.A. - LAMSA;024937;ITR;153402;2025-11-14;http://www.rad.cvm.gov.br/ENETCONSULTA/frmDownloadDocumento.aspx?CodigoInstituicao=1&NumeroSequencialDocumento=153402
00.974.211/0001-25;2025-09-30;1;LINHA AMARELA S.A. - LAMSA;024937;ITR;153404;2025-11-14;http://www.rad.cvm.gov.br/ENETCONSULTA/frmDownloadDocumento.aspx?CodigoInstituicao=1&NumeroSequencialDocumento=153404
00.979.969/0001-56;2025-03-31;1;CAIXA ADM DIV PUB ESTADUAL SA;015717;ITR;147216;2025-05-09;http://www.rad.cvm.gov.br/ENETCONSULTA/frmDownloadDocumento.aspx?CodigoInstituicao=1&NumeroSequencialDocumento=147216
00.979.969/0001-56;2025-06-30;1;CAIXA ADM DIV PUB ESTADUAL SA;015717;ITR;150835;2025-08-11;http://www.rad.cvm.gov.br/ENETCONSULTA/frmDownloadDocumento.aspx?CodigoInstituicao=1&NumeroSequencialDocumento=150835
00.979.969/0001-56;2025-09-30;1;CAIXA ADM DIV PUB ESTADUAL SA;015717;ITR;152544;2025-10-30;http://www.rad.cvm.gov.br/ENETCONSULTA/frmDownloadDocumento.aspx?CodigoInstituicao=1&NumeroSequencialDocumento=152544
01.027.058/0001-91;2025-03-31;1;CIELO S.A. -  INSTITUIÇÃO DE PAGAMENTO;021733;ITR;147810;2025-05-15;http://www.rad.cvm.gov.br/ENETCONSULTA/frmDownloadDocumento.aspx?CodigoInstituicao=1&NumeroSequencialDocumento=147810
01.027.058/0001-91;2025-06-30;1;CIELO S.A. -  INSTITUIÇÃO DE PAGAMENTO;021733;ITR;151284;2025-08-14;http://www.rad.cvm.gov.br/ENETCONSULTA/frmDownloadDocumento.aspx?CodigoInstituicao=1&NumeroSequencialDocumento=151284
01.027.058/0001-91;2025-09-30;1;CIELO S.A. -  INSTITUIÇÃO DE PAGAMENTO;021733;ITR;153363;2025-11-14;http://www.rad.cvm.gov.br/ENETCONSULTA/frmDownloadDocumento.aspx?CodigoInstituicao=1&NumeroSequencialDocumento=153363
01.083.200/0001-18;2025-03-31;1;NEOENERGIA S.A.;015539;ITR;146648;2025-04-29;http://www.rad.cvm.gov.br/ENETCONSULTA/frmDownloadDocumento.aspx?CodigoInstituicao=1&NumeroSequencialDocumento=146648
01.083.200/0001-18;2025-06-30;1;NEOENERGIA S.A.;015539;ITR;150058;2025-07-22;http://www.rad.cvm.gov.br/ENETCONSULTA/frmDownloadDocumento.aspx?CodigoInstituicao=1&NumeroSequencialDocumento=150058
01.083.200/0001-18;2025-09-30;1;NEOENERGIA S.A.;015539;ITR;152492;2025-10-27;http://www.rad.cvm.gov.br/ENETCONSULTA/frmDownloadDocumento.aspx?CodigoInstituicao=1&NumeroSequencialDocumento=152492
01.104.937/0001-70;2025-03-31;1;ELETROBRÁS PARTICIPAÇÕES S.A. - ELETROPAR;015784;ITR;147831;2025-05-15;http://www.rad.cvm.gov.br/ENETCONSULTA/frmDownloadDocumento.aspx?CodigoInstituicao=1&NumeroSequencialDocumento=147831
01.107.327/0001-20;2025-03-31;1;BBM LOGÍSTICA S.A.;024660;ITR;153636;2025-11-28;http://www.rad.cvm.gov.br/ENETCONSULTA/frmDownloadDocumento.aspx?CodigoInstituicao=1&NumeroSequencialDocumento=153636
01.107.327/0001-20;2025-06-30;1;BBM LOGÍSTICA S.A.;024660;ITR;153787;2025-12-10;http://www.rad.cvm.gov.br/ENETCONSULTA/frmDownloadDocumento.aspx?CodigoInstituicao=1&NumeroSequencialDocumento=153787
01.107.327/0001-20;2025-09-30;1;BBM LOGÍSTICA S.A.;024660;ITR;153788;2025-12-10;http://www.rad.cvm.gov.br/ENETCONSULTA/frmDownloadDocumento.aspx?CodigoInstituicao=1&NumeroSequencialDocumento=153788
01.258.944/0001-26;2025-03-31;1;RUMO MALHA SUL S.A.;015709;ITR;147652;2025-05-14;http://www.rad.cvm.gov.br/ENETCONSULTA/frmDownloadDocumento.aspx?CodigoInstituicao=1&NumeroSequencialDocumento=147652
01.258.944/0001-26;2025-06-30;1;RUMO MALHA SUL S.A.;015709;ITR;151142;2025-08-13;http://www.rad.cvm.gov.br/ENETCONSULTA/frmDownloadDocumento.aspx?CodigoInstituicao=1&NumeroSequencialDocumento=151142
01.258.944/0001-26;2025-09-30;1;RUMO MALHA SUL S.A.;015709;ITR;153382;2025-11-14;http://www.rad.cvm.gov.br/ENETCONSULTA/frmDownloadDocumento.aspx?CodigoInstituicao=1&NumeroSequencialDocumento=153382
01.319.044/0001-41;2025-03-31;1;WTC AMAZONAS SUITE HOTEL S.A.;015741;ITR;147757;2025-05-15;http://www.rad.cvm.gov.br/ENETCONSULTA/frmDownloadDocumento.aspx?CodigoInstituicao=1&NumeroSequencialDocumento=147757
01.319.044/0001-41;2025-06-30;1;WTC AMAZONAS SUITE HOTEL S.A.;015741;ITR;150920;2025-08-12;http://www.rad.cvm.gov.br/ENETCONSULTA/frmDownloadDocumento.aspx?CodigoInstituicao=1&NumeroSequencialDocumento=150920
01.319.044/0001-41;2025-09-30;1;WTC AMAZONAS SUITE HOTEL S.A.;015741;ITR;153123;2025-11-13;http://www.rad.cvm.gov.br/ENETCONSULTA/frmDownloadDocumento.aspx?CodigoInstituicao=1&NumeroSequencialDocumento=153123
01.417.222/0001-77;2025-03-31;1;MRS LOGISTICA S.A.;017949;ITR;147638;2025-05-14;http://www.rad.cvm.gov.br/ENETCONSULTA/frmDownloadDocumento.aspx?CodigoInstituicao=1&NumeroSequencialDocumento=147638
01.417.222/0001-77;2025-06-30;1;MRS LOGISTICA S.A.;017949;ITR;151140;2025-08-13;http://www.rad.cvm.gov.br/ENETCONSULTA/frmDownloadDocumento.aspx?CodigoInstituicao=1&NumeroSequencialDocumento=151140
01.417.222/0001-77;2025-09-30;1;MRS LOGISTICA S.A.;017949;ITR;153185;2025-11-13;http://www.rad.cvm.gov.br/ENETCONSULTA/frmDownloadDocumento.aspx?CodigoInstituicao=1&NumeroSequencialDocumento=153185
01.543.032/0001-04;2025-03-31;1;EQUATORIAL GOIÁS DISTRIBUIDORA DE ENERGIA S.A.;025577;ITR;147698;2025-05-14;http://www.rad.cvm.gov.br/ENETCONSULTA/frmDownloadDocumento.aspx?CodigoInstituicao=1&NumeroSequencialDocumento=147698
01.543.032/0001-04;2025-06-30;1;EQUATORIAL GOIÁS DISTRIBUIDORA DE ENERGIA S.A.;025577;ITR;151100;2025-08-13;http://www.rad.cvm.gov.br/ENETCONSULTA/frmDownloadDocumento.aspx?CodigoInstituicao=1&NumeroSequencialDocumento=151100
01.543.032/0001-04;2025-09-30;1;EQUATORIAL GOIÁS DISTRIBUIDORA DE ENERGIA S.A.;025577;ITR;153077;2025-11-12;http://www.rad.cvm.gov.br/ENETCONSULTA/frmDownloadDocumento.aspx?CodigoInstituicao=1&NumeroSequencialDocumento=153077
01.545.826/0001-07;2025-03-31;1;GAFISA S.A.;016101;ITR;147900;2025-05-15;http://www.rad.cvm.gov.br/ENETCONSULTA/frmDownloadDocumento.aspx?CodigoInstituicao=1&NumeroSequencialDocumento=147900
01.545.826/0001-07;2025-06-30;1;GAFISA S.A.;016101;ITR;151419;2025-08-14;http://www.rad.cvm.gov.br/ENETCONSULTA/frmDownloadDocumento.aspx?CodigoInstituicao=1&NumeroSequencialDocumento=151419
01.545.826/0001-07;2025-09-30;1;GAFISA S.A.;016101;ITR;153257;2025-11-13;http://www.rad.cvm.gov.br/ENETCONSULTA/frmDownloadDocumento.aspx?CodigoInstituicao=1&NumeroSequencialDocumento=153257
01.548.981/0001-79;2025-03-31;1;INVESTIMENTOS BEMGE S.A.;006041;ITR;147258;2025-05-09;http://www.rad.cvm.gov.br/ENETCONSULTA/frmDownloadDocumento.aspx?CodigoInstituicao=1&NumeroSequencialDocumento=147258
01.548.981/0001-79;2025-06-30;1;INVESTIMENTOS BEMGE S.A.;006041;ITR;150819;2025-08-08;http://www.rad.cvm.gov.br/ENETCONSULTA/frmDownloadDocumento.aspx?CodigoInstituicao=1&NumeroSequencialDocumento=150819
01.548.981/0001-79;2025-09-30;1;INVESTIMENTOS BEMGE S.A.;006041;ITR;152816;2025-11-07;http://www.rad.cvm.gov.br/ENETCONSULTA/frmDownloadDocumento.aspx?CodigoInstituicao=1&NumeroSequencialDocumento=152816
01.599.101/0001-93;2025-03-31;1;SEQUOIA LOGÍSTICA E TRANSPORTES S.A.;025160;ITR;153510;2025-11-19;http://www.rad.cvm.gov.br/ENETCONSULTA/frmDownloadDocumento.aspx?CodigoInstituicao=1&NumeroSequencialDocumento=153510
01.599.101/0001-93;2025-06-30;1;SEQUOIA LOGÍSTICA E TRANSPORTES S.A.;025160;ITR;154077;2025-12-29;http://www.rad.cvm.gov.br/ENETCONSULTA/frmDownloadDocumento.aspx?CodigoInstituicao=1&NumeroSequencialDocumento=154077
01.599.101/0001-93;2025-09-30;1;SEQUOIA LOGÍSTICA E TRANSPORTES S.A.;025160;ITR;155363;2026-03-13;http://www.rad.cvm.gov.br/ENETCONSULTA/frmDownloadDocumento.aspx?CodigoInstituicao=1&NumeroSequencialDocumento=155363
01.616.929/0001-02;2025-03-31;1;SANEAMENTO DE GOIAS SA;019186;ITR;147129;2025-05-08;http://www.rad.cvm.gov.br/ENETCONSULTA/frmDownloadDocumento.aspx?CodigoInstituicao=1&NumeroSequencialDocumento=147129
01.616.929/0001-02;2025-06-30;1;SANEAMENTO DE GOIAS SA;019186;ITR;150730;2025-08-07;http://www.rad.cvm.gov.br/ENETCONSULTA/frmDownloadDocumento.aspx?CodigoInstituicao=1&NumeroSequencialDocumento=150730
01.616.929/0001-02;2025-09-30;1;SANEAMENTO DE GOIAS SA;019186;ITR;152756;2025-11-06;http://www.rad.cvm.gov.br/ENETCONSULTA/frmDownloadDocumento.aspx?CodigoInstituicao=1&NumeroSequencialDocumento=152756
01.637.895/0001-32;2025-03-31;1;VOTORANTIM CIMENTOS S.A.;027189;ITR;147444;2025-05-13;http://www.rad.cvm.gov.br/ENETCONSULTA/frmDownloadDocumento.aspx?CodigoInstituicao=1&NumeroSequencialDocumento=147444
01.637.895/0001-32;2025-06-30;1;VOTORANTIM CIMENTOS S.A.;027189;ITR;150832;2025-08-11;http://www.rad.cvm.gov.br/ENETCONSULTA/frmDownloadDocumento.aspx?CodigoInstituicao=1&NumeroSequencialDocumento=150832
01.637.895/0001-32;2025-09-30;1;VOTORANTIM CIMENTOS S.A.;027189;ITR;153109;2025-11-13;http://www.rad.cvm.gov.br/ENETCONSULTA/frmDownloadDocumento.aspx?CodigoInstituicao=1&NumeroSequencialDocumento=153109
01.838.723/0001-27;2025-03-31;1;BRF S.A.;016292;ITR;147888;2025-05-15;http://www.rad.cvm.gov.br/ENETCONSULTA/frmDownloadDocumento.aspx?CodigoInstituicao=1&NumeroSequencialDocumento=147888
01.838.723/0001-27;2025-06-30;1;BRF S.A.;016292;ITR;151334;2025-08-14;http://www.rad.cvm.gov.br/ENETCONSULTA/frmDownloadDocumento.aspx?CodigoInstituicao=1&NumeroSequencialDocumento=151334
01.838.723/0001-27;2025-09-30;1;BRF S.A.;016292;ITR;152872;2025-11-10;http://www.rad.cvm.gov.br/ENETCONSULTA/frmDownloadDocumento.aspx?CodigoInstituicao=1&NumeroSequencialDocumento=152872
01.851.771/0001-55;2025-03-31;1;524 PARTICIPACOES S.A.;016284;ITR;147909;2025-05-15;http://www.rad.cvm.gov.br/ENETCONSULTA/frmDownloadDocumento.aspx?CodigoInstituicao=1&NumeroSequencialDocumento=147909
01.851.771/0001-55;2025-06-30;1;524 PARTICIPACOES S.A.;016284;ITR;150913;2025-08-12;http://www.rad.cvm.gov.br/ENETCONSULTA/frmDownloadDocumento.aspx?CodigoInstituicao=1&NumeroSequencialDocumento=150913
01.851.771/0001-55;2025-09-30;1;524 PARTICIPACOES S.A.;016284;ITR;153112;2025-11-13;http://www.rad.cvm.gov.br/ENETCONSULTA/frmDownloadDocumento.aspx?CodigoInstituicao=1&NumeroSequencialDocumento=153112
01.896.779/0001-38;2025-03-31;1;CSU DIGITAL S.A.;020044;ITR;146996;2025-05-07;http://www.rad.cvm.gov.br/ENETCONSULTA/frmDownloadDocumento.aspx?CodigoInstituicao=1&NumeroSequencialDocumento=146996
01.896.779/0001-38;2025-06-30;1;CSU DIGITAL S.A.;020044;ITR;150681;2025-08-06;http://www.rad.cvm.gov.br/ENETCONSULTA/frmDownloadDocumento.aspx?CodigoInstituicao=1&NumeroSequencialDocumento=150681
01.896.779/0001-38;2025-09-30;1;CSU DIGITAL S.A.;020044;ITR;152717;2025-11-05;http://www.rad.cvm.gov.br/ENETCONSULTA/frmDownloadDocumento.aspx?CodigoInstituicao=1&NumeroSequencialDocumento=152717
01.917.818/0001-36;2025-03-31;1;LIGHT ENERGIA S.A.;023000;ITR;147702;2025-05-14;http://www.rad.cvm.gov.br/ENETCONSULTA/frmDownloadDocumento.aspx?CodigoInstituicao=1&NumeroSequencialDocumento=147702
01.917.818/0001-36;2025-06-30;1;LIGHT ENERGIA S.A.;023000;ITR;150958;2025-08-12;http://www.rad.cvm.gov.br/ENETCONSULTA/frmDownloadDocumento.aspx?CodigoInstituicao=1&NumeroSequencialDocumento=150958
01.917.818/0001-36;2025-09-30;1;LIGHT ENERGIA S.A.;023000;ITR;153209;2025-11-13;http://www.rad.cvm.gov.br/ENETCONSULTA/frmDownloadDocumento.aspx?CodigoInstituicao=1&NumeroSequencialDocumento=153209
01.938.783/0001-11;2025-03-31;1;CIA PARTICIPACOES ALIANCA DA BAHIA;018708;ITR;147815;2025-05-15;http://www.rad.cvm.gov.br/ENETCONSULTA/frmDownloadDocumento.aspx?CodigoInstituicao=1&NumeroSequencialDocumento=147815
01.938.783/0001-11;2025-06-30;1;CIA PARTICIPACOES ALIANCA DA BAHIA;018708;ITR;151245;2025-08-14;http://www.rad.cvm.gov.br/ENETCONSULTA/frmDownloadDocumento.aspx?CodigoInstituicao=1&NumeroSequencialDocumento=151245
01.938.783/0001-11;2025-09-30;1;CIA PARTICIPACOES ALIANCA DA BAHIA;018708;ITR;153293;2025-11-14;http://www.rad.cvm.gov.br/ENETCONSULTA/frmDownloadDocumento.aspx?CodigoInstituicao=1&NumeroSequencialDocumento=153293
01.957.772/0001-89;2025-03-31;1;SUL 116 PARTICIPAÇÕES S.A. - EM LIQUIDAÇÃO;016438;ITR;147803;2025-05-15;http://www.rad.cvm.gov.br/ENETCONSULTA/frmDownloadDocumento.aspx?CodigoInstituicao=1&NumeroSequencialDocumento=147803
01.957.772/0001-89;2025-06-30;1;SUL 116 PARTICIPAÇÕES S.A. - EM LIQUIDAÇÃO;016438;ITR;151379;2025-08-14;http://www.rad.cvm.gov.br/ENETCONSULTA/frmDownloadDocumento.aspx?CodigoInstituicao=1&NumeroSequencialDocumento=151379
01.957.772/0001-89;2025-09-30;1;SUL 116 PARTICIPAÇÕES S.A. - EM LIQUIDAÇÃO;016438;ITR;153400;2025-11-14;http://www.rad.cvm.gov.br/ENETCONSULTA/frmDownloadDocumento.aspx?CodigoInstituicao=1&NumeroSequencialDocumento=153400
01.968.293/0001-68;2025-03-31;1;ELETRORIVER S.A.;026891;ITR;147459;2025-05-13;http://www.rad.cvm.gov.br/ENETCONSULTA/frmDownloadDocumento.aspx?CodigoInstituicao=1&NumeroSequencialDocumento=147459
01.968.293/0001-68;2025-06-30;1;ELETRORIVER S.A.;026891;ITR;151132;2025-08-13;http://www.rad.cvm.gov.br/ENETCONSULTA/frmDownloadDocumento.aspx?CodigoInstituicao=1&NumeroSequencialDocumento=151132
01.968.293/0001-68;2025-09-30;1;ELETRORIVER S.A.;026891;ITR;153029;2025-11-12;http://www.rad.cvm.gov.br/ENETCONSULTA/frmDownloadDocumento.aspx?CodigoInstituicao=1&NumeroSequencialDocumento=153029
01.989.044/0001-59;2025-03-31;1;WTC RIO EMPREEND. E PARTICIPAÇÕES S.A.;016551;ITR;147759;2025-05-15;http://www.rad.cvm.gov.br/ENETCONSULTA/frmDownloadDocumento.aspx?CodigoInstituicao=1&NumeroSequencialDocumento=147759
01.989.044/0001-59;2025-03-31;2;WTC RIO EMPREEND. E PARTICIPAÇÕES S.A.;016551;ITR;149244;2025-06-03;http://www.rad.cvm.gov.br/ENETCONSULTA/frmDownloadDocumento.aspx?CodigoInstituicao=1&NumeroSequencialDocumento=149244
01.989.044/0001-59;2025-06-30;1;WTC RIO EMPREEND. E PARTICIPAÇÕES S.A.;016551;ITR;150918;2025-08-12;http://www.rad.cvm.gov.br/ENETCONSULTA/frmDownloadDocumento.aspx?CodigoInstituicao=1&NumeroSequencialDocumento=150918
01.989.044/0001-59;2025-09-30;1;WTC RIO EMPREEND. E PARTICIPAÇÕES S.A.;016551;ITR;153122;2025-11-13;http://www.rad.cvm.gov.br/ENETCONSULTA/frmDownloadDocumento.aspx?CodigoInstituicao=1&NumeroSequencialDocumento=153122
02.016.440/0001-62;2025-03-31;1;RGE SUL DISTRIBUIDORA DE ENERGIA S.A.;016527;ITR;147901;2025-05-15;http://www.rad.cvm.gov.br/ENETCONSULTA/frmDownloadDocumento.aspx?CodigoInstituicao=1&NumeroSequencialDocumento=147901
02.016.440/0001-62;2025-06-30;1;RGE SUL DISTRIBUIDORA DE ENERGIA S.A.;016527;ITR;151367;2025-08-14;http://www.rad.cvm.gov.br/ENETCONSULTA/frmDownloadDocumento.aspx?CodigoInstituicao=1&NumeroSequencialDocumento=151367
02.016.440/0001-62;2025-09-30;1;RGE SUL DISTRIBUIDORA DE ENERGIA S.A.;016527;ITR;153186;2025-11-13;http://www.rad.cvm.gov.br/ENETCONSULTA/frmDownloadDocumento.aspx?CodigoInstituicao=1&NumeroSequencialDocumento=153186
02.016.507/0001-69;2025-03-31;1;AXIA ENERGIA SUL S.A.;027480;ITR;147693;2025-05-14;http://www.rad.cvm.gov.br/ENETCONSULTA/frmDownloadDocumento.aspx?CodigoInstituicao=1&NumeroSequencialDocumento=147693
02.016.507/0001-69;2025-06-30;1;AXIA ENERGIA SUL S.A.;027480;ITR;151187;2025-08-13;http://www.rad.cvm.gov.br/ENETCONSULTA/frmDownloadDocumento.aspx?CodigoInstituicao=1&NumeroSequencialDocumento=151187
02.016.507/0001-69;2025-09-30;1;AXIA ENERGIA SUL S.A.;027480;ITR;152818;2025-11-07;http://www.rad.cvm.gov.br/ENETCONSULTA/frmDownloadDocumento.aspx?CodigoInstituicao=1&NumeroSequencialDocumento=152818
02.041.460/0001-93;2025-03-31;1;V. TAL - REDE NEUTRA DE TELECOMUNICAÇÕES S.A.;027022;ITR;147930;2025-05-15;http://www.rad.cvm.gov.br/ENETCONSULTA/frmDownloadDocumento.aspx?CodigoInstituicao=1&NumeroSequencialDocumento=147930
02.041.460/0001-93;2025-06-30;1;V. TAL - REDE NEUTRA DE TELECOMUNICAÇÕES S.A.;027022;ITR;151275;2025-08-14;http://www.rad.cvm.gov.br/ENETCONSULTA/frmDownloadDocumento.aspx?CodigoInstituicao=1&NumeroSequencialDocumento=151275
02.041.460/0001-93;2025-09-30;1;V. TAL - REDE NEUTRA DE TELECOMUNICAÇÕES S.A.;027022;ITR;153177;2025-11-13;http://www.rad.cvm.gov.br/ENETCONSULTA/frmDownloadDocumento.aspx?CodigoInstituicao=1&NumeroSequencialDocumento=153177
02.062.747/0001-08;2025-03-31;1;SUDESTE S.A.;016586;ITR;147928;2025-05-15;http://www.rad.cvm.gov.br/ENETCONSULTA/frmDownloadDocumento.aspx?CodigoInstituicao=1&NumeroSequencialDocumento=147928
02.062.747/0001-08;2025-06-30;1;SUDESTE S.A.;016586;ITR;151080;2025-08-13;http://www.rad.cvm.gov.br/ENETCONSULTA/frmDownloadDocumento.aspx?CodigoInstituicao=1&NumeroSequencialDocumento=151080
02.062.747/0001-08;2025-09-30;1;SUDESTE S.A.;016586;ITR;153297;2025-11-14;http://www.rad.cvm.gov.br/ENETCONSULTA/frmDownloadDocumento.aspx?CodigoInstituicao=1&NumeroSequencialDocumento=153297
02.149.205/0001-69;2025-03-31;1;PORTO SEGURO S.A.;016659;ITR;147187;2025-05-09;http://www.rad.cvm.gov.br/ENETCONSULTA/frmDownloadDocumento.aspx?CodigoInstituicao=1&NumeroSequencialDocumento=147187
02.149.205/0001-69;2025-06-30;1;PORTO SEGURO S.A.;016659;ITR;151052;2025-08-13;http://www.rad.cvm.gov.br/ENETCONSULTA/frmDownloadDocumento.aspx?CodigoInstituicao=1&NumeroSequencialDocumento=151052
02.149.205/0001-69;2025-09-30;1;PORTO SEGURO S.A.;016659;ITR;152902;2025-11-11;http://www.rad.cvm.gov.br/ENETCONSULTA/frmDownloadDocumento.aspx?CodigoInstituicao=1&NumeroSequencialDocumento=152902
02.193.750/0001-52;2025-03-31;1;DEXXOS PARTICIPAÇÕES S.A.;016632;ITR;147856;2025-05-15;http://www.rad.cvm.gov.br/ENETCONSULTA/frmDownloadDocumento.aspx?CodigoInstituicao=1&NumeroSequencialDocumento=147856
02.193.750/0001-52;2025-06-30;1;DEXXOS PARTICIPAÇÕES S.A.;016632;ITR;150870;2025-08-11;http://www.rad.cvm.gov.br/ENETCONSULTA/frmDownloadDocumento.aspx?CodigoInstituicao=1&NumeroSequencialDocumento=150870
02.193.750/0001-52;2025-09-30;1;DEXXOS PARTICIPAÇÕES S.A.;016632;ITR;153377;2025-11-14;http://www.rad.cvm.gov.br/ENETCONSULTA/frmDownloadDocumento.aspx?CodigoInstituicao=1&NumeroSequencialDocumento=153377
02.201.787/0001-85;2025-03-31;1;CEL PARTICIPAÇÕES S.A. - CELPAR;016675;ITR;147469;2025-05-13;http://www.rad.cvm.gov.br/ENETCONSULTA/frmDownloadDocumento.aspx?CodigoInstituicao=1&NumeroSequencialDocumento=147469
02.201.787/0001-85;2025-06-30;1;CEL PARTICIPAÇÕES S.A. - CELPAR;016675;ITR;151071;2025-08-13;http://www.rad.cvm.gov.br/ENETCONSULTA/frmDownloadDocumento.aspx?CodigoInstituicao=1&NumeroSequencialDocumento=151071
02.201.787/0001-85;2025-09-30;1;CEL PARTICIPAÇÕES S.A. - CELPAR;016675;ITR;153007;2025-11-12;http://www.rad.cvm.gov.br/ENETCONSULTA/frmDownloadDocumento.aspx?CodigoInstituicao=1&NumeroSequencialDocumento=153007
02.217.319/0001-07;2025-03-31;1;YBYRÁ CAPITAL S.A.;016705;ITR;147962;2025-05-15;http://www.rad.cvm.gov.br/ENETCONSULTA/frmDownloadDocumento.aspx?CodigoInstituicao=1&NumeroSequencialDocumento=147962
02.217.319/0001-07;2025-03-31;2;YBYRÁ CAPITAL S.A.;016705;ITR;148153;2025-05-22;http://www.rad.cvm.gov.br/ENETCONSULTA/frmDownloadDocumento.aspx?CodigoInstituicao=1&NumeroSequencialDocumento=148153
02.217.319/0001-07;2025-03-31;3;YBYRÁ CAPITAL S.A.;016705;ITR;151873;2025-09-11;http://www.rad.cvm.gov.br/ENETCONSULTA/frmDownloadDocumento.aspx?CodigoInstituicao=1&NumeroSequencialDocumento=151873
02.217.319/0001-07;2025-06-30;1;YBYRÁ CAPITAL S.A.;016705;ITR;151384;2025-08-14;http://www.rad.cvm.gov.br/ENETCONSULTA/frmDownloadDocumento.aspx?CodigoInstituicao=1&NumeroSequencialDocumento=151384
02.217.319/0001-07;2025-09-30;1;YBYRÁ CAPITAL S.A.;016705;ITR;153389;2025-11-14;http://www.rad.cvm.gov.br/ENETCONSULTA/frmDownloadDocumento.aspx?CodigoInstituicao=1&NumeroSequencialDocumento=153389
02.255.187/0001-08;2025-03-31;1;UNIFIQUE TELECOMUNICAÇÕES S.A.;026050;ITR;147655;2025-05-14;http://www.rad.cvm.gov.br/ENETCONSULTA/frmDownloadDocumento.aspx?CodigoInstituicao=1&NumeroSequencialDocumento=147655
02.255.187/0001-08;2025-06-30;1;UNIFIQUE TELECOMUNICAÇÕES S.A.;026050;ITR;150647;2025-08-06;http://www.rad.cvm.gov.br/ENETCONSULTA/frmDownloadDocumento.aspx?CodigoInstituicao=1&NumeroSequencialDocumento=150647
02.255.187/0001-08;2025-09-30;1;UNIFIQUE TELECOMUNICAÇÕES S.A.;026050;ITR;152680;2025-11-05;http://www.rad.cvm.gov.br/ENETCONSULTA/frmDownloadDocumento.aspx?CodigoInstituicao=1&NumeroSequencialDocumento=152680
02.258.422/0001-97;2025-03-31;1;INEPAR EQUIPAMENTOS E MONTAGENS S/A - EM RECUPERACAO JUDICIA;017868;ITR;147794;2025-05-15;http://www.rad.cvm.gov.br/ENETCONSULTA/frmDownloadDocumento.aspx?CodigoInstituicao=1&NumeroSequencialDocumento=147794
02.258.422/0001-97;2025-06-30;1;INEPAR EQUIPAMENTOS E MONTAGENS S/A - EM RECUPERACAO JUDICIA;017868;ITR;151253;2025-08-14;http://www.rad.cvm.gov.br/ENETCONSULTA/frmDownloadDocumento.aspx?CodigoInstituicao=1&NumeroSequencialDocumento=151253
02.258.422/0001-97;2025-09-30;1;INEPAR EQUIPAMENTOS E MONTAGENS S/A - EM RECUPERACAO JUDICIA;017868;ITR;153325;2025-11-14;http://www.rad.cvm.gov.br/ENETCONSULTA/frmDownloadDocumento.aspx?CodigoInstituicao=1&NumeroSequencialDocumento=153325
02.281.836/0001-37;2025-03-31;1;TRANSNORDESTINA LOGISTICA SA;020443;ITR;148755;2025-05-30;http://www.rad.cvm.gov.br/ENETCONSULTA/frmDownloadDocumento.aspx?CodigoInstituicao=1&NumeroSequencialDocumento=148755
02.281.836/0001-37;2025-06-30;1;TRANSNORDESTINA LOGISTICA SA;020443;ITR;151337;2025-08-14;http://www.rad.cvm.gov.br/ENETCONSULTA/frmDownloadDocumento.aspx?CodigoInstituicao=1&NumeroSequencialDocumento=151337
02.281.836/0001-37;2025-09-30;1;TRANSNORDESTINA LOGISTICA SA;020443;ITR;153290;2025-11-14;http://www.rad.cvm.gov.br/ENETCONSULTA/frmDownloadDocumento.aspx?CodigoInstituicao=1&NumeroSequencialDocumento=153290
02.286.479/0001-08;2025-03-31;1;LOCALIZA FLEET S.A.;024813;ITR;147686;2025-05-14;http://www.rad.cvm.gov.br/ENETCONSULTA/frmDownloadDocumento.aspx?CodigoInstituicao=1&NumeroSequencialDocumento=147686
02.286.479/0001-08;2025-06-30;1;LOCALIZA FLEET S.A.;024813;ITR;151176;2025-08-13;http://www.rad.cvm.gov.br/ENETCONSULTA/frmDownloadDocumento.aspx?CodigoInstituicao=1&NumeroSequencialDocumento=151176
02.286.479/0001-08;2025-09-30;1;LOCALIZA FLEET S.A.;024813;ITR;153249;2025-11-13;http://www.rad.cvm.gov.br/ENETCONSULTA/frmDownloadDocumento.aspx?CodigoInstituicao=1&NumeroSequencialDocumento=153249
02.291.077/0001-93;2025-03-31;1;PRODUTORES ENERGET.DE MANSO S.A.- PROMAN;019232;ITR;147315;2025-05-10;http://www.rad.cvm.gov.br/ENETCONSULTA/frmDownloadDocumento.aspx?CodigoInstituicao=1&NumeroSequencialDocumento=147315
02.291.077/0001-93;2025-06-30;1;PRODUTORES ENERGET.DE MANSO S.A.- PROMAN;019232;ITR;151164;2025-08-13;http://www.rad.cvm.gov.br/ENETCONSULTA/frmDownloadDocumento.aspx?CodigoInstituicao=1&NumeroSequencialDocumento=151164
02.291.077/0001-93;2025-09-30;1;PRODUTORES ENERGET.DE MANSO S.A.- PROMAN;019232;ITR;153128;2025-11-13;http://www.rad.cvm.gov.br/ENETCONSULTA/frmDownloadDocumento.aspx?CodigoInstituicao=1&NumeroSequencialDocumento=153128
02.302.100/0001-06;2025-03-31;1;EDP SÃO PAULO DISTRIBUIÇÃO DE ENERGIA S.A.;016985;ITR;146973;2025-05-07;http://www.rad.cvm.gov.br/ENETCONSULTA/frmDownloadDocumento.aspx?CodigoInstituicao=1&NumeroSequencialDocumento=146973
02.302.100/0001-06;2025-06-30;1;EDP SÃO PAULO DISTRIBUIÇÃO DE ENERGIA S.A.;016985;ITR;150287;2025-07-30;http://www.rad.cvm.gov.br/ENETCONSULTA/frmDownloadDocumento.aspx?CodigoInstituicao=1&NumeroSequencialDocumento=150287
02.302.100/0001-06;2025-09-30;1;EDP SÃO PAULO DISTRIBUIÇÃO DE ENERGIA S.A.;016985;ITR;152561;2025-10-30;http://www.rad.cvm.gov.br/ENETCONSULTA/frmDownloadDocumento.aspx?CodigoInstituicao=1&NumeroSequencialDocumento=152561
02.302.101/0001-42;2025-03-31;1;EMAE - EMPRESA METROP. DE AGUAS E ENERGIA S.A.;016993;ITR;147642;2025-05-14;http://www.rad.cvm.gov.br/ENETCONSULTA/frmDownloadDocumento.aspx?CodigoInstituicao=1&NumeroSequencialDocumento=147642
02.302.101/0001-42;2025-06-30;1;EMAE - EMPRESA METROP. DE AGUAS E ENERGIA S.A.;016993;ITR;151252;2025-08-14;http://www.rad.cvm.gov.br/ENETCONSULTA/frmDownloadDocumento.aspx?CodigoInstituicao=1&NumeroSequencialDocumento=151252
02.302.101/0001-42;2025-09-30;1;EMAE - EMPRESA METROP. DE AGUAS E ENERGIA S.A.;016993;ITR;153153;2025-11-13;http://www.rad.cvm.gov.br/ENETCONSULTA/frmDownloadDocumento.aspx?CodigoInstituicao=1&NumeroSequencialDocumento=153153
02.328.280/0001-97;2025-03-31;1;ELEKTRO REDES S.A.;017485;ITR;146653;2025-04-29;http://www.rad.cvm.gov.br/ENETCONSULTA/frmDownloadDocumento.aspx?CodigoInstituicao=1&NumeroSequencialDocumento=146653
02.328.280/0001-97;2025-06-30;1;ELEKTRO REDES S.A.;017485;ITR;150064;2025-07-22;http://www.rad.cvm.gov.br/ENETCONSULTA/frmDownloadDocumento.aspx?CodigoInstituicao=1&NumeroSequencialDocumento=150064
02.328.280/0001-97;2025-09-30;1;ELEKTRO REDES S.A.;017485;ITR;152498;2025-10-27;http://www.rad.cvm.gov.br/ENETCONSULTA/frmDownloadDocumento.aspx?CodigoInstituicao=1&NumeroSequencialDocumento=152498
02.338.534/0001-58;2025-03-31;1;LONGDIS S.A.;017434;ITR;147801;2025-05-15;http://www.rad.cvm.gov.br/ENETCONSULTA/frmDownloadDocumento.aspx?CodigoInstituicao=1&NumeroSequencialDocumento=147801
02.338.534/0001-58;2025-06-30;1;LONGDIS S.A.;017434;ITR;151330;2025-08-14;http://www.rad.cvm.gov.br/ENETCONSULTA/frmDownloadDocumento.aspx?CodigoInstituicao=1&NumeroSequencialDocumento=151330
02.338.534/0001-58;2025-09-30;1;LONGDIS S.A.;017434;ITR;153268;2025-11-14;http://www.rad.cvm.gov.br/ENETCONSULTA/frmDownloadDocumento.aspx?CodigoInstituicao=1&NumeroSequencialDocumento=153268
02.351.144/0001-18;2025-03-31;1;TEGMA GESTAO LOGISTICA S.A.;020800;ITR;146773;2025-05-05;http://www.rad.cvm.gov.br/ENETCONSULTA/frmDownloadDocumento.aspx?CodigoInstituicao=1&NumeroSequencialDocumento=146773
02.351.144/0001-18;2025-06-30;1;TEGMA GESTAO LOGISTICA S.A.;020800;ITR;150573;2025-08-04;http://www.rad.cvm.gov.br/ENETCONSULTA/frmDownloadDocumento.aspx?CodigoInstituicao=1&NumeroSequencialDocumento=150573
02.351.144/0001-18;2025-09-30;1;TEGMA GESTAO LOGISTICA S.A.;020800;ITR;152622;2025-11-03;http://www.rad.cvm.gov.br/ENETCONSULTA/frmDownloadDocumento.aspx?CodigoInstituicao=1&NumeroSequencialDocumento=152622
02.351.877/0001-52;2025-03-31;1;LWSA S/A;024910;ITR;147112;2025-05-08;http://www.rad.cvm.gov.br/ENETCONSULTA/frmDownloadDocumento.aspx?CodigoInstituicao=1&NumeroSequencialDocumento=147112
02.351.877/0001-52;2025-06-30;1;LWSA S/A;024910;ITR;151296;2025-08-14;http://www.rad.cvm.gov.br/ENETCONSULTA/frmDownloadDocumento.aspx?CodigoInstituicao=1&NumeroSequencialDocumento=151296
02.351.877/0001-52;2025-09-30;1;LWSA S/A;024910;ITR;153191;2025-11-13;http://www.rad.cvm.gov.br/ENETCONSULTA/frmDownloadDocumento.aspx?CodigoInstituicao=1&NumeroSequencialDocumento=153191
02.357.251/0001-53;2025-03-31;1;LIFEMED INDUSTRIAL DE EQUIP. E ART. MEDICOS E HOSP. S.A;024872;ITR;150852;2025-08-11;http://www.rad.cvm.gov.br/ENETCONSULTA/frmDownloadDocumento.aspx?CodigoInstituicao=1&NumeroSequencialDocumento=150852
02.357.251/0001-53;2025-06-30;1;LIFEMED INDUSTRIAL DE EQUIP. E ART. MEDICOS E HOSP. S.A;024872;ITR;151198;2025-08-14;http://www.rad.cvm.gov.br/ENETCONSULTA/frmDownloadDocumento.aspx?CodigoInstituicao=1&NumeroSequencialDocumento=151198
02.357.251/0001-53;2025-09-30;1;LIFEMED INDUSTRIAL DE EQUIP. E ART. MEDICOS E HOSP. S.A;024872;ITR;153295;2025-11-14;http://www.rad.cvm.gov.br/ENETCONSULTA/frmDownloadDocumento.aspx?CodigoInstituicao=1&NumeroSequencialDocumento=153295
02.365.069/0001-44;2025-03-31;1;PADTEC HOLDING S.A.;018414;ITR;146952;2025-05-07;http://www.rad.cvm.gov.br/ENETCONSULTA/frmDownloadDocumento.aspx?CodigoInstituicao=1&NumeroSequencialDocumento=146952
02.365.069/0001-44;2025-06-30;1;PADTEC HOLDING S.A.;018414;ITR;150645;2025-08-06;http://www.rad.cvm.gov.br/ENETCONSULTA/frmDownloadDocumento.aspx?CodigoInstituicao=1&NumeroSequencialDocumento=150645
02.365.069/0001-44;2025-09-30;1;PADTEC HOLDING S.A.;018414;ITR;152687;2025-11-05;http://www.rad.cvm.gov.br/ENETCONSULTA/frmDownloadDocumento.aspx?CodigoInstituicao=1&NumeroSequencialDocumento=152687
02.382.073/0001-10;2025-03-31;1;PROLAGOS S/A - CONC.DE SERVICOS PÚBLICOS DE ÁGUA E ESGOTO;023469;ITR;146994;2025-05-07;http://www.rad.cvm.gov.br/ENETCONSULTA/frmDownloadDocumento.aspx?CodigoInstituicao=1&NumeroSequencialDocumento=146994
02.382.073/0001-10;2025-06-30;1;PROLAGOS S/A - CONC.DE SERVICOS PÚBLICOS DE ÁGUA E ESGOTO;023469;ITR;150664;2025-08-06;http://www.rad.cvm.gov.br/ENETCONSULTA/frmDownloadDocumento.aspx?CodigoInstituicao=1&NumeroSequencialDocumento=150664
02.382.073/0001-10;2025-09-30;1;PROLAGOS S/A - CONC.DE SERVICOS PÚBLICOS DE ÁGUA E ESGOTO;023469;ITR;152727;2025-11-05;http://www.rad.cvm.gov.br/ENETCONSULTA/frmDownloadDocumento.aspx?CodigoInstituicao=1&NumeroSequencialDocumento=152727
02.387.241/0001-60;2025-03-31;1;RUMO S.A.;017450;ITR;147139;2025-05-08;http://www.rad.cvm.gov.br/ENETCONSULTA/frmDownloadDocumento.aspx?CodigoInstituicao=1&NumeroSequencialDocumento=147139
02.387.241/0001-60;2025-06-30;1;RUMO S.A.;017450;ITR;150742;2025-08-07;http://www.rad.cvm.gov.br/ENETCONSULTA/frmDownloadDocumento.aspx?CodigoInstituicao=1&NumeroSequencialDocumento=150742
02.387.241/0001-60;2025-09-30;1;RUMO S.A.;017450;ITR;153357;2025-11-14;http://www.rad.cvm.gov.br/ENETCONSULTA/frmDownloadDocumento.aspx?CodigoInstituicao=1&NumeroSequencialDocumento=153357
02.397.080/0001-96;2025-03-31;1;ITAPEBI GERACAO DE ENERGIA S.A.;019364;ITR;146635;2025-04-29;http://www.rad.cvm.gov.br/ENETCONSULTA/frmDownloadDocumento.aspx?CodigoInstituicao=1&NumeroSequencialDocumento=146635
02.397.080/0001-96;2025-06-30;1;ITAPEBI GERACAO DE ENERGIA S.A.;019364;ITR;150062;2025-07-22;http://www.rad.cvm.gov.br/ENETCONSULTA/frmDownloadDocumento.aspx?CodigoInstituicao=1&NumeroSequencialDocumento=150062
02.397.080/0001-96;2025-09-30;1;ITAPEBI GERACAO DE ENERGIA S.A.;019364;ITR;152493;2025-10-27;http://www.rad.cvm.gov.br/ENETCONSULTA/frmDownloadDocumento.aspx?CodigoInstituicao=1&NumeroSequencialDocumento=152493
02.421.421/0001-11;2025-03-31;1;TIM S.A.;024929;ITR;146795;2025-05-05;http://www.rad.cvm.gov.br/ENETCONSULTA/frmDownloadDocumento.aspx?CodigoInstituicao=1&NumeroSequencialDocumento=146795
02.421.421/0001-11;2025-03-31;2;TIM S.A.;024929;ITR;149650;2025-06-27;http://www.rad.cvm.gov.br/ENETCONSULTA/frmDownloadDocumento.aspx?CodigoInstituicao=1&NumeroSequencialDocumento=149650
02.421.421/0001-11;2025-06-30;1;TIM S.A.;024929;ITR;150294;2025-07-30;http://www.rad.cvm.gov.br/ENETCONSULTA/frmDownloadDocumento.aspx?CodigoInstituicao=1&NumeroSequencialDocumento=150294
02.421.421/0001-11;2025-09-30;1;TIM S.A.;024929;ITR;152619;2025-11-03;http://www.rad.cvm.gov.br/ENETCONSULTA/frmDownloadDocumento.aspx?CodigoInstituicao=1&NumeroSequencialDocumento=152619
02.429.144/0001-93;2025-03-31;1;CPFL ENERGIA S.A.;018660;ITR;147891;2025-05-15;http://www.rad.cvm.gov.br/ENETCONSULTA/frmDownloadDocumento.aspx?CodigoInstituicao=1&NumeroSequencialDocumento=147891
02.429.144/0001-93;2025-06-30;1;CPFL ENERGIA S.A.;018660;ITR;151358;2025-08-14;http://www.rad.cvm.gov.br/ENETCONSULTA/frmDownloadDocumento.aspx?CodigoInstituicao=1&NumeroSequencialDocumento=151358
02.429.144/0001-93;2025-09-30;1;CPFL ENERGIA S.A.;018660;ITR;153176;2025-11-13;http://www.rad.cvm.gov.br/ENETCONSULTA/frmDownloadDocumento.aspx?CodigoInstituicao=1&NumeroSequencialDocumento=153176
02.451.848/0001-62;2025-03-31;1;CONC SIST ANHANG-BANDEIRANT S.A. AUTOBAN;020192;ITR;147080;2025-05-08;http://www.rad.cvm.gov.br/ENETCONSULTA/frmDownloadDocumento.aspx?CodigoInstituicao=1&NumeroSequencialDocumento=147080
02.451.848/0001-62;2025-06-30;1;CONC SIST ANHANG-BANDEIRANT S.A. AUTOBAN;020192;ITR;150806;2025-08-08;http://www.rad.cvm.gov.br/ENETCONSULTA/frmDownloadDocumento.aspx?CodigoInstituicao=1&NumeroSequencialDocumento=150806
02.451.848/0001-62;2025-09-30;1;CONC SIST ANHANG-BANDEIRANT S.A. AUTOBAN;020192;ITR;152868;2025-11-10;http://www.rad.cvm.gov.br/ENETCONSULTA/frmDownloadDocumento.aspx?CodigoInstituicao=1&NumeroSequencialDocumento=152868
02.474.103/0001-19;2025-03-31;1;ENGIE BRASIL ENERGIA S.A.;017329;ITR;147000;2025-05-07;http://www.rad.cvm.gov.br/ENETCONSULTA/frmDownloadDocumento.aspx?CodigoInstituicao=1&NumeroSequencialDocumento=147000
02.474.103/0001-19;2025-06-30;1;ENGIE BRASIL ENERGIA S.A.;017329;ITR;150722;2025-08-07;http://www.rad.cvm.gov.br/ENETCONSULTA/frmDownloadDocumento.aspx?CodigoInstituicao=1&NumeroSequencialDocumento=150722
02.474.103/0001-19;2025-09-30;1;ENGIE BRASIL ENERGIA S.A.;017329;ITR;152688;2025-11-05;http://www.rad.cvm.gov.br/ENETCONSULTA/frmDownloadDocumento.aspx?CodigoInstituicao=1&NumeroSequencialDocumento=152688
02.474.103/0001-19;2025-09-30;2;ENGIE BRASIL ENERGIA S.A.;017329;ITR;152739;2025-11-06;http://www.rad.cvm.gov.br/ENETCONSULTA/frmDownloadDocumento.aspx?CodigoInstituicao=1&NumeroSequencialDocumento=152739
02.502.844/0001-66;2025-03-31;1;RUMO MALHA PAULISTA S.A.;017930;ITR;147684;2025-05-14;http://www.rad.cvm.gov.br/ENETCONSULTA/frmDownloadDocumento.aspx?CodigoInstituicao=1&NumeroSequencialDocumento=147684
02.502.844/0001-66;2025-06-30;1;RUMO MALHA PAULISTA S.A.;017930;ITR;151029;2025-08-12;http://www.rad.cvm.gov.br/ENETCONSULTA/frmDownloadDocumento.aspx?CodigoInstituicao=1&NumeroSequencialDocumento=151029
02.502.844/0001-66;2025-09-30;1;RUMO MALHA PAULISTA S.A.;017930;ITR;153380;2025-11-14;http://www.rad.cvm.gov.br/ENETCONSULTA/frmDownloadDocumento.aspx?CodigoInstituicao=1&NumeroSequencialDocumento=153380
02.509.491/0001-26;2025-03-31;1;CONC ECOVIAS IMIGRANTES S.A.;020397;ITR;147091;2025-05-08;http://www.rad.cvm.gov.br/ENETCONSULTA/frmDownloadDocumento.aspx?CodigoInstituicao=1&NumeroSequencialDocumento=147091
02.509.491/0001-26;2025-06-30;1;CONC ECOVIAS IMIGRANTES S.A.;020397;ITR;150271;2025-07-30;http://www.rad.cvm.gov.br/ENETCONSULTA/frmDownloadDocumento.aspx?CodigoInstituicao=1&NumeroSequencialDocumento=150271
02.509.491/0001-26;2025-09-30;1;CONC ECOVIAS IMIGRANTES S.A.;020397;ITR;152943;2025-11-11;http://www.rad.cvm.gov.br/ENETCONSULTA/frmDownloadDocumento.aspx?CodigoInstituicao=1&NumeroSequencialDocumento=152943
02.536.066/0001-26;2025-03-31;1;VITAL ENGENHARIA AMBIENTAL S.A.;027510;ITR;147783;2025-05-15;http://www.rad.cvm.gov.br/ENETCONSULTA/frmDownloadDocumento.aspx?CodigoInstituicao=1&NumeroSequencialDocumento=147783
02.536.066/0001-26;2025-06-30;1;VITAL ENGENHARIA AMBIENTAL S.A.;027510;ITR;151196;2025-08-14;http://www.rad.cvm.gov.br/ENETCONSULTA/frmDownloadDocumento.aspx?CodigoInstituicao=1&NumeroSequencialDocumento=151196
02.536.066/0001-26;2025-09-30;1;VITAL ENGENHARIA AMBIENTAL S.A.;027510;ITR;153002;2025-11-12;http://www.rad.cvm.gov.br/ENETCONSULTA/frmDownloadDocumento.aspx?CodigoInstituicao=1&NumeroSequencialDocumento=153002
02.558.157/0001-62;2025-03-31;1;TELEFÔNICA BRASIL S.A;017671;ITR;147383;2025-05-12;http://www.rad.cvm.gov.br/ENETCONSULTA/frmDownloadDocumento.aspx?CodigoInstituicao=1&NumeroSequencialDocumento=147383
02.558.157/0001-62;2025-06-30;1;TELEFÔNICA BRASIL S.A;017671;ITR;150175;2025-07-28;http://www.rad.cvm.gov.br/ENETCONSULTA/frmDownloadDocumento.aspx?CodigoInstituicao=1&NumeroSequencialDocumento=150175
02.558.157/0001-62;2025-09-30;1;TELEFÔNICA BRASIL S.A;017671;ITR;152563;2025-10-30;http://www.rad.cvm.gov.br/ENETCONSULTA/frmDownloadDocumento.aspx?CodigoInstituicao=1&NumeroSequencialDocumento=152563
02.560.878/0001-07;2025-03-31;1;HOSPITAL ANCHIETA S.A.;026468;ITR;147944;2025-05-15;http://www.rad.cvm.gov.br/ENETCONSULTA/frmDownloadDocumento.aspx?CodigoInstituicao=1&NumeroSequencialDocumento=147944
02.560.878/0001-07;2025-06-30;1;HOSPITAL ANCHIETA S.A.;026468;ITR;151302;2025-08-14;http://www.rad.cvm.gov.br/ENETCONSULTA/frmDownloadDocumento.aspx?CodigoInstituicao=1&NumeroSequencialDocumento=151302
02.560.878/0001-07;2025-09-30;1;HOSPITAL ANCHIETA S.A.;026468;ITR;153048;2025-11-12;http://www.rad.cvm.gov.br/ENETCONSULTA/frmDownloadDocumento.aspx?CodigoInstituicao=1&NumeroSequencialDocumento=153048
02.591.787/0001-39;2025-03-31;1;CAPITALPART PARTICIPACOES S.A.;017493;ITR;147588;2025-05-14;http://www.rad.cvm.gov.br/ENETCONSULTA/frmDownloadDocumento.aspx?CodigoInstituicao=1&NumeroSequencialDocumento=147588
02.591.787/0001-39;2025-03-31;2;CAPITALPART PARTICIPACOES S.A.;017493;ITR;147952;2025-05-15;http://www.rad.cvm.gov.br/ENETCONSULTA/frmDownloadDocumento.aspx?CodigoInstituicao=1&NumeroSequencialDocumento=147952
02.591.787/0001-39;2025-06-30;1;CAPITALPART PARTICIPACOES S.A.;017493;ITR;150912;2025-08-12;http://www.rad.cvm.gov.br/ENETCONSULTA/frmDownloadDocumento.aspx?CodigoInstituicao=1&NumeroSequencialDocumento=150912
02.591.787/0001-39;2025-09-30;1;CAPITALPART PARTICIPACOES S.A.;017493;ITR;152921;2025-11-11;http://www.rad.cvm.gov.br/ENETCONSULTA/frmDownloadDocumento.aspx?CodigoInstituicao=1&NumeroSequencialDocumento=152921
02.600.854/0001-34;2025-03-31;1;TIM BRASIL SERVIÇOS E PARTICIPAÇÕES S.A.;027090;ITR;146886;2025-05-06;http://www.rad.cvm.gov.br/ENETCONSULTA/frmDownloadDocumento.aspx?CodigoInstituicao=1&NumeroSequencialDocumento=146886
02.600.854/0001-34;2025-06-30;1;TIM BRASIL SERVIÇOS E PARTICIPAÇÕES S.A.;027090;ITR;150557;2025-08-01;http://www.rad.cvm.gov.br/ENETCONSULTA/frmDownloadDocumento.aspx?CodigoInstituicao=1&NumeroSequencialDocumento=150557
02.600.854/0001-34;2025-09-30;1;TIM BRASIL SERVIÇOS E PARTICIPAÇÕES S.A.;027090;ITR;152683;2025-11-05;http://www.rad.cvm.gov.br/ENETCONSULTA/frmDownloadDocumento.aspx?CodigoInstituicao=1&NumeroSequencialDocumento=152683
02.635.522/0001-95;2025-06-30;1;JALLES MACHADO S.A.;025496;ITR;151144;2025-08-13;http://www.rad.cvm.gov.br/ENETCONSULTA/frmDownloadDocumento.aspx?CodigoInstituicao=1&NumeroSequencialDocumento=151144
02.635.522/0001-95;2025-09-30;1;JALLES MACHADO S.A.;025496;ITR;152969;2025-11-11;http://www.rad.cvm.gov.br/ENETCONSULTA/frmDownloadDocumento.aspx?CodigoInstituicao=1&NumeroSequencialDocumento=152969
02.635.522/0001-95;2025-12-31;1;JALLES MACHADO S.A.;025496;ITR;154743;2026-02-12;http://www.rad.cvm.gov.br/ENETCONSULTA/frmDownloadDocumento.aspx?CodigoInstituicao=1&NumeroSequencialDocumento=154743
02.664.042/0001-52;2025-03-31;1;TERMINAL GARAGEM MENEZES CORTES S.A.;018538;ITR;147601;2025-05-14;http://www.rad.cvm.gov.br/ENETCONSULTA/frmDownloadDocumento.aspx?CodigoInstituicao=1&NumeroSequencialDocumento=147601
02.664.042/0001-52;2025-06-30;1;TERMINAL GARAGEM MENEZES CORTES S.A.;018538;ITR;150657;2025-08-06;http://www.rad.cvm.gov.br/ENETCONSULTA/frmDownloadDocumento.aspx?CodigoInstituicao=1&NumeroSequencialDocumento=150657
02.664.042/0001-52;2025-09-30;1;TERMINAL GARAGEM MENEZES CORTES S.A.;018538;ITR;152863;2025-11-10;http://www.rad.cvm.gov.br/ENETCONSULTA/frmDownloadDocumento.aspx?CodigoInstituicao=1&NumeroSequencialDocumento=152863
02.724.983/0001-34;2025-03-31;1;SANESALTO SANEAMENTO S.A.;019593;ITR;150777;2025-08-07;http://www.rad.cvm.gov.br/ENETCONSULTA/frmDownloadDocumento.aspx?CodigoInstituicao=1&NumeroSequencialDocumento=150777
02.724.983/0001-34;2025-06-30;1;SANESALTO SANEAMENTO S.A.;019593;ITR;151620;2025-08-22;http://www.rad.cvm.gov.br/ENETCONSULTA/frmDownloadDocumento.aspx?CodigoInstituicao=1&NumeroSequencialDocumento=151620
02.762.121/0001-04;2025-03-31;1;SANTOS BRASIL PARTICIPACOES S.A.;017892;ITR;147530;2025-05-13;http://www.rad.cvm.gov.br/ENETCONSULTA/frmDownloadDocumento.aspx?CodigoInstituicao=1&NumeroSequencialDocumento=147530
02.762.121/0001-04;2025-06-30;1;SANTOS BRASIL PARTICIPACOES S.A.;017892;ITR;150654;2025-08-06;http://www.rad.cvm.gov.br/ENETCONSULTA/frmDownloadDocumento.aspx?CodigoInstituicao=1&NumeroSequencialDocumento=150654
02.762.121/0001-04;2025-09-30;1;SANTOS BRASIL PARTICIPACOES S.A.;017892;ITR;152701;2025-11-05;http://www.rad.cvm.gov.br/ENETCONSULTA/frmDownloadDocumento.aspx?CodigoInstituicao=1&NumeroSequencialDocumento=152701
02.762.124/0001-30;2025-03-31;1;BETAPART PARTICIPACOES S.A.;017884;ITR;147904;2025-05-15;http://www.rad.cvm.gov.br/ENETCONSULTA/frmDownloadDocumento.aspx?CodigoInstituicao=1&NumeroSequencialDocumento=147904
02.762.124/0001-30;2025-06-30;1;BETAPART PARTICIPACOES S.A.;017884;ITR;151061;2025-08-13;http://www.rad.cvm.gov.br/ENETCONSULTA/frmDownloadDocumento.aspx?CodigoInstituicao=1&NumeroSequencialDocumento=151061
02.762.124/0001-30;2025-09-30;1;BETAPART PARTICIPACOES S.A.;017884;ITR;153124;2025-11-13;http://www.rad.cvm.gov.br/ENETCONSULTA/frmDownloadDocumento.aspx?CodigoInstituicao=1&NumeroSequencialDocumento=153124
02.796.775/0001-40;2025-03-31;1;GAMA PARTICIPACOES S.A.;017965;ITR;147871;2025-05-15;http://www.rad.cvm.gov.br/ENETCONSULTA/frmDownloadDocumento.aspx?CodigoInstituicao=1&NumeroSequencialDocumento=147871
02.796.775/0001-40;2025-06-30;1;GAMA PARTICIPACOES S.A.;017965;ITR;150915;2025-08-12;http://www.rad.cvm.gov.br/ENETCONSULTA/frmDownloadDocumento.aspx?CodigoInstituicao=1&NumeroSequencialDocumento=150915
02.796.775/0001-40;2025-09-30;1;GAMA PARTICIPACOES S.A.;017965;ITR;153114;2025-11-13;http://www.rad.cvm.gov.br/ENETCONSULTA/frmDownloadDocumento.aspx?CodigoInstituicao=1&NumeroSequencialDocumento=153114
02.800.026/0001-40;2025-03-31;1;COGNA EDUCAÇÃO S.A.;017973;ITR;147084;2025-05-08;http://www.rad.cvm.gov.br/ENETCONSULTA/frmDownloadDocumento.aspx?CodigoInstituicao=1&NumeroSequencialDocumento=147084
02.800.026/0001-40;2025-06-30;1;COGNA EDUCAÇÃO S.A.;017973;ITR;150644;2025-08-06;http://www.rad.cvm.gov.br/ENETCONSULTA/frmDownloadDocumento.aspx?CodigoInstituicao=1&NumeroSequencialDocumento=150644
02.800.026/0001-40;2025-09-30;1;COGNA EDUCAÇÃO S.A.;017973;ITR;152745;2025-11-06;http://www.rad.cvm.gov.br/ENETCONSULTA/frmDownloadDocumento.aspx?CodigoInstituicao=1&NumeroSequencialDocumento=152745
02.846.056/0001-97;2025-03-31;1;MOTIVA INFRAESTRUTURA DE MOBILIDADE S.A.;018821;ITR;146790;2025-05-05;http://www.rad.cvm.gov.br/ENETCONSULTA/frmDownloadDocumento.aspx?CodigoInstituicao=1&NumeroSequencialDocumento=146790
02.846.056/0001-97;2025-06-30;1;MOTIVA INFRAESTRUTURA DE MOBILIDADE S.A.;018821;ITR;150225;2025-07-29;http://www.rad.cvm.gov.br/ENETCONSULTA/frmDownloadDocumento.aspx?CodigoInstituicao=1&NumeroSequencialDocumento=150225
02.846.056/0001-97;2025-09-30;1;MOTIVA INFRAESTRUTURA DE MOBILIDADE S.A.;018821;ITR;152529;2025-10-29;http://www.rad.cvm.gov.br/ENETCONSULTA/frmDownloadDocumento.aspx?CodigoInstituicao=1&NumeroSequencialDocumento=152529
02.860.694/0001-62;2025-03-31;1;T4F ENTRETENIMENTO S.A.;022454;ITR;147721;2025-05-14;http://www.rad.cvm.gov.br/ENETCONSULTA/frmDownloadDocumento.aspx?CodigoInstituicao=1&NumeroSequencialDocumento=147721
02.860.694/0001-62;2025-06-30;1;T4F ENTRETENIMENTO S.A.;022454;ITR;151188;2025-08-14;http://www.rad.cvm.gov.br/ENETCONSULTA/frmDownloadDocumento.aspx?CodigoInstituicao=1&NumeroSequencialDocumento=151188
02.860.694/0001-62;2025-06-30;2;T4F ENTRETENIMENTO S.A.;022454;ITR;151439;2025-08-15;http://www.rad.cvm.gov.br/ENETCONSULTA/frmDownloadDocumento.aspx?CodigoInstituicao=1&NumeroSequencialDocumento=151439
02.860.694/0001-62;2025-09-30;1;T4F ENTRETENIMENTO S.A.;022454;ITR;153089;2025-11-12;http://www.rad.cvm.gov.br/ENETCONSULTA/frmDownloadDocumento.aspx?CodigoInstituicao=1&NumeroSequencialDocumento=153089
02.916.265/0001-60;2025-03-31;1;JBS S.A.;020575;ITR;147504;2025-05-13;http://www.rad.cvm.gov.br/ENETCONSULTA/frmDownloadDocumento.aspx?CodigoInstituicao=1&NumeroSequencialDocumento=147504
02.916.265/0001-60;2025-06-30;1;JBS S.A.;020575;ITR;151147;2025-08-13;http://www.rad.cvm.gov.br/ENETCONSULTA/frmDownloadDocumento.aspx?CodigoInstituicao=1&NumeroSequencialDocumento=151147
02.916.265/0001-60;2025-06-30;2;JBS S.A.;020575;ITR;151166;2025-08-13;http://www.rad.cvm.gov.br/ENETCONSULTA/frmDownloadDocumento.aspx?CodigoInstituicao=1&NumeroSequencialDocumento=151166
02.916.265/0001-60;2025-09-30;1;JBS S.A.;020575;ITR;153211;2025-11-13;http://www.rad.cvm.gov.br/ENETCONSULTA/frmDownloadDocumento.aspx?CodigoInstituicao=1&NumeroSequencialDocumento=153211
02.919.555/0001-67;2025-03-31;1;ARTERIS S.A.;019771;ITR;146902;2025-05-07;http://www.rad.cvm.gov.br/ENETCONSULTA/frmDownloadDocumento.aspx?CodigoInstituicao=1&NumeroSequencialDocumento=146902
02.919.555/0001-67;2025-06-30;1;ARTERIS S.A.;019771;ITR;151272;2025-08-14;http://www.rad.cvm.gov.br/ENETCONSULTA/frmDownloadDocumento.aspx?CodigoInstituicao=1&NumeroSequencialDocumento=151272
02.919.555/0001-67;2025-09-30;1;ARTERIS S.A.;019771;ITR;153233;2025-11-13;http://www.rad.cvm.gov.br/ENETCONSULTA/frmDownloadDocumento.aspx?CodigoInstituicao=1&NumeroSequencialDocumento=153233
02.932.074/0001-91;2025-03-31;1;HYPERA S.A.;021431;ITR;146462;2025-04-23;http://www.rad.cvm.gov.br/ENETCONSULTA/frmDownloadDocumento.aspx?CodigoInstituicao=1&NumeroSequencialDocumento=146462
02.932.074/0001-91;2025-06-30;1;HYPERA S.A.;021431;ITR;150663;2025-08-06;http://www.rad.cvm.gov.br/ENETCONSULTA/frmDownloadDocumento.aspx?CodigoInstituicao=1&NumeroSequencialDocumento=150663
02.932.074/0001-91;2025-09-30;1;HYPERA S.A.;021431;ITR;152512;2025-10-28;http://www.rad.cvm.gov.br/ENETCONSULTA/frmDownloadDocumento.aspx?CodigoInstituicao=1&NumeroSequencialDocumento=152512
02.950.811/0001-89;2025-03-31;1;PDG REALTY S.A. EMPREEND E PARTICIPACOES;020478;ITR;147668;2025-05-14;http://www.rad.cvm.gov.br/ENETCONSULTA/frmDownloadDocumento.aspx?CodigoInstituicao=1&NumeroSequencialDocumento=147668
02.950.811/0001-89;2025-06-30;1;PDG REALTY S.A. EMPREEND E PARTICIPACOES;020478;ITR;150822;2025-08-08;http://www.rad.cvm.gov.br/ENETCONSULTA/frmDownloadDocumento.aspx?CodigoInstituicao=1&NumeroSequencialDocumento=150822
02.950.811/0001-89;2025-09-30;1;PDG REALTY S.A. EMPREEND E PARTICIPACOES;020478;ITR;153352;2025-11-14;http://www.rad.cvm.gov.br/ENETCONSULTA/frmDownloadDocumento.aspx?CodigoInstituicao=1&NumeroSequencialDocumento=153352
02.992.449/0001-09;2025-03-31;1;PROMPT PARTICIPACOES S.A.;018333;ITR;147885;2025-05-15;http://www.rad.cvm.gov.br/ENETCONSULTA/frmDownloadDocumento.aspx?CodigoInstituicao=1&NumeroSequencialDocumento=147885
02.992.449/0001-09;2025-06-30;1;PROMPT PARTICIPACOES S.A.;018333;ITR;150919;2025-08-12;http://www.rad.cvm.gov.br/ENETCONSULTA/frmDownloadDocumento.aspx?CodigoInstituicao=1&NumeroSequencialDocumento=150919
02.992.449/0001-09;2025-09-30;1;PROMPT PARTICIPACOES S.A.;018333;ITR;153113;2025-11-13;http://www.rad.cvm.gov.br/ENETCONSULTA/frmDownloadDocumento.aspx?CodigoInstituicao=1&NumeroSequencialDocumento=153113
02.998.301/0001-81;2025-03-31;1;RIO PARANAPANEMA ENERGIA S.A.;018368;ITR;147517;2025-05-13;http://www.rad.cvm.gov.br/ENETCONSULTA/frmDownloadDocumento.aspx?CodigoInstituicao=1&NumeroSequencialDocumento=147517
02.998.301/0001-81;2025-06-30;1;RIO PARANAPANEMA ENERGIA S.A.;018368;ITR;151162;2025-08-13;http://www.rad.cvm.gov.br/ENETCONSULTA/frmDownloadDocumento.aspx?CodigoInstituicao=1&NumeroSequencialDocumento=151162
02.998.301/0001-81;2025-09-30;1;RIO PARANAPANEMA ENERGIA S.A.;018368;ITR;153243;2025-11-13;http://www.rad.cvm.gov.br/ENETCONSULTA/frmDownloadDocumento.aspx?CodigoInstituicao=1&NumeroSequencialDocumento=153243
02.998.611/0001-04;2025-03-31;1;ISA ENERGIA BRASIL;018376;ITR;146640;2025-04-29;http://www.rad.cvm.gov.br/ENETCONSULTA/frmDownloadDocumento.aspx?CodigoInstituicao=1&NumeroSequencialDocumento=146640
02.998.611/0001-04;2025-06-30;1;ISA ENERGIA BRASIL;018376;ITR;150281;2025-07-30;http://www.rad.cvm.gov.br/ENETCONSULTA/frmDownloadDocumento.aspx?CodigoInstituicao=1&NumeroSequencialDocumento=150281
02.998.611/0001-04;2025-09-30;1;ISA ENERGIA BRASIL;018376;ITR;152535;2025-10-29;http://www.rad.cvm.gov.br/ENETCONSULTA/frmDownloadDocumento.aspx?CodigoInstituicao=1&NumeroSequencialDocumento=152535
03.014.553/0001-91;2025-03-31;1;TPI - TRIUNFO PARTICIP. E INVEST. S.A.;019330;ITR;147146;2025-05-08;http://www.rad.cvm.gov.br/ENETCONSULTA/frmDownloadDocumento.aspx?CodigoInstituicao=1&NumeroSequencialDocumento=147146
03.014.553/0001-91;2025-06-30;1;TPI - TRIUNFO PARTICIP. E INVEST. S.A.;019330;ITR;150708;2025-08-07;http://www.rad.cvm.gov.br/ENETCONSULTA/frmDownloadDocumento.aspx?CodigoInstituicao=1&NumeroSequencialDocumento=150708
03.014.553/0001-91;2025-09-30;1;TPI - TRIUNFO PARTICIP. E INVEST. S.A.;019330;ITR;152449;2025-10-23;http://www.rad.cvm.gov.br/ENETCONSULTA/frmDownloadDocumento.aspx?CodigoInstituicao=1&NumeroSequencialDocumento=152449
03.025.305/0001-46;2025-03-31;1;RODOVIAS DAS COLINAS S.A.;023167;ITR;147959;2025-05-15;http://www.rad.cvm.gov.br/ENETCONSULTA/frmDownloadDocumento.aspx?CodigoInstituicao=1&NumeroSequencialDocumento=147959
03.025.305/0001-46;2025-03-31;2;RODOVIAS DAS COLINAS S.A.;023167;ITR;147982;2025-05-16;http://www.rad.cvm.gov.br/ENETCONSULTA/frmDownloadDocumento.aspx?CodigoInstituicao=1&NumeroSequencialDocumento=147982
03.025.305/0001-46;2025-06-30;1;RODOVIAS DAS COLINAS S.A.;023167;ITR;151428;2025-08-14;http://www.rad.cvm.gov.br/ENETCONSULTA/frmDownloadDocumento.aspx?CodigoInstituicao=1&NumeroSequencialDocumento=151428
03.025.305/0001-46;2025-06-30;2;RODOVIAS DAS COLINAS S.A.;023167;ITR;151450;2025-08-15;http://www.rad.cvm.gov.br/ENETCONSULTA/frmDownloadDocumento.aspx?CodigoInstituicao=1&NumeroSequencialDocumento=151450
03.025.305/0001-46;2025-09-30;1;RODOVIAS DAS COLINAS S.A.;023167;ITR;153589;2025-11-26;http://www.rad.cvm.gov.br/ENETCONSULTA/frmDownloadDocumento.aspx?CodigoInstituicao=1&NumeroSequencialDocumento=153589
03.207.703/0001-83;2025-03-31;1;CONCESSIONARIA DE RODOVIAS DO INTERIOR PAULISTA S/A;021849;ITR;147723;2025-05-15;http://www.rad.cvm.gov.br/ENETCONSULTA/frmDownloadDocumento.aspx?CodigoInstituicao=1&NumeroSequencialDocumento=147723
03.207.703/0001-83;2025-06-30;1;CONCESSIONARIA DE RODOVIAS DO INTERIOR PAULISTA S/A;021849;ITR;151281;2025-08-14;http://www.rad.cvm.gov.br/ENETCONSULTA/frmDownloadDocumento.aspx?CodigoInstituicao=1&NumeroSequencialDocumento=151281
03.207.703/0001-83;2025-09-30;1;CONCESSIONARIA DE RODOVIAS DO INTERIOR PAULISTA S/A;021849;ITR;153234;2025-11-13;http://www.rad.cvm.gov.br/ENETCONSULTA/frmDownloadDocumento.aspx?CodigoInstituicao=1&NumeroSequencialDocumento=153234
03.220.438/0001-73;2025-03-31;1;EQUATORIAL S.A.;020010;ITR;147695;2025-05-14;http://www.rad.cvm.gov.br/ENETCONSULTA/frmDownloadDocumento.aspx?CodigoInstituicao=1&NumeroSequencialDocumento=147695
03.220.438/0001-73;2025-06-30;1;EQUATORIAL S.A.;020010;ITR;151094;2025-08-13;http://www.rad.cvm.gov.br/ENETCONSULTA/frmDownloadDocumento.aspx?CodigoInstituicao=1&NumeroSequencialDocumento=151094
03.220.438/0001-73;2025-09-30;1;EQUATORIAL S.A.;020010;ITR;153065;2025-11-12;http://www.rad.cvm.gov.br/ENETCONSULTA/frmDownloadDocumento.aspx?CodigoInstituicao=1&NumeroSequencialDocumento=153065
03.279.285/0001-30;2025-03-31;1;ORIZON MEIO AMBIENTE S.A.;027049;ITR;147964;2025-05-15;http://www.rad.cvm.gov.br/ENETCONSULTA/frmDownloadDocumento.aspx?CodigoInstituicao=1&NumeroSequencialDocumento=147964
03.279.285/0001-30;2025-03-31;2;ORIZON MEIO AMBIENTE S.A.;027049;ITR;148023;2025-05-19;http://www.rad.cvm.gov.br/ENETCONSULTA/frmDownloadDocumento.aspx?CodigoInstituicao=1&NumeroSequencialDocumento=148023
03.279.285/0001-30;2025-06-30;1;ORIZON MEIO AMBIENTE S.A.;027049;ITR;151391;2025-08-14;http://www.rad.cvm.gov.br/ENETCONSULTA/frmDownloadDocumento.aspx?CodigoInstituicao=1&NumeroSequencialDocumento=151391
03.279.285/0001-30;2025-09-30;1;ORIZON MEIO AMBIENTE S.A.;027049;ITR;153252;2025-11-13;http://www.rad.cvm.gov.br/ENETCONSULTA/frmDownloadDocumento.aspx?CodigoInstituicao=1&NumeroSequencialDocumento=153252
03.303.999/0001-36;2025-03-31;1;DTCOM - DIRECT TO COMPANY S.A.;018597;ITR;147716;2025-05-14;http://www.rad.cvm.gov.br/ENETCONSULTA/frmDownloadDocumento.aspx?CodigoInstituicao=1&NumeroSequencialDocumento=147716
03.303.999/0001-36;2025-06-30;1;DTCOM - DIRECT TO COMPANY S.A.;018597;ITR;151201;2025-08-14;http://www.rad.cvm.gov.br/ENETCONSULTA/frmDownloadDocumento.aspx?CodigoInstituicao=1&NumeroSequencialDocumento=151201
03.303.999/0001-36;2025-09-30;1;DTCOM - DIRECT TO COMPANY S.A.;018597;ITR;153284;2025-11-14;http://www.rad.cvm.gov.br/ENETCONSULTA/frmDownloadDocumento.aspx?CodigoInstituicao=1&NumeroSequencialDocumento=153284
03.342.704/0001-30;2025-03-31;1;PETRORECÔNCAVO S.A.;025780;ITR;147088;2025-05-08;http://www.rad.cvm.gov.br/ENETCONSULTA/frmDownloadDocumento.aspx?CodigoInstituicao=1&NumeroSequencialDocumento=147088
03.342.704/0001-30;2025-06-30;1;PETRORECÔNCAVO S.A.;025780;ITR;150774;2025-08-07;http://www.rad.cvm.gov.br/ENETCONSULTA/frmDownloadDocumento.aspx?CodigoInstituicao=1&NumeroSequencialDocumento=150774
03.342.704/0001-30;2025-09-30;1;PETRORECÔNCAVO S.A.;025780;ITR;152784;2025-11-06;http://www.rad.cvm.gov.br/ENETCONSULTA/frmDownloadDocumento.aspx?CodigoInstituicao=1&NumeroSequencialDocumento=152784
03.378.521/0001-75;2025-03-31;1;LIGHT S.A. - EM RECUPERAÇÃO JUDICIAL;019879;ITR;147699;2025-05-14;http://www.rad.cvm.gov.br/ENETCONSULTA/frmDownloadDocumento.aspx?CodigoInstituicao=1&NumeroSequencialDocumento=147699
03.378.521/0001-75;2025-06-30;1;LIGHT S.A. - EM RECUPERAÇÃO JUDICIAL;019879;ITR;150956;2025-08-12;http://www.rad.cvm.gov.br/ENETCONSULTA/frmDownloadDocumento.aspx?CodigoInstituicao=1&NumeroSequencialDocumento=150956
03.378.521/0001-75;2025-09-30;1;LIGHT S.A. - EM RECUPERAÇÃO JUDICIAL;019879;ITR;153207;2025-11-13;http://www.rad.cvm.gov.br/ENETCONSULTA/frmDownloadDocumento.aspx?CodigoInstituicao=1&NumeroSequencialDocumento=153207
03.467.321/0001-99;2025-03-31;1;ENERGISA MATO GROSSO-DISTRIBUIDORA DE ENERGIA S/A;014605;ITR;147143;2025-05-08;http://www.rad.cvm.gov.br/ENETCONSULTA/frmDownloadDocumento.aspx?CodigoInstituicao=1&NumeroSequencialDocumento=147143
03.467.321/0001-99;2025-06-30;1;ENERGISA MATO GROSSO-DISTRIBUIDORA DE ENERGIA S/A;014605;ITR;150760;2025-08-07;http://www.rad.cvm.gov.br/ENETCONSULTA/frmDownloadDocumento.aspx?CodigoInstituicao=1&NumeroSequencialDocumento=150760
03.467.321/0001-99;2025-09-30;1;ENERGISA MATO GROSSO-DISTRIBUIDORA DE ENERGIA S/A;014605;ITR;152779;2025-11-06;http://www.rad.cvm.gov.br/ENETCONSULTA/frmDownloadDocumento.aspx?CodigoInstituicao=1&NumeroSequencialDocumento=152779
03.538.833/0001-07;2025-03-31;1;XX DE NOVEMBRO INVESTIMENTOS E PARTICIPAÇÕES S.A.;020001;ITR;147932;2025-05-15;http://www.rad.cvm.gov.br/ENETCONSULTA/frmDownloadDocumento.aspx?CodigoInstituicao=1&NumeroSequencialDocumento=147932
03.538.833/0001-07;2025-06-30;1;XX DE NOVEMBRO INVESTIMENTOS E PARTICIPAÇÕES S.A.;020001;ITR;150917;2025-08-12;http://www.rad.cvm.gov.br/ENETCONSULTA/frmDownloadDocumento.aspx?CodigoInstituicao=1&NumeroSequencialDocumento=150917
03.538.833/0001-07;2025-09-30;1;XX DE NOVEMBRO INVESTIMENTOS E PARTICIPAÇÕES S.A.;020001;ITR;153130;2025-11-13;http://www.rad.cvm.gov.br/ENETCONSULTA/frmDownloadDocumento.aspx?CodigoInstituicao=1&NumeroSequencialDocumento=153130
03.758.318/0001-24;2025-03-31;1;INVESTIMENTOS E PARTICIP. EM INFRA S.A. - INVEPAR;018775;ITR;153406;2025-11-14;http://www.rad.cvm.gov.br/ENETCONSULTA/frmDownloadDocumento.aspx?CodigoInstituicao=1&NumeroSequencialDocumento=153406
03.758.318/0001-24;2025-06-30;1;INVESTIMENTOS E PARTICIP. EM INFRA S.A. - INVEPAR;018775;ITR;153407;2025-11-14;http://www.rad.cvm.gov.br/ENETCONSULTA/frmDownloadDocumento.aspx?CodigoInstituicao=1&NumeroSequencialDocumento=153407
03.758.318/0001-24;2025-09-30;1;INVESTIMENTOS E PARTICIP. EM INFRA S.A. - INVEPAR;018775;ITR;153408;2025-11-14;http://www.rad.cvm.gov.br/ENETCONSULTA/frmDownloadDocumento.aspx?CodigoInstituicao=1&NumeroSequencialDocumento=153408
03.767.538/0001-14;2025-03-31;1;BRAZILIAN SECURITIES CIA SECURITIZACAO;018759;ITR;147188;2025-05-09;http://www.rad.cvm.gov.br/ENETCONSULTA/frmDownloadDocumento.aspx?CodigoInstituicao=1&NumeroSequencialDocumento=147188
03.767.538/0001-14;2025-06-30;1;BRAZILIAN SECURITIES CIA SECURITIZACAO;018759;ITR;150831;2025-08-11;http://www.rad.cvm.gov.br/ENETCONSULTA/frmDownloadDocumento.aspx?CodigoInstituicao=1&NumeroSequencialDocumento=150831
03.767.538/0001-14;2025-09-30;1;BRAZILIAN SECURITIES CIA SECURITIZACAO;018759;ITR;152900;2025-11-11;http://www.rad.cvm.gov.br/ENETCONSULTA/frmDownloadDocumento.aspx?CodigoInstituicao=1&NumeroSequencialDocumento=152900
03.795.050/0001-09;2025-03-31;1;TERMOPERNAMBUCO S.A.;019852;ITR;146636;2025-04-29;http://www.rad.cvm.gov.br/ENETCONSULTA/frmDownloadDocumento.aspx?CodigoInstituicao=1&NumeroSequencialDocumento=146636
03.795.050/0001-09;2025-06-30;1;TERMOPERNAMBUCO S.A.;019852;ITR;150059;2025-07-22;http://www.rad.cvm.gov.br/ENETCONSULTA/frmDownloadDocumento.aspx?CodigoInstituicao=1&NumeroSequencialDocumento=150059
03.795.050/0001-09;2025-09-30;1;TERMOPERNAMBUCO S.A.;019852;ITR;152494;2025-10-27;http://www.rad.cvm.gov.br/ENETCONSULTA/frmDownloadDocumento.aspx?CodigoInstituicao=1&NumeroSequencialDocumento=152494
03.802.115/0001-98;2025-03-31;1;CLEAR SALE S.A.;026093;ITR;147619;2025-05-14;http://www.rad.cvm.gov.br/ENETCONSULTA/frmDownloadDocumento.aspx?CodigoInstituicao=1&NumeroSequencialDocumento=147619
03.820.456/0001-96;2025-03-31;1;BSB ENERGÉTICA S.A.;026883;ITR;147463;2025-05-13;http://www.rad.cvm.gov.br/ENETCONSULTA/frmDownloadDocumento.aspx?CodigoInstituicao=1&NumeroSequencialDocumento=147463
03.820.456/0001-96;2025-06-30;1;BSB ENERGÉTICA S.A.;026883;ITR;151215;2025-08-14;http://www.rad.cvm.gov.br/ENETCONSULTA/frmDownloadDocumento.aspx?CodigoInstituicao=1&NumeroSequencialDocumento=151215
03.820.456/0001-96;2025-09-30;1;BSB ENERGÉTICA S.A.;026883;ITR;153008;2025-11-12;http://www.rad.cvm.gov.br/ENETCONSULTA/frmDownloadDocumento.aspx?CodigoInstituicao=1&NumeroSequencialDocumento=153008
03.847.461/0001-92;2025-03-31;1;BRADESPAR S.A.;018724;ITR;147560;2025-05-14;http://www.rad.cvm.gov.br/ENETCONSULTA/frmDownloadDocumento.aspx?CodigoInstituicao=1&NumeroSequencialDocumento=147560
03.847.461/0001-92;2025-06-30;1;BRADESPAR S.A.;018724;ITR;151050;2025-08-13;http://www.rad.cvm.gov.br/ENETCONSULTA/frmDownloadDocumento.aspx?CodigoInstituicao=1&NumeroSequencialDocumento=151050
03.847.461/0001-92;2025-09-30;1;BRADESPAR S.A.;018724;ITR;153107;2025-11-13;http://www.rad.cvm.gov.br/ENETCONSULTA/frmDownloadDocumento.aspx?CodigoInstituicao=1&NumeroSequencialDocumento=153107
03.853.896/0001-40;2025-03-31;1;MARFRIG GLOBAL FOODS S.A.;020788;ITR;147886;2025-05-15;http://www.rad.cvm.gov.br/ENETCONSULTA/frmDownloadDocumento.aspx?CodigoInstituicao=1&NumeroSequencialDocumento=147886
03.853.896/0001-40;2025-06-30;1;MARFRIG GLOBAL FOODS S.A.;020788;ITR;151373;2025-08-14;http://www.rad.cvm.gov.br/ENETCONSULTA/frmDownloadDocumento.aspx?CodigoInstituicao=1&NumeroSequencialDocumento=151373
03.853.896/0001-40;2025-09-30;1;MARFRIG GLOBAL FOODS S.A.;020788;ITR;152867;2025-11-10;http://www.rad.cvm.gov.br/ENETCONSULTA/frmDownloadDocumento.aspx?CodigoInstituicao=1&NumeroSequencialDocumento=152867
03.953.509/0001-47;2025-03-31;1;CPFL GERACAO DE ENERGIA S.A.;018953;ITR;147894;2025-05-15;http://www.rad.cvm.gov.br/ENETCONSULTA/frmDownloadDocumento.aspx?CodigoInstituicao=1&NumeroSequencialDocumento=147894
03.953.509/0001-47;2025-06-30;1;CPFL GERACAO DE ENERGIA S.A.;018953;ITR;151365;2025-08-14;http://www.rad.cvm.gov.br/ENETCONSULTA/frmDownloadDocumento.aspx?CodigoInstituicao=1&NumeroSequencialDocumento=151365
03.953.509/0001-47;2025-09-30;1;CPFL GERACAO DE ENERGIA S.A.;018953;ITR;153182;2025-11-13;http://www.rad.cvm.gov.br/ENETCONSULTA/frmDownloadDocumento.aspx?CodigoInstituicao=1&NumeroSequencialDocumento=153182
03.983.431/0001-03;2025-03-31;1;EDP - ENERGIAS DO BRASIL S.A.;019763;ITR;146962;2025-05-07;http://www.rad.cvm.gov.br/ENETCONSULTA/frmDownloadDocumento.aspx?CodigoInstituicao=1&NumeroSequencialDocumento=146962
03.983.431/0001-03;2025-06-30;1;EDP - ENERGIAS DO BRASIL S.A.;019763;ITR;150285;2025-07-30;http://www.rad.cvm.gov.br/ENETCONSULTA/frmDownloadDocumento.aspx?CodigoInstituicao=1&NumeroSequencialDocumento=150285
03.983.431/0001-03;2025-09-30;1;EDP - ENERGIAS DO BRASIL S.A.;019763;ITR;152555;2025-10-30;http://www.rad.cvm.gov.br/ENETCONSULTA/frmDownloadDocumento.aspx?CodigoInstituicao=1&NumeroSequencialDocumento=152555
04.030.182/0001-02;2025-03-31;1;CABINDA PARTICIPACOES S.A.;019119;ITR;147176;2025-05-08;http://www.rad.cvm.gov.br/ENETCONSULTA/frmDownloadDocumento.aspx?CodigoInstituicao=1&NumeroSequencialDocumento=147176
04.030.182/0001-02;2025-06-30;1;CABINDA PARTICIPACOES S.A.;019119;ITR;150671;2025-08-06;http://www.rad.cvm.gov.br/ENETCONSULTA/frmDownloadDocumento.aspx?CodigoInstituicao=1&NumeroSequencialDocumento=150671
04.030.182/0001-02;2025-09-30;1;CABINDA PARTICIPACOES S.A.;019119;ITR;152588;2025-10-31;http://www.rad.cvm.gov.br/ENETCONSULTA/frmDownloadDocumento.aspx?CodigoInstituicao=1&NumeroSequencialDocumento=152588
04.031.213/0001-31;2025-03-31;1;CACONDE PARTICIPACOES S.A.;019135;ITR;147178;2025-05-08;http://www.rad.cvm.gov.br/ENETCONSULTA/frmDownloadDocumento.aspx?CodigoInstituicao=1&NumeroSequencialDocumento=147178
04.031.213/0001-31;2025-06-30;1;CACONDE PARTICIPACOES S.A.;019135;ITR;150673;2025-08-06;http://www.rad.cvm.gov.br/ENETCONSULTA/frmDownloadDocumento.aspx?CodigoInstituicao=1&NumeroSequencialDocumento=150673
04.031.213/0001-31;2025-09-30;1;CACONDE PARTICIPACOES S.A.;019135;ITR;152590;2025-10-31;http://www.rad.cvm.gov.br/ENETCONSULTA/frmDownloadDocumento.aspx?CodigoInstituicao=1&NumeroSequencialDocumento=152590
04.032.433/0001-80;2025-03-31;1;CONTAX PARTICIPAÇÕES S.A. - EM RECUPERAÇÃO JUDICIAL;019100;ITR;148141;2025-05-21;http://www.rad.cvm.gov.br/ENETCONSULTA/frmDownloadDocumento.aspx?CodigoInstituicao=1&NumeroSequencialDocumento=148141
04.032.433/0001-80;2025-03-31;2;CONTAX PARTICIPAÇÕES S.A. - EM RECUPERAÇÃO JUDICIAL;019100;ITR;148148;2025-05-22;http://www.rad.cvm.gov.br/ENETCONSULTA/frmDownloadDocumento.aspx?CodigoInstituicao=1&NumeroSequencialDocumento=148148
04.032.433/0001-80;2025-06-30;1;CONTAX PARTICIPAÇÕES S.A. - EM RECUPERAÇÃO JUDICIAL;019100;ITR;151511;2025-08-18;http://www.rad.cvm.gov.br/ENETCONSULTA/frmDownloadDocumento.aspx?CodigoInstituicao=1&NumeroSequencialDocumento=151511
04.032.433/0001-80;2025-09-30;1;CONTAX PARTICIPAÇÕES S.A. - EM RECUPERAÇÃO JUDICIAL;019100;ITR;153524;2025-11-21;http://www.rad.cvm.gov.br/ENETCONSULTA/frmDownloadDocumento.aspx?CodigoInstituicao=1&NumeroSequencialDocumento=153524
04.038.763/0001-82;2025-03-31;1;CAIANDA PARTICIPACOES S.A.;019097;ITR;147179;2025-05-08;http://www.rad.cvm.gov.br/ENETCONSULTA/frmDownloadDocumento.aspx?CodigoInstituicao=1&NumeroSequencialDocumento=147179
04.038.763/0001-82;2025-06-30;1;CAIANDA PARTICIPACOES S.A.;019097;ITR;150674;2025-08-06;http://www.rad.cvm.gov.br/ENETCONSULTA/frmDownloadDocumento.aspx?CodigoInstituicao=1&NumeroSequencialDocumento=150674
04.038.763/0001-82;2025-09-30;1;CAIANDA PARTICIPACOES S.A.;019097;ITR;152591;2025-10-31;http://www.rad.cvm.gov.br/ENETCONSULTA/frmDownloadDocumento.aspx?CodigoInstituicao=1&NumeroSequencialDocumento=152591
04.065.053/0001-41;2025-03-31;1;BRZ EMPREENDIMENTOS E CONSTRUÇÕES S.A.;027391;ITR;150075;2025-07-22;http://www.rad.cvm.gov.br/ENETCONSULTA/frmDownloadDocumento.aspx?CodigoInstituicao=1&NumeroSequencialDocumento=150075
04.065.053/0001-41;2025-06-30;1;BRZ EMPREENDIMENTOS E CONSTRUÇÕES S.A.;027391;ITR;151311;2025-08-14;http://www.rad.cvm.gov.br/ENETCONSULTA/frmDownloadDocumento.aspx?CodigoInstituicao=1&NumeroSequencialDocumento=151311
04.065.053/0001-41;2025-09-30;1;BRZ EMPREENDIMENTOS E CONSTRUÇÕES S.A.;027391;ITR;153426;2025-11-14;http://www.rad.cvm.gov.br/ENETCONSULTA/frmDownloadDocumento.aspx?CodigoInstituicao=1&NumeroSequencialDocumento=153426
04.069.709/0001-02;2025-03-31;1;BIONEXO S.A.;025925;ITR;147868;2025-05-15;http://www.rad.cvm.gov.br/ENETCONSULTA/frmDownloadDocumento.aspx?CodigoInstituicao=1&NumeroSequencialDocumento=147868
04.069.709/0001-02;2025-06-30;1;BIONEXO S.A.;025925;ITR;151181;2025-08-13;http://www.rad.cvm.gov.br/ENETCONSULTA/frmDownloadDocumento.aspx?CodigoInstituicao=1&NumeroSequencialDocumento=151181
04.069.709/0001-02;2025-09-30;1;BIONEXO S.A.;025925;ITR;153416;2025-11-14;http://www.rad.cvm.gov.br/ENETCONSULTA/frmDownloadDocumento.aspx?CodigoInstituicao=1&NumeroSequencialDocumento=153416
04.089.570/0001-50;2025-03-31;1;ÁGUAS GUARIROBA S.A;023442;ITR;146993;2025-05-07;http://www.rad.cvm.gov.br/ENETCONSULTA/frmDownloadDocumento.aspx?CodigoInstituicao=1&NumeroSequencialDocumento=146993
04.089.570/0001-50;2025-06-30;1;ÁGUAS GUARIROBA S.A;023442;ITR;150662;2025-08-06;http://www.rad.cvm.gov.br/ENETCONSULTA/frmDownloadDocumento.aspx?CodigoInstituicao=1&NumeroSequencialDocumento=150662
04.089.570/0001-50;2025-09-30;1;ÁGUAS GUARIROBA S.A;023442;ITR;152726;2025-11-05;http://www.rad.cvm.gov.br/ENETCONSULTA/frmDownloadDocumento.aspx?CodigoInstituicao=1&NumeroSequencialDocumento=152726
04.149.454/0001-80;2025-03-31;1;ECORODOVIAS INFRAESTRUTURA E LOGÍSTICA S.A.;019453;ITR;147087;2025-05-08;http://www.rad.cvm.gov.br/ENETCONSULTA/frmDownloadDocumento.aspx?CodigoInstituicao=1&NumeroSequencialDocumento=147087
04.149.454/0001-80;2025-06-30;1;ECORODOVIAS INFRAESTRUTURA E LOGÍSTICA S.A.;019453;ITR;150265;2025-07-30;http://www.rad.cvm.gov.br/ENETCONSULTA/frmDownloadDocumento.aspx?CodigoInstituicao=1&NumeroSequencialDocumento=150265
04.149.454/0001-80;2025-09-30;1;ECORODOVIAS INFRAESTRUTURA E LOGÍSTICA S.A.;019453;ITR;152939;2025-11-11;http://www.rad.cvm.gov.br/ENETCONSULTA/frmDownloadDocumento.aspx?CodigoInstituicao=1&NumeroSequencialDocumento=152939
04.172.213/0001-51;2025-03-31;1;CIA PIRATININGA DE FORCA E LUZ;019275;ITR;147902;2025-05-15;http://www.rad.cvm.gov.br/ENETCONSULTA/frmDownloadDocumento.aspx?CodigoInstituicao=1&NumeroSequencialDocumento=147902
04.172.213/0001-51;2025-06-30;1;CIA PIRATININGA DE FORCA E LUZ;019275;ITR;151361;2025-08-14;http://www.rad.cvm.gov.br/ENETCONSULTA/frmDownloadDocumento.aspx?CodigoInstituicao=1&NumeroSequencialDocumento=151361
04.172.213/0001-51;2025-09-30;1;CIA PIRATININGA DE FORCA E LUZ;019275;ITR;153179;2025-11-13;http://www.rad.cvm.gov.br/ENETCONSULTA/frmDownloadDocumento.aspx?CodigoInstituicao=1&NumeroSequencialDocumento=153179
04.212.396/0001-91;2025-03-31;1;VOKE S.A.;027324;ITR;147867;2025-05-15;http://www.rad.cvm.gov.br/ENETCONSULTA/frmDownloadDocumento.aspx?CodigoInstituicao=1&NumeroSequencialDocumento=147867
04.212.396/0001-91;2025-06-30;1;VOKE S.A.;027324;ITR;151305;2025-08-14;http://www.rad.cvm.gov.br/ENETCONSULTA/frmDownloadDocumento.aspx?CodigoInstituicao=1&NumeroSequencialDocumento=151305
04.212.396/0001-91;2025-09-30;1;VOKE S.A.;027324;ITR;153457;2025-11-17;http://www.rad.cvm.gov.br/ENETCONSULTA/frmDownloadDocumento.aspx?CodigoInstituicao=1&NumeroSequencialDocumento=153457
04.368.865/0001-66;2025-03-31;1;LIGGA TELECOMUNICAÇÕES S.A.;027367;ITR;148147;2025-05-22;http://www.rad.cvm.gov.br/ENETCONSULTA/frmDownloadDocumento.aspx?CodigoInstituicao=1&NumeroSequencialDocumento=148147
04.368.865/0001-66;2025-06-30;1;LIGGA TELECOMUNICAÇÕES S.A.;027367;ITR;151332;2025-08-14;http://www.rad.cvm.gov.br/ENETCONSULTA/frmDownloadDocumento.aspx?CodigoInstituicao=1&NumeroSequencialDocumento=151332
04.368.865/0001-66;2025-09-30;1;LIGGA TELECOMUNICAÇÕES S.A.;027367;ITR;152979;2025-11-11;http://www.rad.cvm.gov.br/ENETCONSULTA/frmDownloadDocumento.aspx?CodigoInstituicao=1&NumeroSequencialDocumento=152979
04.368.898/0001-06;2025-03-31;1;COPEL DISTRIBUIÇÃO S.A.;026808;ITR;147140;2025-05-08;http://www.rad.cvm.gov.br/ENETCONSULTA/frmDownloadDocumento.aspx?CodigoInstituicao=1&NumeroSequencialDocumento=147140
04.368.898/0001-06;2025-06-30;1;COPEL DISTRIBUIÇÃO S.A.;026808;ITR;150683;2025-08-06;http://www.rad.cvm.gov.br/ENETCONSULTA/frmDownloadDocumento.aspx?CodigoInstituicao=1&NumeroSequencialDocumento=150683
04.368.898/0001-06;2025-09-30;1;COPEL DISTRIBUIÇÃO S.A.;026808;ITR;153075;2025-11-12;http://www.rad.cvm.gov.br/ENETCONSULTA/frmDownloadDocumento.aspx?CodigoInstituicao=1&NumeroSequencialDocumento=153075
04.370.282/0001-70;2025-03-31;1;COPEL GERAÇÃO E TRANSMISSÃO S.A.;024740;ITR;147141;2025-05-08;http://www.rad.cvm.gov.br/ENETCONSULTA/frmDownloadDocumento.aspx?CodigoInstituicao=1&NumeroSequencialDocumento=147141
04.370.282/0001-70;2025-06-30;1;COPEL GERAÇÃO E TRANSMISSÃO S.A.;024740;ITR;150684;2025-08-06;http://www.rad.cvm.gov.br/ENETCONSULTA/frmDownloadDocumento.aspx?CodigoInstituicao=1&NumeroSequencialDocumento=150684
04.370.282/0001-70;2025-09-30;1;COPEL GERAÇÃO E TRANSMISSÃO S.A.;024740;ITR;153074;2025-11-12;http://www.rad.cvm.gov.br/ENETCONSULTA/frmDownloadDocumento.aspx?CodigoInstituicao=1&NumeroSequencialDocumento=153074
04.423.567/0001-21;2025-03-31;1;ENEVA S.A;021237;ITR;147630;2025-05-14;http://www.rad.cvm.gov.br/ENETCONSULTA/frmDownloadDocumento.aspx?CodigoInstituicao=1&NumeroSequencialDocumento=147630
04.423.567/0001-21;2025-06-30;1;ENEVA S.A;021237;ITR;151110;2025-08-13;http://www.rad.cvm.gov.br/ENETCONSULTA/frmDownloadDocumento.aspx?CodigoInstituicao=1&NumeroSequencialDocumento=151110
04.423.567/0001-21;2025-09-30;1;ENEVA S.A;021237;ITR;152933;2025-11-11;http://www.rad.cvm.gov.br/ENETCONSULTA/frmDownloadDocumento.aspx?CodigoInstituicao=1&NumeroSequencialDocumento=152933
04.601.397/0001-28;2025-03-31;1;BRISANET SERVIÇOS DE TELECOMUNICAÇÕES S.A.;027693;ITR;147802;2025-05-15;http://www.rad.cvm.gov.br/ENETCONSULTA/frmDownloadDocumento.aspx?CodigoInstituicao=1&NumeroSequencialDocumento=147802
04.601.397/0001-28;2025-03-31;2;BRISANET SERVIÇOS DE TELECOMUNICAÇÕES S.A.;027693;ITR;148039;2025-05-19;http://www.rad.cvm.gov.br/ENETCONSULTA/frmDownloadDocumento.aspx?CodigoInstituicao=1&NumeroSequencialDocumento=148039
04.601.397/0001-28;2025-06-30;1;BRISANET SERVIÇOS DE TELECOMUNICAÇÕES S.A.;027693;ITR;150945;2025-08-12;http://www.rad.cvm.gov.br/ENETCONSULTA/frmDownloadDocumento.aspx?CodigoInstituicao=1&NumeroSequencialDocumento=150945
04.601.397/0001-28;2025-09-30;1;BRISANET SERVIÇOS DE TELECOMUNICAÇÕES S.A.;027693;ITR;152931;2025-11-11;http://www.rad.cvm.gov.br/ENETCONSULTA/frmDownloadDocumento.aspx?CodigoInstituicao=1&NumeroSequencialDocumento=152931
04.626.426/0001-06;2025-03-31;1;BTG PACTUAL COMMODITIES SERTRADING S.A.;027774;ITR;147541;2025-05-13;http://www.rad.cvm.gov.br/ENETCONSULTA/frmDownloadDocumento.aspx?CodigoInstituicao=1&NumeroSequencialDocumento=147541
04.626.426/0001-06;2025-06-30;1;BTG PACTUAL COMMODITIES SERTRADING S.A.;027774;ITR;151068;2025-08-13;http://www.rad.cvm.gov.br/ENETCONSULTA/frmDownloadDocumento.aspx?CodigoInstituicao=1&NumeroSequencialDocumento=151068
04.626.426/0001-06;2025-09-30;1;BTG PACTUAL COMMODITIES SERTRADING S.A.;027774;ITR;152967;2025-11-11;http://www.rad.cvm.gov.br/ENETCONSULTA/frmDownloadDocumento.aspx?CodigoInstituicao=1&NumeroSequencialDocumento=152967
04.739.720/0001-24;2025-03-31;1;USINA TERMELÉTRICA PAMPA SUL S.A.;024945;ITR;147604;2025-05-14;http://www.rad.cvm.gov.br/ENETCONSULTA/frmDownloadDocumento.aspx?CodigoInstituicao=1&NumeroSequencialDocumento=147604
04.739.720/0001-24;2025-06-30;1;USINA TERMELÉTRICA PAMPA SUL S.A.;024945;ITR;151262;2025-08-14;http://www.rad.cvm.gov.br/ENETCONSULTA/frmDownloadDocumento.aspx?CodigoInstituicao=1&NumeroSequencialDocumento=151262
04.739.720/0001-24;2025-06-30;2;USINA TERMELÉTRICA PAMPA SUL S.A.;024945;ITR;151444;2025-08-15;http://www.rad.cvm.gov.br/ENETCONSULTA/frmDownloadDocumento.aspx?CodigoInstituicao=1&NumeroSequencialDocumento=151444
04.739.720/0001-24;2025-09-30;1;USINA TERMELÉTRICA PAMPA SUL S.A.;024945;ITR;153133;2025-11-13;http://www.rad.cvm.gov.br/ENETCONSULTA/frmDownloadDocumento.aspx?CodigoInstituicao=1&NumeroSequencialDocumento=153133
04.752.991/0001-10;2025-03-31;1;BIOMM S.A.;019305;ITR;147816;2025-05-15;http://www.rad.cvm.gov.br/ENETCONSULTA/frmDownloadDocumento.aspx?CodigoInstituicao=1&NumeroSequencialDocumento=147816
04.752.991/0001-10;2025-06-30;1;BIOMM S.A.;019305;ITR;151270;2025-08-14;http://www.rad.cvm.gov.br/ENETCONSULTA/frmDownloadDocumento.aspx?CodigoInstituicao=1&NumeroSequencialDocumento=151270
04.752.991/0001-10;2025-09-30;1;BIOMM S.A.;019305;ITR;153371;2025-11-14;http://www.rad.cvm.gov.br/ENETCONSULTA/frmDownloadDocumento.aspx?CodigoInstituicao=1&NumeroSequencialDocumento=153371
04.821.041/0001-08;2025-03-31;1;METALFRIO SOLUTIONS S.A.;020613;ITR;147812;2025-05-15;http://www.rad.cvm.gov.br/ENETCONSULTA/frmDownloadDocumento.aspx?CodigoInstituicao=1&NumeroSequencialDocumento=147812
04.821.041/0001-08;2025-06-30;1;METALFRIO SOLUTIONS S.A.;020613;ITR;151280;2025-08-14;http://www.rad.cvm.gov.br/ENETCONSULTA/frmDownloadDocumento.aspx?CodigoInstituicao=1&NumeroSequencialDocumento=151280
04.821.041/0001-08;2025-09-30;1;METALFRIO SOLUTIONS S.A.;020613;ITR;153358;2025-11-14;http://www.rad.cvm.gov.br/ENETCONSULTA/frmDownloadDocumento.aspx?CodigoInstituicao=1&NumeroSequencialDocumento=153358
04.895.728/0001-80;2025-03-31;1;EQUATORIAL PARÁ DISTRIBUIDORA DE ENERGIA S.A.;018309;ITR;147704;2025-05-14;http://www.rad.cvm.gov.br/ENETCONSULTA/frmDownloadDocumento.aspx?CodigoInstituicao=1&NumeroSequencialDocumento=147704
04.895.728/0001-80;2025-06-30;1;EQUATORIAL PARÁ DISTRIBUIDORA DE ENERGIA S.A.;018309;ITR;151097;2025-08-13;http://www.rad.cvm.gov.br/ENETCONSULTA/frmDownloadDocumento.aspx?CodigoInstituicao=1&NumeroSequencialDocumento=151097
04.895.728/0001-80;2025-09-30;1;EQUATORIAL PARÁ DISTRIBUIDORA DE ENERGIA S.A.;018309;ITR;153079;2025-11-12;http://www.rad.cvm.gov.br/ENETCONSULTA/frmDownloadDocumento.aspx?CodigoInstituicao=1&NumeroSequencialDocumento=153079
04.902.979/0001-44;2025-03-31;1;BCO AMAZONIA S.A.;000922;ITR;149514;2025-06-17;http://www.rad.cvm.gov.br/ENETCONSULTA/frmDownloadDocumento.aspx?CodigoInstituicao=1&NumeroSequencialDocumento=149514
04.902.979/0001-44;2025-06-30;1;BCO AMAZONIA S.A.;000922;ITR;152041;2025-09-25;http://www.rad.cvm.gov.br/ENETCONSULTA/frmDownloadDocumento.aspx?CodigoInstituicao=1&NumeroSequencialDocumento=152041
04.902.979/0001-44;2025-09-30;1;BCO AMAZONIA S.A.;000922;ITR;153565;2025-11-25;http://www.rad.cvm.gov.br/ENETCONSULTA/frmDownloadDocumento.aspx?CodigoInstituicao=1&NumeroSequencialDocumento=153565
04.912.242/0001-02;2025-03-31;1;PORTUENSE FERRAGENS S/A;009717;ITR;147468;2025-05-13;http://www.rad.cvm.gov.br/ENETCONSULTA/frmDownloadDocumento.aspx?CodigoInstituicao=1&NumeroSequencialDocumento=147468
04.912.242/0001-02;2025-06-30;1;PORTUENSE FERRAGENS S/A;009717;ITR;150836;2025-08-11;http://www.rad.cvm.gov.br/ENETCONSULTA/frmDownloadDocumento.aspx?CodigoInstituicao=1&NumeroSequencialDocumento=150836
04.912.242/0001-02;2025-09-30;1;PORTUENSE FERRAGENS S/A;009717;ITR;152573;2025-10-31;http://www.rad.cvm.gov.br/ENETCONSULTA/frmDownloadDocumento.aspx?CodigoInstituicao=1&NumeroSequencialDocumento=152573
04.913.711/0001-08;2025-03-31;1;BCO ESTADO DO PARA S.A.;001171;ITR;149299;2025-06-04;http://www.rad.cvm.gov.br/ENETCONSULTA/frmDownloadDocumento.aspx?CodigoInstituicao=1&NumeroSequencialDocumento=149299
04.913.711/0001-08;2025-06-30;1;BCO ESTADO DO PARA S.A.;001171;ITR;151312;2025-08-14;http://www.rad.cvm.gov.br/ENETCONSULTA/frmDownloadDocumento.aspx?CodigoInstituicao=1&NumeroSequencialDocumento=151312
04.913.711/0001-08;2025-06-30;2;BCO ESTADO DO PARA S.A.;001171;ITR;151693;2025-08-29;http://www.rad.cvm.gov.br/ENETCONSULTA/frmDownloadDocumento.aspx?CodigoInstituicao=1&NumeroSequencialDocumento=151693
04.913.711/0001-08;2025-09-30;1;BCO ESTADO DO PARA S.A.;001171;ITR;152842;2025-11-10;http://www.rad.cvm.gov.br/ENETCONSULTA/frmDownloadDocumento.aspx?CodigoInstituicao=1&NumeroSequencialDocumento=152842
04.972.092/0001-22;2025-03-31;1;GRUPO FARTURA DE HORTIFRUT S.A.;026166;ITR;147819;2025-05-15;http://www.rad.cvm.gov.br/ENETCONSULTA/frmDownloadDocumento.aspx?CodigoInstituicao=1&NumeroSequencialDocumento=147819
04.972.092/0001-22;2025-06-30;1;GRUPO FARTURA DE HORTIFRUT S.A.;026166;ITR;151418;2025-08-14;http://www.rad.cvm.gov.br/ENETCONSULTA/frmDownloadDocumento.aspx?CodigoInstituicao=1&NumeroSequencialDocumento=151418
04.972.092/0001-22;2025-09-30;1;GRUPO FARTURA DE HORTIFRUT S.A.;026166;ITR;153215;2025-11-13;http://www.rad.cvm.gov.br/ENETCONSULTA/frmDownloadDocumento.aspx?CodigoInstituicao=1&NumeroSequencialDocumento=153215
04.986.320/0001-13;2025-03-31;1;SER EDUCACIONAL S.A.;023221;ITR;147631;2025-05-14;http://www.rad.cvm.gov.br/ENETCONSULTA/frmDownloadDocumento.aspx?CodigoInstituicao=1&NumeroSequencialDocumento=147631
04.986.320/0001-13;2025-06-30;1;SER EDUCACIONAL S.A.;023221;ITR;151269;2025-08-14;http://www.rad.cvm.gov.br/ENETCONSULTA/frmDownloadDocumento.aspx?CodigoInstituicao=1&NumeroSequencialDocumento=151269
04.986.320/0001-13;2025-09-30;1;SER EDUCACIONAL S.A.;023221;ITR;153427;2025-11-14;http://www.rad.cvm.gov.br/ENETCONSULTA/frmDownloadDocumento.aspx?CodigoInstituicao=1&NumeroSequencialDocumento=153427
04.992.714/0001-84;2025-03-31;1;NOVA TRANSPORTADORA DO SUDESTE S.A. - NTS;024708;ITR;147820;2025-05-15;http://www.rad.cvm.gov.br/ENETCONSULTA/frmDownloadDocumento.aspx?CodigoInstituicao=1&NumeroSequencialDocumento=147820
04.992.714/0001-84;2025-06-30;1;NOVA TRANSPORTADORA DO SUDESTE S.A. - NTS;024708;ITR;151331;2025-08-14;http://www.rad.cvm.gov.br/ENETCONSULTA/frmDownloadDocumento.aspx?CodigoInstituicao=1&NumeroSequencialDocumento=151331
04.992.714/0001-84;2025-09-30;1;NOVA TRANSPORTADORA DO SUDESTE S.A. - NTS;024708;ITR;153192;2025-11-13;http://www.rad.cvm.gov.br/ENETCONSULTA/frmDownloadDocumento.aspx?CodigoInstituicao=1&NumeroSequencialDocumento=153192
05.197.443/0001-38;2025-03-31;1;HAPVIDA PARTICIPAÇÕES E INVESTIMENTOS S.A.;024392;ITR;147408;2025-05-12;http://www.rad.cvm.gov.br/ENETCONSULTA/frmDownloadDocumento.aspx?CodigoInstituicao=1&NumeroSequencialDocumento=147408
05.197.443/0001-38;2025-06-30;1;HAPVIDA PARTICIPAÇÕES E INVESTIMENTOS S.A.;024392;ITR;151160;2025-08-13;http://www.rad.cvm.gov.br/ENETCONSULTA/frmDownloadDocumento.aspx?CodigoInstituicao=1&NumeroSequencialDocumento=151160
05.197.443/0001-38;2025-09-30;1;HAPVIDA PARTICIPAÇÕES E INVESTIMENTOS S.A.;024392;ITR;153063;2025-11-12;http://www.rad.cvm.gov.br/ENETCONSULTA/frmDownloadDocumento.aspx?CodigoInstituicao=1&NumeroSequencialDocumento=153063
05.303.439/0001-07;2025-03-31;1;UNIGEL PARTICIPAÇÕES S.A.;026301;ITR;147951;2025-05-15;http://www.rad.cvm.gov.br/ENETCONSULTA/frmDownloadDocumento.aspx?CodigoInstituicao=1&NumeroSequencialDocumento=147951
05.303.439/0001-07;2025-06-30;1;UNIGEL PARTICIPAÇÕES S.A.;026301;ITR;151710;2025-09-01;http://www.rad.cvm.gov.br/ENETCONSULTA/frmDownloadDocumento.aspx?CodigoInstituicao=1&NumeroSequencialDocumento=151710
05.336.882/0001-84;2025-03-31;1;CACHOEIRA PAULISTA TRANSMISSORA ENERGIA S.A.;022683;ITR;147855;2025-05-15;http://www.rad.cvm.gov.br/ENETCONSULTA/frmDownloadDocumento.aspx?CodigoInstituicao=1&NumeroSequencialDocumento=147855
05.336.882/0001-84;2025-06-30;1;CACHOEIRA PAULISTA TRANSMISSORA ENERGIA S.A.;022683;ITR;150198;2025-07-29;http://www.rad.cvm.gov.br/ENETCONSULTA/frmDownloadDocumento.aspx?CodigoInstituicao=1&NumeroSequencialDocumento=150198
05.336.882/0001-84;2025-09-30;1;CACHOEIRA PAULISTA TRANSMISSORA ENERGIA S.A.;022683;ITR;153035;2025-11-12;http://www.rad.cvm.gov.br/ENETCONSULTA/frmDownloadDocumento.aspx?CodigoInstituicao=1&NumeroSequencialDocumento=153035
05.878.397/0001-32;2025-03-31;1;ALLOS S.A.;022357;ITR;147665;2025-05-14;http://www.rad.cvm.gov.br/ENETCONSULTA/frmDownloadDocumento.aspx?CodigoInstituicao=1&NumeroSequencialDocumento=147665
05.878.397/0001-32;2025-06-30;1;ALLOS S.A.;022357;ITR;151134;2025-08-13;http://www.rad.cvm.gov.br/ENETCONSULTA/frmDownloadDocumento.aspx?CodigoInstituicao=1&NumeroSequencialDocumento=151134
05.878.397/0001-32;2025-09-30;1;ALLOS S.A.;022357;ITR;153086;2025-11-12;http://www.rad.cvm.gov.br/ENETCONSULTA/frmDownloadDocumento.aspx?CodigoInstituicao=1&NumeroSequencialDocumento=153086
05.917.486/0001-40;2025-03-31;1;LIVETECH DA BAHIA INDÚSTRIA E COMÉRCIO S.A.;025895;ITR;147170;2025-05-08;http://www.rad.cvm.gov.br/ENETCONSULTA/frmDownloadDocumento.aspx?CodigoInstituicao=1&NumeroSequencialDocumento=147170
05.917.486/0001-40;2025-06-30;1;LIVETECH DA BAHIA INDÚSTRIA E COMÉRCIO S.A.;025895;ITR;150977;2025-08-12;http://www.rad.cvm.gov.br/ENETCONSULTA/frmDownloadDocumento.aspx?CodigoInstituicao=1&NumeroSequencialDocumento=150977
05.917.486/0001-40;2025-09-30;1;LIVETECH DA BAHIA INDÚSTRIA E COMÉRCIO S.A.;025895;ITR;152708;2025-11-05;http://www.rad.cvm.gov.br/ENETCONSULTA/frmDownloadDocumento.aspx?CodigoInstituicao=1&NumeroSequencialDocumento=152708
06.016.348/0001-53;2025-03-31;1;VENTOS DO SUL ENERGIA S.A.;024767;ITR;147936;2025-05-15;http://www.rad.cvm.gov.br/ENETCONSULTA/frmDownloadDocumento.aspx?CodigoInstituicao=1&NumeroSequencialDocumento=147936
06.016.348/0001-53;2025-06-30;1;VENTOS DO SUL ENERGIA S.A.;024767;ITR;151239;2025-08-14;http://www.rad.cvm.gov.br/ENETCONSULTA/frmDownloadDocumento.aspx?CodigoInstituicao=1&NumeroSequencialDocumento=151239
06.016.348/0001-53;2025-09-30;1;VENTOS DO SUL ENERGIA S.A.;024767;ITR;153328;2025-11-14;http://www.rad.cvm.gov.br/ENETCONSULTA/frmDownloadDocumento.aspx?CodigoInstituicao=1&NumeroSequencialDocumento=153328
06.047.087/0001-39;2025-03-31;1;REDE D'OR SÃO LUIZ S.A.;024821;ITR;146968;2025-05-07;http://www.rad.cvm.gov.br/ENETCONSULTA/frmDownloadDocumento.aspx?CodigoInstituicao=1&NumeroSequencialDocumento=146968
06.047.087/0001-39;2025-06-30;1;REDE D'OR SÃO LUIZ S.A.;024821;ITR;150649;2025-08-06;http://www.rad.cvm.gov.br/ENETCONSULTA/frmDownloadDocumento.aspx?CodigoInstituicao=1&NumeroSequencialDocumento=150649
06.047.087/0001-39;2025-09-30;1;REDE D'OR SÃO LUIZ S.A.;024821;ITR;152693;2025-11-05;http://www.rad.cvm.gov.br/ENETCONSULTA/frmDownloadDocumento.aspx?CodigoInstituicao=1&NumeroSequencialDocumento=152693
06.057.223/0001-71;2025-03-31;1;SENDAS DISTRIBUIDORA S.A.;025372;ITR;147075;2025-05-08;http://www.rad.cvm.gov.br/ENETCONSULTA/frmDownloadDocumento.aspx?CodigoInstituicao=1&NumeroSequencialDocumento=147075
06.057.223/0001-71;2025-06-30;1;SENDAS DISTRIBUIDORA S.A.;025372;ITR;150710;2025-08-07;http://www.rad.cvm.gov.br/ENETCONSULTA/frmDownloadDocumento.aspx?CodigoInstituicao=1&NumeroSequencialDocumento=150710
06.057.223/0001-71;2025-09-30;1;SENDAS DISTRIBUIDORA S.A.;025372;ITR;152775;2025-11-06;http://www.rad.cvm.gov.br/ENETCONSULTA/frmDownloadDocumento.aspx?CodigoInstituicao=1&NumeroSequencialDocumento=152775
06.164.253/0001-87;2025-03-31;1;GOL LINHAS AEREAS INTELIGENTES S.A.;019569;ITR;147733;2025-05-15;http://www.rad.cvm.gov.br/ENETCONSULTA/frmDownloadDocumento.aspx?CodigoInstituicao=1&NumeroSequencialDocumento=147733
06.164.253/0001-87;2025-03-31;2;GOL LINHAS AEREAS INTELIGENTES S.A.;019569;ITR;147877;2025-05-15;http://www.rad.cvm.gov.br/ENETCONSULTA/frmDownloadDocumento.aspx?CodigoInstituicao=1&NumeroSequencialDocumento=147877
06.164.253/0001-87;2025-06-30;1;GOL LINHAS AEREAS INTELIGENTES S.A.;019569;ITR;151438;2025-08-15;http://www.rad.cvm.gov.br/ENETCONSULTA/frmDownloadDocumento.aspx?CodigoInstituicao=1&NumeroSequencialDocumento=151438
06.164.253/0001-87;2025-09-30;1;GOL LINHAS AEREAS INTELIGENTES S.A.;019569;ITR;152973;2025-11-11;http://www.rad.cvm.gov.br/ENETCONSULTA/frmDownloadDocumento.aspx?CodigoInstituicao=1&NumeroSequencialDocumento=152973
06.267.630/0001-03;2025-12-31;1;COMPANHIA BRASILEIRA DE EDUCAÇÃO E SISTEMA DE ENSINO S.A.;028002;ITR;154763;2026-02-13;http://www.rad.cvm.gov.br/ENETCONSULTA/frmDownloadDocumento.aspx?CodigoInstituicao=1&NumeroSequencialDocumento=154763
06.272.793/0001-84;2025-03-31;1;EQUATORIAL MARANHÃO DISTRIBUIDORA DE ENERGIA S.A.;016608;ITR;147703;2025-05-14;http://www.rad.cvm.gov.br/ENETCONSULTA/frmDownloadDocumento.aspx?CodigoInstituicao=1&NumeroSequencialDocumento=147703
06.272.793/0001-84;2025-06-30;1;EQUATORIAL MARANHÃO DISTRIBUIDORA DE ENERGIA S.A.;016608;ITR;151118;2025-08-13;http://www.rad.cvm.gov.br/ENETCONSULTA/frmDownloadDocumento.aspx?CodigoInstituicao=1&NumeroSequencialDocumento=151118
06.272.793/0001-84;2025-09-30;1;EQUATORIAL MARANHÃO DISTRIBUIDORA DE ENERGIA S.A.;016608;ITR;153068;2025-11-12;http://www.rad.cvm.gov.br/ENETCONSULTA/frmDownloadDocumento.aspx?CodigoInstituicao=1&NumeroSequencialDocumento=153068
06.347.409/0001-65;2025-03-31;1;SBF COMÉRCIO DE PRODUTOS ESPORTIVOS S.A.;025410;ITR;147378;2025-05-12;http://www.rad.cvm.gov.br/ENETCONSULTA/frmDownloadDocumento.aspx?CodigoInstituicao=1&NumeroSequencialDocumento=147378
06.347.409/0001-65;2025-06-30;1;SBF COMÉRCIO DE PRODUTOS ESPORTIVOS S.A.;025410;ITR;150863;2025-08-11;http://www.rad.cvm.gov.br/ENETCONSULTA/frmDownloadDocumento.aspx?CodigoInstituicao=1&NumeroSequencialDocumento=150863
06.347.409/0001-65;2025-09-30;1;SBF COMÉRCIO DE PRODUTOS ESPORTIVOS S.A.;025410;ITR;152879;2025-11-10;http://www.rad.cvm.gov.br/ENETCONSULTA/frmDownloadDocumento.aspx?CodigoInstituicao=1&NumeroSequencialDocumento=152879
06.626.253/0001-51;2025-03-31;1;EMPREENDIMENTOS PAGUE MENOS S.A.;022608;ITR;146791;2025-05-05;http://www.rad.cvm.gov.br/ENETCONSULTA/frmDownloadDocumento.aspx?CodigoInstituicao=1&NumeroSequencialDocumento=146791
06.626.253/0001-51;2025-06-30;1;EMPREENDIMENTOS PAGUE MENOS S.A.;022608;ITR;150580;2025-08-04;http://www.rad.cvm.gov.br/ENETCONSULTA/frmDownloadDocumento.aspx?CodigoInstituicao=1&NumeroSequencialDocumento=150580
06.626.253/0001-51;2025-09-30;1;EMPREENDIMENTOS PAGUE MENOS S.A.;022608;ITR;152614;2025-11-03;http://www.rad.cvm.gov.br/ENETCONSULTA/frmDownloadDocumento.aspx?CodigoInstituicao=1&NumeroSequencialDocumento=152614
06.626.253/0001-51;2025-09-30;2;EMPREENDIMENTOS PAGUE MENOS S.A.;022608;ITR;152672;2025-11-05;http://www.rad.cvm.gov.br/ENETCONSULTA/frmDownloadDocumento.aspx?CodigoInstituicao=1&NumeroSequencialDocumento=152672
06.977.745/0001-91;2025-03-31;1;BR MALLS PARTICIPACOES S.A.;019909;ITR;147825;2025-05-15;http://www.rad.cvm.gov.br/ENETCONSULTA/frmDownloadDocumento.aspx?CodigoInstituicao=1&NumeroSequencialDocumento=147825
06.977.745/0001-91;2025-06-30;1;BR MALLS PARTICIPACOES S.A.;019909;ITR;151338;2025-08-14;http://www.rad.cvm.gov.br/ENETCONSULTA/frmDownloadDocumento.aspx?CodigoInstituicao=1&NumeroSequencialDocumento=151338
06.977.745/0001-91;2025-09-30;1;BR MALLS PARTICIPACOES S.A.;019909;ITR;153156;2025-11-13;http://www.rad.cvm.gov.br/ENETCONSULTA/frmDownloadDocumento.aspx?CodigoInstituicao=1&NumeroSequencialDocumento=153156
06.981.176/0001-58;2025-03-31;1;CEMIG GERACAO E TRANSMISSAO S.A.;020320;ITR;147166;2025-05-08;http://www.rad.cvm.gov.br/ENETCONSULTA/frmDownloadDocumento.aspx?CodigoInstituicao=1&NumeroSequencialDocumento=147166
06.981.176/0001-58;2025-06-30;1;CEMIG GERACAO E TRANSMISSAO S.A.;020320;ITR;151404;2025-08-14;http://www.rad.cvm.gov.br/ENETCONSULTA/frmDownloadDocumento.aspx?CodigoInstituicao=1&NumeroSequencialDocumento=151404
06.981.176/0001-58;2025-09-30;1;CEMIG GERACAO E TRANSMISSAO S.A.;020320;ITR;153225;2025-11-13;http://www.rad.cvm.gov.br/ENETCONSULTA/frmDownloadDocumento.aspx?CodigoInstituicao=1&NumeroSequencialDocumento=153225
06.981.180/0001-16;2025-03-31;1;CEMIG DISTRIBUICAO S.A.;020303;ITR;147165;2025-05-08;http://www.rad.cvm.gov.br/ENETCONSULTA/frmDownloadDocumento.aspx?CodigoInstituicao=1&NumeroSequencialDocumento=147165
06.981.180/0001-16;2025-06-30;1;CEMIG DISTRIBUICAO S.A.;020303;ITR;151359;2025-08-14;http://www.rad.cvm.gov.br/ENETCONSULTA/frmDownloadDocumento.aspx?CodigoInstituicao=1&NumeroSequencialDocumento=151359
06.981.180/0001-16;2025-09-30;1;CEMIG DISTRIBUICAO S.A.;020303;ITR;153224;2025-11-13;http://www.rad.cvm.gov.br/ENETCONSULTA/frmDownloadDocumento.aspx?CodigoInstituicao=1&NumeroSequencialDocumento=153224
06.981.381/0001-13;2025-06-30;1;CTC - CENTRO DE TECNOLOGIA CANAVIEIRA S.A.;023981;ITR;151333;2025-08-14;http://www.rad.cvm.gov.br/ENETCONSULTA/frmDownloadDocumento.aspx?CodigoInstituicao=1&NumeroSequencialDocumento=151333
06.981.381/0001-13;2025-06-30;2;CTC - CENTRO DE TECNOLOGIA CANAVIEIRA S.A.;023981;ITR;151458;2025-08-15;http://www.rad.cvm.gov.br/ENETCONSULTA/frmDownloadDocumento.aspx?CodigoInstituicao=1&NumeroSequencialDocumento=151458
06.981.381/0001-13;2025-09-30;1;CTC - CENTRO DE TECNOLOGIA CANAVIEIRA S.A.;023981;ITR;153150;2025-11-13;http://www.rad.cvm.gov.br/ENETCONSULTA/frmDownloadDocumento.aspx?CodigoInstituicao=1&NumeroSequencialDocumento=153150
06.981.381/0001-13;2025-12-31;1;CTC - CENTRO DE TECNOLOGIA CANAVIEIRA S.A.;023981;ITR;154738;2026-02-12;http://www.rad.cvm.gov.br/ENETCONSULTA/frmDownloadDocumento.aspx?CodigoInstituicao=1&NumeroSequencialDocumento=154738
07.040.108/0001-57;2025-03-31;1;CAGECE - CIA DE AGUA E ESGOTO DO CEARA;018546;ITR;147650;2025-05-14;http://www.rad.cvm.gov.br/ENETCONSULTA/frmDownloadDocumento.aspx?CodigoInstituicao=1&NumeroSequencialDocumento=147650
07.040.108/0001-57;2025-06-30;1;CAGECE - CIA DE AGUA E ESGOTO DO CEARA;018546;ITR;151127;2025-08-13;http://www.rad.cvm.gov.br/ENETCONSULTA/frmDownloadDocumento.aspx?CodigoInstituicao=1&NumeroSequencialDocumento=151127
07.040.108/0001-57;2025-09-30;1;CAGECE - CIA DE AGUA E ESGOTO DO CEARA;018546;ITR;153160;2025-11-13;http://www.rad.cvm.gov.br/ENETCONSULTA/frmDownloadDocumento.aspx?CodigoInstituicao=1&NumeroSequencialDocumento=153160
07.043.628/0001-13;2025-03-31;1;CLARO TELECOM PARTICIPAÇÕES S.A.;023531;ITR;146647;2025-04-29;http://www.rad.cvm.gov.br/ENETCONSULTA/frmDownloadDocumento.aspx?CodigoInstituicao=1&NumeroSequencialDocumento=146647
07.043.628/0001-13;2025-06-30;1;CLARO TELECOM PARTICIPAÇÕES S.A.;023531;ITR;150071;2025-07-22;http://www.rad.cvm.gov.br/ENETCONSULTA/frmDownloadDocumento.aspx?CodigoInstituicao=1&NumeroSequencialDocumento=150071
07.043.628/0001-13;2025-09-30;1;CLARO TELECOM PARTICIPAÇÕES S.A.;023531;ITR;152429;2025-10-21;http://www.rad.cvm.gov.br/ENETCONSULTA/frmDownloadDocumento.aspx?CodigoInstituicao=1&NumeroSequencialDocumento=152429
07.047.251/0001-70;2025-03-31;1;CIA ENERGETICA DO CEARA - COELCE;014869;ITR;146650;2025-04-29;http://www.rad.cvm.gov.br/ENETCONSULTA/frmDownloadDocumento.aspx?CodigoInstituicao=1&NumeroSequencialDocumento=146650
07.047.251/0001-70;2025-06-30;1;CIA ENERGETICA DO CEARA - COELCE;014869;ITR;150212;2025-07-29;http://www.rad.cvm.gov.br/ENETCONSULTA/frmDownloadDocumento.aspx?CodigoInstituicao=1&NumeroSequencialDocumento=150212
07.047.251/0001-70;2025-09-30;1;CIA ENERGETICA DO CEARA - COELCE;014869;ITR;152540;2025-10-29;http://www.rad.cvm.gov.br/ENETCONSULTA/frmDownloadDocumento.aspx?CodigoInstituicao=1&NumeroSequencialDocumento=152540
07.119.838/0001-48;2025-03-31;1;SECME - COMPANHIA SECURITIZADORA DE CRÉDITOS IMOBILIÁRIOS;019720;ITR;147800;2025-05-15;http://www.rad.cvm.gov.br/ENETCONSULTA/frmDownloadDocumento.aspx?CodigoInstituicao=1&NumeroSequencialDocumento=147800
07.119.838/0001-48;2025-06-30;1;SECME - COMPANHIA SECURITIZADORA DE CRÉDITOS IMOBILIÁRIOS;019720;ITR;151250;2025-08-14;http://www.rad.cvm.gov.br/ENETCONSULTA/frmDownloadDocumento.aspx?CodigoInstituicao=1&NumeroSequencialDocumento=151250
07.119.838/0001-48;2025-09-30;1;SECME - COMPANHIA SECURITIZADORA DE CRÉDITOS IMOBILIÁRIOS;019720;ITR;153170;2025-11-13;http://www.rad.cvm.gov.br/ENETCONSULTA/frmDownloadDocumento.aspx?CodigoInstituicao=1&NumeroSequencialDocumento=153170
07.206.816/0001-15;2025-03-31;1;M.DIAS BRANCO S.A. IND COM DE ALIMENTOS;020338;ITR;146732;2025-05-02;http://www.rad.cvm.gov.br/ENETCONSULTA/frmDownloadDocumento.aspx?CodigoInstituicao=1&NumeroSequencialDocumento=146732
07.206.816/0001-15;2025-06-30;1;M.DIAS BRANCO S.A. IND COM DE ALIMENTOS;020338;ITR;150803;2025-08-08;http://www.rad.cvm.gov.br/ENETCONSULTA/frmDownloadDocumento.aspx?CodigoInstituicao=1&NumeroSequencialDocumento=150803
07.206.816/0001-15;2025-09-30;1;M.DIAS BRANCO S.A. IND COM DE ALIMENTOS;020338;ITR;152817;2025-11-07;http://www.rad.cvm.gov.br/ENETCONSULTA/frmDownloadDocumento.aspx?CodigoInstituicao=1&NumeroSequencialDocumento=152817
07.237.373/0001-20;2025-03-31;1;BCO NORDESTE DO BRASIL S.A.;001228;ITR;147725;2025-05-15;http://www.rad.cvm.gov.br/ENETCONSULTA/frmDownloadDocumento.aspx?CodigoInstituicao=1&NumeroSequencialDocumento=147725
07.237.373/0001-20;2025-06-30;1;BCO NORDESTE DO BRASIL S.A.;001228;ITR;151189;2025-08-14;http://www.rad.cvm.gov.br/ENETCONSULTA/frmDownloadDocumento.aspx?CodigoInstituicao=1&NumeroSequencialDocumento=151189
07.237.373/0001-20;2025-09-30;1;BCO NORDESTE DO BRASIL S.A.;001228;ITR;153265;2025-11-14;http://www.rad.cvm.gov.br/ENETCONSULTA/frmDownloadDocumento.aspx?CodigoInstituicao=1&NumeroSequencialDocumento=153265
07.253.321/0001-47;2025-03-31;1;CARBOMIL SA MINER. E INDUSTRIA;014168;ITR;147503;2025-05-13;http://www.rad.cvm.gov.br/ENETCONSULTA/frmDownloadDocumento.aspx?CodigoInstituicao=1&NumeroSequencialDocumento=147503
07.253.321/0001-47;2025-06-30;1;CARBOMIL SA MINER. E INDUSTRIA;014168;ITR;151057;2025-08-13;http://www.rad.cvm.gov.br/ENETCONSULTA/frmDownloadDocumento.aspx?CodigoInstituicao=1&NumeroSequencialDocumento=151057
07.253.321/0001-47;2025-09-30;1;CARBOMIL SA MINER. E INDUSTRIA;014168;ITR;153022;2025-11-12;http://www.rad.cvm.gov.br/ENETCONSULTA/frmDownloadDocumento.aspx?CodigoInstituicao=1&NumeroSequencialDocumento=153022
07.275.159/0001-68;2025-03-31;1;PETROLEO LUB DO NORDESTE SA;009520;ITR;146911;2025-05-07;http://www.rad.cvm.gov.br/ENETCONSULTA/frmDownloadDocumento.aspx?CodigoInstituicao=1&NumeroSequencialDocumento=146911
07.275.159/0001-68;2025-06-30;1;PETROLEO LUB DO NORDESTE SA;009520;ITR;150704;2025-08-07;http://www.rad.cvm.gov.br/ENETCONSULTA/frmDownloadDocumento.aspx?CodigoInstituicao=1&NumeroSequencialDocumento=150704
07.275.159/0001-68;2025-09-30;1;PETROLEO LUB DO NORDESTE SA;009520;ITR;152631;2025-11-04;http://www.rad.cvm.gov.br/ENETCONSULTA/frmDownloadDocumento.aspx?CodigoInstituicao=1&NumeroSequencialDocumento=152631
07.282.377/0001-20;2025-03-31;1;ENERGISA SUL-SUDESTE - DISTRIBUIDORA DE ENERGIA S/A;024864;ITR;147151;2025-05-08;http://www.rad.cvm.gov.br/ENETCONSULTA/frmDownloadDocumento.aspx?CodigoInstituicao=1&NumeroSequencialDocumento=147151
07.282.377/0001-20;2025-06-30;1;ENERGISA SUL-SUDESTE - DISTRIBUIDORA DE ENERGIA S/A;024864;ITR;150764;2025-08-07;http://www.rad.cvm.gov.br/ENETCONSULTA/frmDownloadDocumento.aspx?CodigoInstituicao=1&NumeroSequencialDocumento=150764
07.282.377/0001-20;2025-09-30;1;ENERGISA SUL-SUDESTE - DISTRIBUIDORA DE ENERGIA S/A;024864;ITR;152755;2025-11-06;http://www.rad.cvm.gov.br/ENETCONSULTA/frmDownloadDocumento.aspx?CodigoInstituicao=1&NumeroSequencialDocumento=152755
07.334.600/0001-35;2025-03-31;1;MARINA DE IRACEMA PARK SA;016268;ITR;147038;2025-05-08;http://www.rad.cvm.gov.br/ENETCONSULTA/frmDownloadDocumento.aspx?CodigoInstituicao=1&NumeroSequencialDocumento=147038
07.334.600/0001-35;2025-06-30;1;MARINA DE IRACEMA PARK SA;016268;ITR;150902;2025-08-12;http://www.rad.cvm.gov.br/ENETCONSULTA/frmDownloadDocumento.aspx?CodigoInstituicao=1&NumeroSequencialDocumento=150902
07.334.600/0001-35;2025-09-30;1;MARINA DE IRACEMA PARK SA;016268;ITR;152670;2025-11-05;http://www.rad.cvm.gov.br/ENETCONSULTA/frmDownloadDocumento.aspx?CodigoInstituicao=1&NumeroSequencialDocumento=152670
07.401.436/0001-31;2025-03-31;1;ELDORADO BRASIL CELULOSE S.A.;022810;ITR;146809;2025-05-06;http://www.rad.cvm.gov.br/ENETCONSULTA/frmDownloadDocumento.aspx?CodigoInstituicao=1&NumeroSequencialDocumento=146809
07.401.436/0001-31;2025-06-30;1;ELDORADO BRASIL CELULOSE S.A.;022810;ITR;151352;2025-08-14;http://www.rad.cvm.gov.br/ENETCONSULTA/frmDownloadDocumento.aspx?CodigoInstituicao=1&NumeroSequencialDocumento=151352
07.401.436/0001-31;2025-06-30;2;ELDORADO BRASIL CELULOSE S.A.;022810;ITR;152594;2025-10-31;http://www.rad.cvm.gov.br/ENETCONSULTA/frmDownloadDocumento.aspx?CodigoInstituicao=1&NumeroSequencialDocumento=152594
07.401.436/0001-31;2025-09-30;1;ELDORADO BRASIL CELULOSE S.A.;022810;ITR;152595;2025-10-31;http://www.rad.cvm.gov.br/ENETCONSULTA/frmDownloadDocumento.aspx?CodigoInstituicao=1&NumeroSequencialDocumento=152595
07.415.333/0001-20;2025-03-31;1;SIMPAR S.A.;025003;ITR;147127;2025-05-08;http://www.rad.cvm.gov.br/ENETCONSULTA/frmDownloadDocumento.aspx?CodigoInstituicao=1&NumeroSequencialDocumento=147127
07.415.333/0001-20;2025-06-30;1;SIMPAR S.A.;025003;ITR;151001;2025-08-12;http://www.rad.cvm.gov.br/ENETCONSULTA/frmDownloadDocumento.aspx?CodigoInstituicao=1&NumeroSequencialDocumento=151001
07.415.333/0001-20;2025-09-30;1;SIMPAR S.A.;025003;ITR;153050;2025-11-12;http://www.rad.cvm.gov.br/ENETCONSULTA/frmDownloadDocumento.aspx?CodigoInstituicao=1&NumeroSequencialDocumento=153050
07.526.557/0001-00;2025-03-31;1;AMBEV S.A.;023264;ITR;147028;2025-05-08;http://www.rad.cvm.gov.br/ENETCONSULTA/frmDownloadDocumento.aspx?CodigoInstituicao=1&NumeroSequencialDocumento=147028
07.526.557/0001-00;2025-06-30;1;AMBEV S.A.;023264;ITR;150306;2025-07-31;http://www.rad.cvm.gov.br/ENETCONSULTA/frmDownloadDocumento.aspx?CodigoInstituicao=1&NumeroSequencialDocumento=150306
07.526.557/0001-00;2025-09-30;1;AMBEV S.A.;023264;ITR;152543;2025-10-30;http://www.rad.cvm.gov.br/ENETCONSULTA/frmDownloadDocumento.aspx?CodigoInstituicao=1&NumeroSequencialDocumento=152543
07.594.978/0001-78;2025-03-31;1;SMARTFIT ESCOLA DE GINÁSTICA E DANÇA S.A.;024260;ITR;147029;2025-05-08;http://www.rad.cvm.gov.br/ENETCONSULTA/frmDownloadDocumento.aspx?CodigoInstituicao=1&NumeroSequencialDocumento=147029
07.594.978/0001-78;2025-06-30;1;SMARTFIT ESCOLA DE GINÁSTICA E DANÇA S.A.;024260;ITR;150698;2025-08-07;http://www.rad.cvm.gov.br/ENETCONSULTA/frmDownloadDocumento.aspx?CodigoInstituicao=1&NumeroSequencialDocumento=150698
07.594.978/0001-78;2025-09-30;1;SMARTFIT ESCOLA DE GINÁSTICA E DANÇA S.A.;024260;ITR;152734;2025-11-06;http://www.rad.cvm.gov.br/ENETCONSULTA/frmDownloadDocumento.aspx?CodigoInstituicao=1&NumeroSequencialDocumento=152734
07.628.528/0001-59;2025-03-31;1;BRASILAGRO - CIA BRAS DE PROP AGRICOLAS;020036;ITR;147001;2025-05-07;http://www.rad.cvm.gov.br/ENETCONSULTA/frmDownloadDocumento.aspx?CodigoInstituicao=1&NumeroSequencialDocumento=147001
07.628.528/0001-59;2025-09-30;1;BRASILAGRO - CIA BRAS DE PROP AGRICOLAS;020036;ITR;152771;2025-11-06;http://www.rad.cvm.gov.br/ENETCONSULTA/frmDownloadDocumento.aspx?CodigoInstituicao=1&NumeroSequencialDocumento=152771
07.628.528/0001-59;2025-12-31;1;BRASILAGRO - CIA BRAS DE PROP AGRICOLAS;020036;ITR;154614;2026-02-05;http://www.rad.cvm.gov.br/ENETCONSULTA/frmDownloadDocumento.aspx?CodigoInstituicao=1&NumeroSequencialDocumento=154614
07.636.657/0001-99;2025-03-31;1;AÇO VERDE DO BRASIL S.A;026425;ITR;147498;2025-05-13;http://www.rad.cvm.gov.br/ENETCONSULTA/frmDownloadDocumento.aspx?CodigoInstituicao=1&NumeroSequencialDocumento=147498
07.636.657/0001-99;2025-06-30;1;AÇO VERDE DO BRASIL S.A;026425;ITR;151047;2025-08-12;http://www.rad.cvm.gov.br/ENETCONSULTA/frmDownloadDocumento.aspx?CodigoInstituicao=1&NumeroSequencialDocumento=151047
07.636.657/0001-99;2025-09-30;1;AÇO VERDE DO BRASIL S.A;026425;ITR;152888;2025-11-10;http://www.rad.cvm.gov.br/ENETCONSULTA/frmDownloadDocumento.aspx?CodigoInstituicao=1&NumeroSequencialDocumento=152888
07.659.538/0001-51;2025-03-31;1;DINAMICA ENERGIA S.A.;020052;ITR;147599;2025-05-14;http://www.rad.cvm.gov.br/ENETCONSULTA/frmDownloadDocumento.aspx?CodigoInstituicao=1&NumeroSequencialDocumento=147599
07.659.538/0001-51;2025-03-31;2;DINAMICA ENERGIA S.A.;020052;ITR;147753;2025-05-15;http://www.rad.cvm.gov.br/ENETCONSULTA/frmDownloadDocumento.aspx?CodigoInstituicao=1&NumeroSequencialDocumento=147753
07.659.538/0001-51;2025-06-30;1;DINAMICA ENERGIA S.A.;020052;ITR;151214;2025-08-14;http://www.rad.cvm.gov.br/ENETCONSULTA/frmDownloadDocumento.aspx?CodigoInstituicao=1&NumeroSequencialDocumento=151214
07.659.538/0001-51;2025-09-30;1;DINAMICA ENERGIA S.A.;020052;ITR;152927;2025-11-11;http://www.rad.cvm.gov.br/ENETCONSULTA/frmDownloadDocumento.aspx?CodigoInstituicao=1&NumeroSequencialDocumento=152927
07.682.638/0001-07;2025-03-31;1;CONCESSIONÁRIA DA LINHA 4 DO METRÔ DE SÃO PAULO S.A.;027731;ITR;147484;2025-05-13;http://www.rad.cvm.gov.br/ENETCONSULTA/frmDownloadDocumento.aspx?CodigoInstituicao=1&NumeroSequencialDocumento=147484
07.682.638/0001-07;2025-06-30;1;CONCESSIONÁRIA DA LINHA 4 DO METRÔ DE SÃO PAULO S.A.;027731;ITR;150947;2025-08-12;http://www.rad.cvm.gov.br/ENETCONSULTA/frmDownloadDocumento.aspx?CodigoInstituicao=1&NumeroSequencialDocumento=150947
07.682.638/0001-07;2025-09-30;1;CONCESSIONÁRIA DA LINHA 4 DO METRÔ DE SÃO PAULO S.A.;027731;ITR;153045;2025-11-12;http://www.rad.cvm.gov.br/ENETCONSULTA/frmDownloadDocumento.aspx?CodigoInstituicao=1&NumeroSequencialDocumento=153045
07.689.002/0001-89;2025-03-31;1;EMBRAER S.A.;020087;ITR;146808;2025-05-06;http://www.rad.cvm.gov.br/ENETCONSULTA/frmDownloadDocumento.aspx?CodigoInstituicao=1&NumeroSequencialDocumento=146808
07.689.002/0001-89;2025-06-30;1;EMBRAER S.A.;020087;ITR;150587;2025-08-05;http://www.rad.cvm.gov.br/ENETCONSULTA/frmDownloadDocumento.aspx?CodigoInstituicao=1&NumeroSequencialDocumento=150587
07.689.002/0001-89;2025-06-30;2;EMBRAER S.A.;020087;ITR;150615;2025-08-05;http://www.rad.cvm.gov.br/ENETCONSULTA/frmDownloadDocumento.aspx?CodigoInstituicao=1&NumeroSequencialDocumento=150615
07.689.002/0001-89;2025-09-30;1;EMBRAER S.A.;020087;ITR;152626;2025-11-04;http://www.rad.cvm.gov.br/ENETCONSULTA/frmDownloadDocumento.aspx?CodigoInstituicao=1&NumeroSequencialDocumento=152626
07.714.104/0001-07;2025-03-31;1;GIGA MAIS FIBRA TELECOMUNICAÇÕES S.A.;027502;ITR;147739;2025-05-15;http://www.rad.cvm.gov.br/ENETCONSULTA/frmDownloadDocumento.aspx?CodigoInstituicao=1&NumeroSequencialDocumento=147739
07.714.104/0001-07;2025-06-30;1;GIGA MAIS FIBRA TELECOMUNICAÇÕES S.A.;027502;ITR;151273;2025-08-14;http://www.rad.cvm.gov.br/ENETCONSULTA/frmDownloadDocumento.aspx?CodigoInstituicao=1&NumeroSequencialDocumento=151273
07.714.104/0001-07;2025-09-30;1;GIGA MAIS FIBRA TELECOMUNICAÇÕES S.A.;027502;ITR;152966;2025-11-11;http://www.rad.cvm.gov.br/ENETCONSULTA/frmDownloadDocumento.aspx?CodigoInstituicao=1&NumeroSequencialDocumento=152966
07.802.794/0001-56;2025-03-31;1;ESSENTIA PCHS S.A.;026158;ITR;147696;2025-05-14;http://www.rad.cvm.gov.br/ENETCONSULTA/frmDownloadDocumento.aspx?CodigoInstituicao=1&NumeroSequencialDocumento=147696
07.802.794/0001-56;2025-06-30;1;ESSENTIA PCHS S.A.;026158;ITR;150891;2025-08-11;http://www.rad.cvm.gov.br/ENETCONSULTA/frmDownloadDocumento.aspx?CodigoInstituicao=1&NumeroSequencialDocumento=150891
07.802.794/0001-56;2025-09-30;1;ESSENTIA PCHS S.A.;026158;ITR;153090;2025-11-12;http://www.rad.cvm.gov.br/ENETCONSULTA/frmDownloadDocumento.aspx?CodigoInstituicao=1&NumeroSequencialDocumento=153090
07.802.794/0001-56;2025-09-30;2;ESSENTIA PCHS S.A.;026158;ITR;153104;2025-11-12;http://www.rad.cvm.gov.br/ENETCONSULTA/frmDownloadDocumento.aspx?CodigoInstituicao=1&NumeroSequencialDocumento=153104
07.816.890/0001-53;2025-03-31;1;MULTIPLAN - EMPREEND IMOBILIARIOS S.A.;020982;ITR;146495;2025-04-24;http://www.rad.cvm.gov.br/ENETCONSULTA/frmDownloadDocumento.aspx?CodigoInstituicao=1&NumeroSequencialDocumento=146495
07.816.890/0001-53;2025-03-31;2;MULTIPLAN - EMPREEND IMOBILIARIOS S.A.;020982;ITR;146508;2025-04-25;http://www.rad.cvm.gov.br/ENETCONSULTA/frmDownloadDocumento.aspx?CodigoInstituicao=1&NumeroSequencialDocumento=146508
07.816.890/0001-53;2025-06-30;1;MULTIPLAN - EMPREEND IMOBILIARIOS S.A.;020982;ITR;150116;2025-07-24;http://www.rad.cvm.gov.br/ENETCONSULTA/frmDownloadDocumento.aspx?CodigoInstituicao=1&NumeroSequencialDocumento=150116
07.816.890/0001-53;2025-09-30;1;MULTIPLAN - EMPREEND IMOBILIARIOS S.A.;020982;ITR;152552;2025-10-30;http://www.rad.cvm.gov.br/ENETCONSULTA/frmDownloadDocumento.aspx?CodigoInstituicao=1&NumeroSequencialDocumento=152552
07.820.907/0001-46;2025-03-31;1;FICA EMPREENDIMENTOS IMOBILIÁRIOS S.A.;020630;ITR;151661;2025-08-27;http://www.rad.cvm.gov.br/ENETCONSULTA/frmDownloadDocumento.aspx?CodigoInstituicao=1&NumeroSequencialDocumento=151661
07.820.907/0001-46;2025-06-30;1;FICA EMPREENDIMENTOS IMOBILIÁRIOS S.A.;020630;ITR;152154;2025-10-03;http://www.rad.cvm.gov.br/ENETCONSULTA/frmDownloadDocumento.aspx?CodigoInstituicao=1&NumeroSequencialDocumento=152154
07.820.907/0001-46;2025-09-30;1;FICA EMPREENDIMENTOS IMOBILIÁRIOS S.A.;020630;ITR;153540;2025-11-24;http://www.rad.cvm.gov.br/ENETCONSULTA/frmDownloadDocumento.aspx?CodigoInstituicao=1&NumeroSequencialDocumento=153540
07.823.262/0001-03;2025-03-31;1;FOZ DO RIO CLARO ENERGIA S.A.;026697;ITR;146955;2025-05-07;http://www.rad.cvm.gov.br/ENETCONSULTA/frmDownloadDocumento.aspx?CodigoInstituicao=1&NumeroSequencialDocumento=146955
07.823.262/0001-03;2025-06-30;1;FOZ DO RIO CLARO ENERGIA S.A.;026697;ITR;150578;2025-08-04;http://www.rad.cvm.gov.br/ENETCONSULTA/frmDownloadDocumento.aspx?CodigoInstituicao=1&NumeroSequencialDocumento=150578
07.823.262/0001-03;2025-09-30;1;FOZ DO RIO CLARO ENERGIA S.A.;026697;ITR;152612;2025-11-03;http://www.rad.cvm.gov.br/ENETCONSULTA/frmDownloadDocumento.aspx?CodigoInstituicao=1&NumeroSequencialDocumento=152612
07.857.093/0001-14;2025-03-31;1;AURA MINERALS INC.;080187;ITR;146802;2025-05-05;http://www.rad.cvm.gov.br/ENETCONSULTA/frmDownloadDocumento.aspx?CodigoInstituicao=1&NumeroSequencialDocumento=146802
07.857.093/0001-14;2025-06-30;1;AURA MINERALS INC.;080187;ITR;150617;2025-08-05;http://www.rad.cvm.gov.br/ENETCONSULTA/frmDownloadDocumento.aspx?CodigoInstituicao=1&NumeroSequencialDocumento=150617
07.857.093/0001-14;2025-09-30;1;AURA MINERALS INC.;080187;ITR;152657;2025-11-04;http://www.rad.cvm.gov.br/ENETCONSULTA/frmDownloadDocumento.aspx?CodigoInstituicao=1&NumeroSequencialDocumento=152657
07.857.850/0001-50;2025-03-31;1;GP INVESTMENTS, LTD.;080020;ITR;147846;2025-05-15;http://www.rad.cvm.gov.br/ENETCONSULTA/frmDownloadDocumento.aspx?CodigoInstituicao=1&NumeroSequencialDocumento=147846
07.857.850/0001-50;2025-06-30;1;GP INVESTMENTS, LTD.;080020;ITR;151319;2025-08-14;http://www.rad.cvm.gov.br/ENETCONSULTA/frmDownloadDocumento.aspx?CodigoInstituicao=1&NumeroSequencialDocumento=151319
07.859.971/0001-30;2025-03-31;1;TRANSMISSORA ALIANÇA DE ENERGIA ELÉTRICA S.A.;020257;ITR;147010;2025-05-07;http://www.rad.cvm.gov.br/ENETCONSULTA/frmDownloadDocumento.aspx?CodigoInstituicao=1&NumeroSequencialDocumento=147010
07.859.971/0001-30;2025-06-30;1;TRANSMISSORA ALIANÇA DE ENERGIA ELÉTRICA S.A.;020257;ITR;151178;2025-08-13;http://www.rad.cvm.gov.br/ENETCONSULTA/frmDownloadDocumento.aspx?CodigoInstituicao=1&NumeroSequencialDocumento=151178
07.859.971/0001-30;2025-09-30;1;TRANSMISSORA ALIANÇA DE ENERGIA ELÉTRICA S.A.;020257;ITR;152982;2025-11-11;http://www.rad.cvm.gov.br/ENETCONSULTA/frmDownloadDocumento.aspx?CodigoInstituicao=1&NumeroSequencialDocumento=152982
07.882.930/0001-65;2025-03-31;1;MITRE REALTY EMPREENDIMENTOS E PARTICIPAÇÕES S.A.;024902;ITR;147135;2025-05-08;http://www.rad.cvm.gov.br/ENETCONSULTA/frmDownloadDocumento.aspx?CodigoInstituicao=1&NumeroSequencialDocumento=147135
07.882.930/0001-65;2025-06-30;1;MITRE REALTY EMPREENDIMENTOS E PARTICIPAÇÕES S.A.;024902;ITR;150771;2025-08-07;http://www.rad.cvm.gov.br/ENETCONSULTA/frmDownloadDocumento.aspx?CodigoInstituicao=1&NumeroSequencialDocumento=150771
07.882.930/0001-65;2025-09-30;1;MITRE REALTY EMPREENDIMENTOS E PARTICIPAÇÕES S.A.;024902;ITR;152786;2025-11-06;http://www.rad.cvm.gov.br/ENETCONSULTA/frmDownloadDocumento.aspx?CodigoInstituicao=1&NumeroSequencialDocumento=152786
08.065.557/0001-12;2025-03-31;1;TECNISA S.A.;020435;ITR;147807;2025-05-15;http://www.rad.cvm.gov.br/ENETCONSULTA/frmDownloadDocumento.aspx?CodigoInstituicao=1&NumeroSequencialDocumento=147807
08.065.557/0001-12;2025-06-30;1;TECNISA S.A.;020435;ITR;151193;2025-08-14;http://www.rad.cvm.gov.br/ENETCONSULTA/frmDownloadDocumento.aspx?CodigoInstituicao=1&NumeroSequencialDocumento=151193
08.065.557/0001-12;2025-09-30;1;TECNISA S.A.;020435;ITR;154124;2026-01-05;http://www.rad.cvm.gov.br/ENETCONSULTA/frmDownloadDocumento.aspx?CodigoInstituicao=1&NumeroSequencialDocumento=154124
08.070.508/0001-78;2025-06-30;1;RAIZEN ENERGIA S.A.;023230;ITR;151154;2025-08-13;http://www.rad.cvm.gov.br/ENETCONSULTA/frmDownloadDocumento.aspx?CodigoInstituicao=1&NumeroSequencialDocumento=151154
08.070.508/0001-78;2025-09-30;1;RAIZEN ENERGIA S.A.;023230;ITR;153336;2025-11-14;http://www.rad.cvm.gov.br/ENETCONSULTA/frmDownloadDocumento.aspx?CodigoInstituicao=1&NumeroSequencialDocumento=153336
08.070.508/0001-78;2025-12-31;1;RAIZEN ENERGIA S.A.;023230;ITR;154756;2026-02-12;http://www.rad.cvm.gov.br/ENETCONSULTA/frmDownloadDocumento.aspx?CodigoInstituicao=1&NumeroSequencialDocumento=154756
08.078.847/0001-09;2025-03-31;1;LPS BRASIL - CONSULTORIA DE IMOVEIS S.A.;020370;ITR;147136;2025-05-08;http://www.rad.cvm.gov.br/ENETCONSULTA/frmDownloadDocumento.aspx?CodigoInstituicao=1&NumeroSequencialDocumento=147136
08.078.847/0001-09;2025-06-30;1;LPS BRASIL - CONSULTORIA DE IMOVEIS S.A.;020370;ITR;150775;2025-08-07;http://www.rad.cvm.gov.br/ENETCONSULTA/frmDownloadDocumento.aspx?CodigoInstituicao=1&NumeroSequencialDocumento=150775
08.078.847/0001-09;2025-09-30;1;LPS BRASIL - CONSULTORIA DE IMOVEIS S.A.;020370;ITR;153056;2025-11-12;http://www.rad.cvm.gov.br/ENETCONSULTA/frmDownloadDocumento.aspx?CodigoInstituicao=1&NumeroSequencialDocumento=153056
08.100.057/0001-74;2025-03-31;1;TECNOGERA-LOCAÇÃO E TRANSFORMAÇÃO DE ENERGIA S.A.;027847;ITR;149552;2025-06-19;http://www.rad.cvm.gov.br/ENETCONSULTA/frmDownloadDocumento.aspx?CodigoInstituicao=1&NumeroSequencialDocumento=149552
08.100.057/0001-74;2025-06-30;1;TECNOGERA-LOCAÇÃO E TRANSFORMAÇÃO DE ENERGIA S.A.;027847;ITR;151315;2025-08-14;http://www.rad.cvm.gov.br/ENETCONSULTA/frmDownloadDocumento.aspx?CodigoInstituicao=1&NumeroSequencialDocumento=151315
08.100.057/0001-74;2025-09-30;1;TECNOGERA-LOCAÇÃO E TRANSFORMAÇÃO DE ENERGIA S.A.;027847;ITR;153381;2025-11-14;http://www.rad.cvm.gov.br/ENETCONSULTA/frmDownloadDocumento.aspx?CodigoInstituicao=1&NumeroSequencialDocumento=153381
08.159.965/0001-33;2025-03-31;1;IGUA SANEAMENTO S.A.;023175;ITR;146879;2025-05-06;http://www.rad.cvm.gov.br/ENETCONSULTA/frmDownloadDocumento.aspx?CodigoInstituicao=1&NumeroSequencialDocumento=146879
08.159.965/0001-33;2025-06-30;1;IGUA SANEAMENTO S.A.;023175;ITR;151185;2025-08-13;http://www.rad.cvm.gov.br/ENETCONSULTA/frmDownloadDocumento.aspx?CodigoInstituicao=1&NumeroSequencialDocumento=151185
08.159.965/0001-33;2025-09-30;1;IGUA SANEAMENTO S.A.;023175;ITR;153097;2025-11-12;http://www.rad.cvm.gov.br/ENETCONSULTA/frmDownloadDocumento.aspx?CodigoInstituicao=1&NumeroSequencialDocumento=153097
08.159.965/0001-33;2025-09-30;2;IGUA SANEAMENTO S.A.;023175;ITR;153837;2025-12-15;http://www.rad.cvm.gov.br/ENETCONSULTA/frmDownloadDocumento.aspx?CodigoInstituicao=1&NumeroSequencialDocumento=153837
08.170.849/0001-15;2025-03-31;1;DESKTOP S.A.;026026;ITR;147006;2025-05-07;http://www.rad.cvm.gov.br/ENETCONSULTA/frmDownloadDocumento.aspx?CodigoInstituicao=1&NumeroSequencialDocumento=147006
08.170.849/0001-15;2025-06-30;1;DESKTOP S.A.;026026;ITR;150688;2025-08-06;http://www.rad.cvm.gov.br/ENETCONSULTA/frmDownloadDocumento.aspx?CodigoInstituicao=1&NumeroSequencialDocumento=150688
08.170.849/0001-15;2025-09-30;1;DESKTOP S.A.;026026;ITR;152719;2025-11-05;http://www.rad.cvm.gov.br/ENETCONSULTA/frmDownloadDocumento.aspx?CodigoInstituicao=1&NumeroSequencialDocumento=152719
08.213.823/0001-07;2025-03-31;1;AURA ALMAS MINERAÇÃO S.A.;026590;ITR;147434;2025-05-12;http://www.rad.cvm.gov.br/ENETCONSULTA/frmDownloadDocumento.aspx?CodigoInstituicao=1&NumeroSequencialDocumento=147434
08.213.823/0001-07;2025-06-30;1;AURA ALMAS MINERAÇÃO S.A.;026590;ITR;150884;2025-08-11;http://www.rad.cvm.gov.br/ENETCONSULTA/frmDownloadDocumento.aspx?CodigoInstituicao=1&NumeroSequencialDocumento=150884
08.213.823/0001-07;2025-09-30;1;AURA ALMAS MINERAÇÃO S.A.;026590;ITR;152897;2025-11-10;http://www.rad.cvm.gov.br/ENETCONSULTA/frmDownloadDocumento.aspx?CodigoInstituicao=1&NumeroSequencialDocumento=152897
08.262.121/0001-13;2025-03-31;1;ALUBAR METAIS E CABOS S.A.;027430;ITR;147545;2025-05-13;http://www.rad.cvm.gov.br/ENETCONSULTA/frmDownloadDocumento.aspx?CodigoInstituicao=1&NumeroSequencialDocumento=147545
08.262.121/0001-13;2025-06-30;1;ALUBAR METAIS E CABOS S.A.;027430;ITR;151171;2025-08-13;http://www.rad.cvm.gov.br/ENETCONSULTA/frmDownloadDocumento.aspx?CodigoInstituicao=1&NumeroSequencialDocumento=151171
08.262.121/0001-13;2025-09-30;1;ALUBAR METAIS E CABOS S.A.;027430;ITR;153076;2025-11-12;http://www.rad.cvm.gov.br/ENETCONSULTA/frmDownloadDocumento.aspx?CodigoInstituicao=1&NumeroSequencialDocumento=153076
08.294.224/0001-65;2025-03-31;1;JHSF PARTICIPACOES S.A.;020605;ITR;147722;2025-05-15;http://www.rad.cvm.gov.br/ENETCONSULTA/frmDownloadDocumento.aspx?CodigoInstituicao=1&NumeroSequencialDocumento=147722
08.294.224/0001-65;2025-06-30;1;JHSF PARTICIPACOES S.A.;020605;ITR;151437;2025-08-15;http://www.rad.cvm.gov.br/ENETCONSULTA/frmDownloadDocumento.aspx?CodigoInstituicao=1&NumeroSequencialDocumento=151437
08.294.224/0001-65;2025-09-30;1;JHSF PARTICIPACOES S.A.;020605;ITR;153258;2025-11-13;http://www.rad.cvm.gov.br/ENETCONSULTA/frmDownloadDocumento.aspx?CodigoInstituicao=1&NumeroSequencialDocumento=153258
08.312.229/0001-73;2025-03-31;1;EZ TEC EMPREEND. E PARTICIPACOES S.A.;020770;ITR;147850;2025-05-15;http://www.rad.cvm.gov.br/ENETCONSULTA/frmDownloadDocumento.aspx?CodigoInstituicao=1&NumeroSequencialDocumento=147850
08.312.229/0001-73;2025-06-30;1;EZ TEC EMPREEND. E PARTICIPACOES S.A.;020770;ITR;150734;2025-08-07;http://www.rad.cvm.gov.br/ENETCONSULTA/frmDownloadDocumento.aspx?CodigoInstituicao=1&NumeroSequencialDocumento=150734
08.312.229/0001-73;2025-09-30;1;EZ TEC EMPREEND. E PARTICIPACOES S.A.;020770;ITR;153188;2025-11-13;http://www.rad.cvm.gov.br/ENETCONSULTA/frmDownloadDocumento.aspx?CodigoInstituicao=1&NumeroSequencialDocumento=153188
08.322.396/0001-03;2025-06-30;1;CERRADINHO BIOENERGIA S.A.;026522;ITR;150960;2025-08-12;http://www.rad.cvm.gov.br/ENETCONSULTA/frmDownloadDocumento.aspx?CodigoInstituicao=1&NumeroSequencialDocumento=150960
08.322.396/0001-03;2025-09-30;1;CERRADINHO BIOENERGIA S.A.;026522;ITR;153083;2025-11-12;http://www.rad.cvm.gov.br/ENETCONSULTA/frmDownloadDocumento.aspx?CodigoInstituicao=1&NumeroSequencialDocumento=153083
08.322.396/0001-03;2025-12-31;1;CERRADINHO BIOENERGIA S.A.;026522;ITR;154712;2026-02-11;http://www.rad.cvm.gov.br/ENETCONSULTA/frmDownloadDocumento.aspx?CodigoInstituicao=1&NumeroSequencialDocumento=154712
08.324.196/0001-81;2025-03-31;1;CIA ENERGETICA DO RIO GDE NORTE - COSERN;018139;ITR;146652;2025-04-29;http://www.rad.cvm.gov.br/ENETCONSULTA/frmDownloadDocumento.aspx?CodigoInstituicao=1&NumeroSequencialDocumento=146652
08.324.196/0001-81;2025-06-30;1;CIA ENERGETICA DO RIO GDE NORTE - COSERN;018139;ITR;150061;2025-07-22;http://www.rad.cvm.gov.br/ENETCONSULTA/frmDownloadDocumento.aspx?CodigoInstituicao=1&NumeroSequencialDocumento=150061
08.324.196/0001-81;2025-09-30;1;CIA ENERGETICA DO RIO GDE NORTE - COSERN;018139;ITR;152497;2025-10-27;http://www.rad.cvm.gov.br/ENETCONSULTA/frmDownloadDocumento.aspx?CodigoInstituicao=1&NumeroSequencialDocumento=152497
08.343.492/0001-20;2025-03-31;1;MRV ENGENHARIA E PARTICIPACOES S.A.;020915;ITR;147113;2025-05-08;http://www.rad.cvm.gov.br/ENETCONSULTA/frmDownloadDocumento.aspx?CodigoInstituicao=1&NumeroSequencialDocumento=147113
08.343.492/0001-20;2025-06-30;1;MRV ENGENHARIA E PARTICIPACOES S.A.;020915;ITR;150928;2025-08-12;http://www.rad.cvm.gov.br/ENETCONSULTA/frmDownloadDocumento.aspx?CodigoInstituicao=1&NumeroSequencialDocumento=150928
08.343.492/0001-20;2025-09-30;1;MRV ENGENHARIA E PARTICIPACOES S.A.;020915;ITR;153084;2025-11-12;http://www.rad.cvm.gov.br/ENETCONSULTA/frmDownloadDocumento.aspx?CodigoInstituicao=1&NumeroSequencialDocumento=153084
08.364.948/0001-38;2025-03-31;1;ALUPAR INVESTIMENTO S/A;021490;ITR;147077;2025-05-08;http://www.rad.cvm.gov.br/ENETCONSULTA/frmDownloadDocumento.aspx?CodigoInstituicao=1&NumeroSequencialDocumento=147077
08.364.948/0001-38;2025-06-30;1;ALUPAR INVESTIMENTO S/A;021490;ITR;150719;2025-08-07;http://www.rad.cvm.gov.br/ENETCONSULTA/frmDownloadDocumento.aspx?CodigoInstituicao=1&NumeroSequencialDocumento=150719
08.364.948/0001-38;2025-06-30;2;ALUPAR INVESTIMENTO S/A;021490;ITR;151259;2025-08-14;http://www.rad.cvm.gov.br/ENETCONSULTA/frmDownloadDocumento.aspx?CodigoInstituicao=1&NumeroSequencialDocumento=151259
08.364.948/0001-38;2025-09-30;1;ALUPAR INVESTIMENTO S/A;021490;ITR;152758;2025-11-06;http://www.rad.cvm.gov.br/ENETCONSULTA/frmDownloadDocumento.aspx?CodigoInstituicao=1&NumeroSequencialDocumento=152758
08.397.078/0001-01;2025-03-31;1;GSH CORP PARTICIPAÇÕES S.A.;026603;ITR;147614;2025-05-14;http://www.rad.cvm.gov.br/ENETCONSULTA/frmDownloadDocumento.aspx?CodigoInstituicao=1&NumeroSequencialDocumento=147614
08.397.078/0001-01;2025-06-30;1;GSH CORP PARTICIPAÇÕES S.A.;026603;ITR;150940;2025-08-12;http://www.rad.cvm.gov.br/ENETCONSULTA/frmDownloadDocumento.aspx?CodigoInstituicao=1&NumeroSequencialDocumento=150940
08.397.078/0001-01;2025-09-30;1;GSH CORP PARTICIPAÇÕES S.A.;026603;ITR;153061;2025-11-12;http://www.rad.cvm.gov.br/ENETCONSULTA/frmDownloadDocumento.aspx?CodigoInstituicao=1&NumeroSequencialDocumento=153061
08.402.943/0001-52;2025-03-31;1;GUARARAPES CONFECCOES S.A.;004669;ITR;147008;2025-05-07;http://www.rad.cvm.gov.br/ENETCONSULTA/frmDownloadDocumento.aspx?CodigoInstituicao=1&NumeroSequencialDocumento=147008
08.402.943/0001-52;2025-06-30;1;GUARARAPES CONFECCOES S.A.;004669;ITR;150689;2025-08-06;http://www.rad.cvm.gov.br/ENETCONSULTA/frmDownloadDocumento.aspx?CodigoInstituicao=1&NumeroSequencialDocumento=150689
08.402.943/0001-52;2025-09-30;1;GUARARAPES CONFECCOES S.A.;004669;ITR;152716;2025-11-05;http://www.rad.cvm.gov.br/ENETCONSULTA/frmDownloadDocumento.aspx?CodigoInstituicao=1&NumeroSequencialDocumento=152716
08.424.178/0001-71;2025-03-31;1;TECBLU TECELAGEM BLUMENAU S.A.;011215;ITR;147339;2025-05-12;http://www.rad.cvm.gov.br/ENETCONSULTA/frmDownloadDocumento.aspx?CodigoInstituicao=1&NumeroSequencialDocumento=147339
08.424.178/0001-71;2025-06-30;1;TECBLU TECELAGEM BLUMENAU S.A.;011215;ITR;150942;2025-08-12;http://www.rad.cvm.gov.br/ENETCONSULTA/frmDownloadDocumento.aspx?CodigoInstituicao=1&NumeroSequencialDocumento=150942
08.424.178/0001-71;2025-06-30;2;TECBLU TECELAGEM BLUMENAU S.A.;011215;ITR;155209;2026-03-10;http://www.rad.cvm.gov.br/ENETCONSULTA/frmDownloadDocumento.aspx?CodigoInstituicao=1&NumeroSequencialDocumento=155209
08.424.178/0001-71;2025-09-30;1;TECBLU TECELAGEM BLUMENAU S.A.;011215;ITR;152605;2025-11-03;http://www.rad.cvm.gov.br/ENETCONSULTA/frmDownloadDocumento.aspx?CodigoInstituicao=1&NumeroSequencialDocumento=152605
08.424.178/0001-71;2025-09-30;2;TECBLU TECELAGEM BLUMENAU S.A.;011215;ITR;155210;2026-03-10;http://www.rad.cvm.gov.br/ENETCONSULTA/frmDownloadDocumento.aspx?CodigoInstituicao=1&NumeroSequencialDocumento=155210
08.439.659/0001-50;2025-03-31;1;CPFL ENERGIAS RENOVÁVEIS S.A.;020540;ITR;147896;2025-05-15;http://www.rad.cvm.gov.br/ENETCONSULTA/frmDownloadDocumento.aspx?CodigoInstituicao=1&NumeroSequencialDocumento=147896
08.439.659/0001-50;2025-06-30;1;CPFL ENERGIAS RENOVÁVEIS S.A.;020540;ITR;151362;2025-08-14;http://www.rad.cvm.gov.br/ENETCONSULTA/frmDownloadDocumento.aspx?CodigoInstituicao=1&NumeroSequencialDocumento=151362
08.439.659/0001-50;2025-09-30;1;CPFL ENERGIAS RENOVÁVEIS S.A.;020540;ITR;153181;2025-11-13;http://www.rad.cvm.gov.br/ENETCONSULTA/frmDownloadDocumento.aspx?CodigoInstituicao=1&NumeroSequencialDocumento=153181
08.439.659/0001-50;2025-09-30;2;CPFL ENERGIAS RENOVÁVEIS S.A.;020540;ITR;153298;2025-11-14;http://www.rad.cvm.gov.br/ENETCONSULTA/frmDownloadDocumento.aspx?CodigoInstituicao=1&NumeroSequencialDocumento=153298
08.467.115/0001-00;2025-03-31;1;CIA ESTADUAL DE DISTRIB ENER ELET-CEEE-D;020648;ITR;147705;2025-05-14;http://www.rad.cvm.gov.br/ENETCONSULTA/frmDownloadDocumento.aspx?CodigoInstituicao=1&NumeroSequencialDocumento=147705
08.467.115/0001-00;2025-06-30;1;CIA ESTADUAL DE DISTRIB ENER ELET-CEEE-D;020648;ITR;151098;2025-08-13;http://www.rad.cvm.gov.br/ENETCONSULTA/frmDownloadDocumento.aspx?CodigoInstituicao=1&NumeroSequencialDocumento=151098
08.467.115/0001-00;2025-09-30;1;CIA ESTADUAL DE DISTRIB ENER ELET-CEEE-D;020648;ITR;153072;2025-11-12;http://www.rad.cvm.gov.br/ENETCONSULTA/frmDownloadDocumento.aspx?CodigoInstituicao=1&NumeroSequencialDocumento=153072
08.534.605/0001-74;2025-03-31;1;RENOVA ENERGIA S.A.;021636;ITR;147943;2025-05-15;http://www.rad.cvm.gov.br/ENETCONSULTA/frmDownloadDocumento.aspx?CodigoInstituicao=1&NumeroSequencialDocumento=147943
08.534.605/0001-74;2025-06-30;1;RENOVA ENERGIA S.A.;021636;ITR;151370;2025-08-14;http://www.rad.cvm.gov.br/ENETCONSULTA/frmDownloadDocumento.aspx?CodigoInstituicao=1&NumeroSequencialDocumento=151370
08.534.605/0001-74;2025-09-30;1;RENOVA ENERGIA S.A.;021636;ITR;153175;2025-11-13;http://www.rad.cvm.gov.br/ENETCONSULTA/frmDownloadDocumento.aspx?CodigoInstituicao=1&NumeroSequencialDocumento=153175
08.560.444/0001-93;2025-03-31;1;CIA CELG DE PARTICIPACOES - CELGPAR;021393;ITR;147770;2025-05-15;http://www.rad.cvm.gov.br/ENETCONSULTA/frmDownloadDocumento.aspx?CodigoInstituicao=1&NumeroSequencialDocumento=147770
08.560.444/0001-93;2025-03-31;2;CIA CELG DE PARTICIPACOES - CELGPAR;021393;ITR;147781;2025-05-15;http://www.rad.cvm.gov.br/ENETCONSULTA/frmDownloadDocumento.aspx?CodigoInstituicao=1&NumeroSequencialDocumento=147781
08.560.444/0001-93;2025-06-30;1;CIA CELG DE PARTICIPACOES - CELGPAR;021393;ITR;151199;2025-08-14;http://www.rad.cvm.gov.br/ENETCONSULTA/frmDownloadDocumento.aspx?CodigoInstituicao=1&NumeroSequencialDocumento=151199
08.560.444/0001-93;2025-09-30;1;CIA CELG DE PARTICIPACOES - CELGPAR;021393;ITR;153273;2025-11-14;http://www.rad.cvm.gov.br/ENETCONSULTA/frmDownloadDocumento.aspx?CodigoInstituicao=1&NumeroSequencialDocumento=153273
08.574.411/0001-00;2025-03-31;1;PRÁTICA PRODUTOS S.A.;024546;ITR;147924;2025-05-15;http://www.rad.cvm.gov.br/ENETCONSULTA/frmDownloadDocumento.aspx?CodigoInstituicao=1&NumeroSequencialDocumento=147924
08.574.411/0001-00;2025-06-30;1;PRÁTICA PRODUTOS S.A.;024546;ITR;151411;2025-08-14;http://www.rad.cvm.gov.br/ENETCONSULTA/frmDownloadDocumento.aspx?CodigoInstituicao=1&NumeroSequencialDocumento=151411
08.574.411/0001-00;2025-09-30;1;PRÁTICA PRODUTOS S.A.;024546;ITR;153423;2025-11-14;http://www.rad.cvm.gov.br/ENETCONSULTA/frmDownloadDocumento.aspx?CodigoInstituicao=1&NumeroSequencialDocumento=153423
08.613.550/0001-98;2025-03-31;1;NEXPE PARTICIPAÇÕES S.A;021180;ITR;147887;2025-05-15;http://www.rad.cvm.gov.br/ENETCONSULTA/frmDownloadDocumento.aspx?CodigoInstituicao=1&NumeroSequencialDocumento=147887
08.613.550/0001-98;2025-06-30;1;NEXPE PARTICIPAÇÕES S.A;021180;ITR;151341;2025-08-14;http://www.rad.cvm.gov.br/ENETCONSULTA/frmDownloadDocumento.aspx?CodigoInstituicao=1&NumeroSequencialDocumento=151341
08.613.550/0001-98;2025-09-30;1;NEXPE PARTICIPAÇÕES S.A;021180;ITR;153212;2025-11-13;http://www.rad.cvm.gov.br/ENETCONSULTA/frmDownloadDocumento.aspx?CodigoInstituicao=1&NumeroSequencialDocumento=153212
08.764.621/0001-53;2025-03-31;1;GENERAL SHOPPING E OUTLETS DO BRASIL BRASIL S.A.;021008;ITR;147945;2025-05-15;http://www.rad.cvm.gov.br/ENETCONSULTA/frmDownloadDocumento.aspx?CodigoInstituicao=1&NumeroSequencialDocumento=147945
08.764.621/0001-53;2025-06-30;1;GENERAL SHOPPING E OUTLETS DO BRASIL BRASIL S.A.;021008;ITR;151414;2025-08-14;http://www.rad.cvm.gov.br/ENETCONSULTA/frmDownloadDocumento.aspx?CodigoInstituicao=1&NumeroSequencialDocumento=151414
08.764.621/0001-53;2025-09-30;1;GENERAL SHOPPING E OUTLETS DO BRASIL BRASIL S.A.;021008;ITR;153421;2025-11-14;http://www.rad.cvm.gov.br/ENETCONSULTA/frmDownloadDocumento.aspx?CodigoInstituicao=1&NumeroSequencialDocumento=153421
08.795.211/0001-70;2025-03-31;1;MAESTRO LOCADORA DE VEICULOS S.A.;023612;ITR;147248;2025-05-09;http://www.rad.cvm.gov.br/ENETCONSULTA/frmDownloadDocumento.aspx?CodigoInstituicao=1&NumeroSequencialDocumento=147248
08.795.211/0001-70;2025-06-30;1;MAESTRO LOCADORA DE VEICULOS S.A.;023612;ITR;150813;2025-08-08;http://www.rad.cvm.gov.br/ENETCONSULTA/frmDownloadDocumento.aspx?CodigoInstituicao=1&NumeroSequencialDocumento=150813
08.795.211/0001-70;2025-09-30;1;MAESTRO LOCADORA DE VEICULOS S.A.;023612;ITR;153339;2025-11-14;http://www.rad.cvm.gov.br/ENETCONSULTA/frmDownloadDocumento.aspx?CodigoInstituicao=1&NumeroSequencialDocumento=153339
08.797.760/0001-83;2025-03-31;1;CURY CONSTRUTORA E INCORPORADORA S.A.;025100;ITR;147489;2025-05-13;http://www.rad.cvm.gov.br/ENETCONSULTA/frmDownloadDocumento.aspx?CodigoInstituicao=1&NumeroSequencialDocumento=147489
08.797.760/0001-83;2025-06-30;1;CURY CONSTRUTORA E INCORPORADORA S.A.;025100;ITR;150599;2025-08-05;http://www.rad.cvm.gov.br/ENETCONSULTA/frmDownloadDocumento.aspx?CodigoInstituicao=1&NumeroSequencialDocumento=150599
08.797.760/0001-83;2025-09-30;1;CURY CONSTRUTORA E INCORPORADORA S.A.;025100;ITR;152937;2025-11-11;http://www.rad.cvm.gov.br/ENETCONSULTA/frmDownloadDocumento.aspx?CodigoInstituicao=1&NumeroSequencialDocumento=152937
08.801.621/0001-86;2025-03-31;1;SYN PROP & TECH S.A.;021040;ITR;147935;2025-05-15;http://www.rad.cvm.gov.br/ENETCONSULTA/frmDownloadDocumento.aspx?CodigoInstituicao=1&NumeroSequencialDocumento=147935
08.801.621/0001-86;2025-06-30;1;SYN PROP & TECH S.A.;021040;ITR;151413;2025-08-14;http://www.rad.cvm.gov.br/ENETCONSULTA/frmDownloadDocumento.aspx?CodigoInstituicao=1&NumeroSequencialDocumento=151413
08.801.621/0001-86;2025-09-30;1;SYN PROP & TECH S.A.;021040;ITR;153187;2025-11-13;http://www.rad.cvm.gov.br/ENETCONSULTA/frmDownloadDocumento.aspx?CodigoInstituicao=1&NumeroSequencialDocumento=153187
08.807.432/0001-10;2025-03-31;1;YDUQS PARTICIPACOES S.A.;021016;ITR;147364;2025-05-12;http://www.rad.cvm.gov.br/ENETCONSULTA/frmDownloadDocumento.aspx?CodigoInstituicao=1&NumeroSequencialDocumento=147364
08.807.432/0001-10;2025-06-30;1;YDUQS PARTICIPACOES S.A.;021016;ITR;151285;2025-08-14;http://www.rad.cvm.gov.br/ENETCONSULTA/frmDownloadDocumento.aspx?CodigoInstituicao=1&NumeroSequencialDocumento=151285
08.807.432/0001-10;2025-09-30;1;YDUQS PARTICIPACOES S.A.;021016;ITR;153178;2025-11-13;http://www.rad.cvm.gov.br/ENETCONSULTA/frmDownloadDocumento.aspx?CodigoInstituicao=1&NumeroSequencialDocumento=153178
08.811.643/0001-27;2025-03-31;1;TRISUL S.A.;021130;ITR;147610;2025-05-14;http://www.rad.cvm.gov.br/ENETCONSULTA/frmDownloadDocumento.aspx?CodigoInstituicao=1&NumeroSequencialDocumento=147610
08.811.643/0001-27;2025-06-30;1;TRISUL S.A.;021130;ITR;151244;2025-08-14;http://www.rad.cvm.gov.br/ENETCONSULTA/frmDownloadDocumento.aspx?CodigoInstituicao=1&NumeroSequencialDocumento=151244
08.811.643/0001-27;2025-09-30;1;TRISUL S.A.;021130;ITR;153141;2025-11-13;http://www.rad.cvm.gov.br/ENETCONSULTA/frmDownloadDocumento.aspx?CodigoInstituicao=1&NumeroSequencialDocumento=153141
08.822.767/0001-08;2025-03-31;1;CONCESSIONÁRIA DA RODOVIA MG-050 S.A.;024104;ITR;147961;2025-05-15;http://www.rad.cvm.gov.br/ENETCONSULTA/frmDownloadDocumento.aspx?CodigoInstituicao=1&NumeroSequencialDocumento=147961
08.822.767/0001-08;2025-03-31;2;CONCESSIONÁRIA DA RODOVIA MG-050 S.A.;024104;ITR;147983;2025-05-16;http://www.rad.cvm.gov.br/ENETCONSULTA/frmDownloadDocumento.aspx?CodigoInstituicao=1&NumeroSequencialDocumento=147983
08.822.767/0001-08;2025-06-30;1;CONCESSIONÁRIA DA RODOVIA MG-050 S.A.;024104;ITR;151435;2025-08-14;http://www.rad.cvm.gov.br/ENETCONSULTA/frmDownloadDocumento.aspx?CodigoInstituicao=1&NumeroSequencialDocumento=151435
08.822.767/0001-08;2025-06-30;2;CONCESSIONÁRIA DA RODOVIA MG-050 S.A.;024104;ITR;151449;2025-08-15;http://www.rad.cvm.gov.br/ENETCONSULTA/frmDownloadDocumento.aspx?CodigoInstituicao=1&NumeroSequencialDocumento=151449
08.822.767/0001-08;2025-09-30;1;CONCESSIONÁRIA DA RODOVIA MG-050 S.A.;024104;ITR;153431;2025-11-14;http://www.rad.cvm.gov.br/ENETCONSULTA/frmDownloadDocumento.aspx?CodigoInstituicao=1&NumeroSequencialDocumento=153431
08.827.501/0001-58;2025-03-31;1;AEGEA SANEAMENTO E PARTICIPAÇÕES S.A.;023396;ITR;146986;2025-05-07;http://www.rad.cvm.gov.br/ENETCONSULTA/frmDownloadDocumento.aspx?CodigoInstituicao=1&NumeroSequencialDocumento=146986
08.827.501/0001-58;2025-03-31;2;AEGEA SANEAMENTO E PARTICIPAÇÕES S.A.;023396;ITR;151965;2025-09-19;http://www.rad.cvm.gov.br/ENETCONSULTA/frmDownloadDocumento.aspx?CodigoInstituicao=1&NumeroSequencialDocumento=151965
08.827.501/0001-58;2025-06-30;1;AEGEA SANEAMENTO E PARTICIPAÇÕES S.A.;023396;ITR;150650;2025-08-06;http://www.rad.cvm.gov.br/ENETCONSULTA/frmDownloadDocumento.aspx?CodigoInstituicao=1&NumeroSequencialDocumento=150650
08.827.501/0001-58;2025-06-30;2;AEGEA SANEAMENTO E PARTICIPAÇÕES S.A.;023396;ITR;151966;2025-09-19;http://www.rad.cvm.gov.br/ENETCONSULTA/frmDownloadDocumento.aspx?CodigoInstituicao=1&NumeroSequencialDocumento=151966
08.827.501/0001-58;2025-09-30;1;AEGEA SANEAMENTO E PARTICIPAÇÕES S.A.;023396;ITR;152721;2025-11-05;http://www.rad.cvm.gov.br/ENETCONSULTA/frmDownloadDocumento.aspx?CodigoInstituicao=1&NumeroSequencialDocumento=152721
08.845.676/0001-98;2025-03-31;1;CORPÓREOS - SERVIÇOS TERAPÊUTICOS S.A.;027669;ITR;147860;2025-05-15;http://www.rad.cvm.gov.br/ENETCONSULTA/frmDownloadDocumento.aspx?CodigoInstituicao=1&NumeroSequencialDocumento=147860
08.845.676/0001-98;2025-06-30;1;CORPÓREOS - SERVIÇOS TERAPÊUTICOS S.A.;027669;ITR;151355;2025-08-14;http://www.rad.cvm.gov.br/ENETCONSULTA/frmDownloadDocumento.aspx?CodigoInstituicao=1&NumeroSequencialDocumento=151355
08.845.676/0001-98;2025-09-30;1;CORPÓREOS - SERVIÇOS TERAPÊUTICOS S.A.;027669;ITR;153351;2025-11-14;http://www.rad.cvm.gov.br/ENETCONSULTA/frmDownloadDocumento.aspx?CodigoInstituicao=1&NumeroSequencialDocumento=153351
08.873.873/0001-10;2025-03-31;1;ECORODOVIAS CONCESSÕES E SERVIÇOS S.A.;021903;ITR;147090;2025-05-08;http://www.rad.cvm.gov.br/ENETCONSULTA/frmDownloadDocumento.aspx?CodigoInstituicao=1&NumeroSequencialDocumento=147090
08.873.873/0001-10;2025-06-30;1;ECORODOVIAS CONCESSÕES E SERVIÇOS S.A.;021903;ITR;150268;2025-07-30;http://www.rad.cvm.gov.br/ENETCONSULTA/frmDownloadDocumento.aspx?CodigoInstituicao=1&NumeroSequencialDocumento=150268
08.873.873/0001-10;2025-09-30;1;ECORODOVIAS CONCESSÕES E SERVIÇOS S.A.;021903;ITR;152941;2025-11-11;http://www.rad.cvm.gov.br/ENETCONSULTA/frmDownloadDocumento.aspx?CodigoInstituicao=1&NumeroSequencialDocumento=152941
08.902.291/0001-15;2025-03-31;1;CSN MINERAÇÃO S.A.;025585;ITR;147174;2025-05-08;http://www.rad.cvm.gov.br/ENETCONSULTA/frmDownloadDocumento.aspx?CodigoInstituicao=1&NumeroSequencialDocumento=147174
08.902.291/0001-15;2025-06-30;1;CSN MINERAÇÃO S.A.;025585;ITR;150531;2025-07-31;http://www.rad.cvm.gov.br/ENETCONSULTA/frmDownloadDocumento.aspx?CodigoInstituicao=1&NumeroSequencialDocumento=150531
08.902.291/0001-15;2025-09-30;1;CSN MINERAÇÃO S.A.;025585;ITR;152663;2025-11-04;http://www.rad.cvm.gov.br/ENETCONSULTA/frmDownloadDocumento.aspx?CodigoInstituicao=1&NumeroSequencialDocumento=152663
08.926.302/0001-05;2025-03-31;1;PRIO FORTE S.A.;027740;ITR;147791;2025-05-15;http://www.rad.cvm.gov.br/ENETCONSULTA/frmDownloadDocumento.aspx?CodigoInstituicao=1&NumeroSequencialDocumento=147791
08.926.302/0001-05;2025-06-30;1;PRIO FORTE S.A.;027740;ITR;151293;2025-08-14;http://www.rad.cvm.gov.br/ENETCONSULTA/frmDownloadDocumento.aspx?CodigoInstituicao=1&NumeroSequencialDocumento=151293
08.926.302/0001-05;2025-09-30;1;PRIO FORTE S.A.;027740;ITR;153405;2025-11-14;http://www.rad.cvm.gov.br/ENETCONSULTA/frmDownloadDocumento.aspx?CodigoInstituicao=1&NumeroSequencialDocumento=153405
08.935.054/0001-50;2025-03-31;1;MULTINER S/A;021520;ITR;147954;2025-05-15;http://www.rad.cvm.gov.br/ENETCONSULTA/frmDownloadDocumento.aspx?CodigoInstituicao=1&NumeroSequencialDocumento=147954
08.935.054/0001-50;2025-06-30;1;MULTINER S/A;021520;ITR;151393;2025-08-14;http://www.rad.cvm.gov.br/ENETCONSULTA/frmDownloadDocumento.aspx?CodigoInstituicao=1&NumeroSequencialDocumento=151393
08.935.054/0001-50;2025-09-30;1;MULTINER S/A;021520;ITR;153322;2025-11-14;http://www.rad.cvm.gov.br/ENETCONSULTA/frmDownloadDocumento.aspx?CodigoInstituicao=1&NumeroSequencialDocumento=153322
08.937.002/0001-13;2025-06-30;1;VISION SECURITIZADORA S.A.;021075;ITR;151078;2025-08-13;http://www.rad.cvm.gov.br/ENETCONSULTA/frmDownloadDocumento.aspx?CodigoInstituicao=1&NumeroSequencialDocumento=151078
08.937.002/0001-13;2025-06-30;2;VISION SECURITIZADORA S.A.;021075;ITR;151103;2025-08-13;http://www.rad.cvm.gov.br/ENETCONSULTA/frmDownloadDocumento.aspx?CodigoInstituicao=1&NumeroSequencialDocumento=151103
08.937.002/0001-13;2025-09-30;1;VISION SECURITIZADORA S.A.;021075;ITR;153016;2025-11-12;http://www.rad.cvm.gov.br/ENETCONSULTA/frmDownloadDocumento.aspx?CodigoInstituicao=1&NumeroSequencialDocumento=153016
09.041.168/0001-10;2025-03-31;1;LOG COMMERCIAL PROPERTIES E PARTICIPAÇÕES;023272;ITR;146631;2025-04-29;http://www.rad.cvm.gov.br/ENETCONSULTA/frmDownloadDocumento.aspx?CodigoInstituicao=1&NumeroSequencialDocumento=146631
09.041.168/0001-10;2025-06-30;1;LOG COMMERCIAL PROPERTIES E PARTICIPAÇÕES;023272;ITR;150576;2025-08-04;http://www.rad.cvm.gov.br/ENETCONSULTA/frmDownloadDocumento.aspx?CodigoInstituicao=1&NumeroSequencialDocumento=150576
09.041.168/0001-10;2025-09-30;1;LOG COMMERCIAL PROPERTIES E PARTICIPAÇÕES;023272;ITR;152532;2025-10-29;http://www.rad.cvm.gov.br/ENETCONSULTA/frmDownloadDocumento.aspx?CodigoInstituicao=1&NumeroSequencialDocumento=152532
09.042.817/0001-05;2025-03-31;1;BEMOBI MOBILE TECH S.A.;025500;ITR;147496;2025-05-13;http://www.rad.cvm.gov.br/ENETCONSULTA/frmDownloadDocumento.aspx?CodigoInstituicao=1&NumeroSequencialDocumento=147496
09.042.817/0001-05;2025-03-31;2;BEMOBI MOBILE TECH S.A.;025500;ITR;148037;2025-05-19;http://www.rad.cvm.gov.br/ENETCONSULTA/frmDownloadDocumento.aspx?CodigoInstituicao=1&NumeroSequencialDocumento=148037
09.042.817/0001-05;2025-06-30;1;BEMOBI MOBILE TECH S.A.;025500;ITR;151263;2025-08-14;http://www.rad.cvm.gov.br/ENETCONSULTA/frmDownloadDocumento.aspx?CodigoInstituicao=1&NumeroSequencialDocumento=151263
09.042.817/0001-05;2025-09-30;1;BEMOBI MOBILE TECH S.A.;025500;ITR;153202;2025-11-13;http://www.rad.cvm.gov.br/ENETCONSULTA/frmDownloadDocumento.aspx?CodigoInstituicao=1&NumeroSequencialDocumento=153202
09.053.134/0001-45;2025-03-31;1;ELFA MEDICAMENTOS S.A.;025348;ITR;147931;2025-05-15;http://www.rad.cvm.gov.br/ENETCONSULTA/frmDownloadDocumento.aspx?CodigoInstituicao=1&NumeroSequencialDocumento=147931
09.053.134/0001-45;2025-03-31;2;ELFA MEDICAMENTOS S.A.;025348;ITR;147976;2025-05-16;http://www.rad.cvm.gov.br/ENETCONSULTA/frmDownloadDocumento.aspx?CodigoInstituicao=1&NumeroSequencialDocumento=147976
09.053.134/0001-45;2025-06-30;1;ELFA MEDICAMENTOS S.A.;025348;ITR;151158;2025-08-13;http://www.rad.cvm.gov.br/ENETCONSULTA/frmDownloadDocumento.aspx?CodigoInstituicao=1&NumeroSequencialDocumento=151158
09.053.134/0001-45;2025-09-30;1;ELFA MEDICAMENTOS S.A.;025348;ITR;153203;2025-11-13;http://www.rad.cvm.gov.br/ENETCONSULTA/frmDownloadDocumento.aspx?CodigoInstituicao=1&NumeroSequencialDocumento=153203
09.053.134/0001-45;2025-09-30;2;ELFA MEDICAMENTOS S.A.;025348;ITR;153255;2025-11-13;http://www.rad.cvm.gov.br/ENETCONSULTA/frmDownloadDocumento.aspx?CodigoInstituicao=1&NumeroSequencialDocumento=153255
09.054.385/0001-44;2025-03-31;1;INBRANDS S.A.;022560;ITR;147842;2025-05-15;http://www.rad.cvm.gov.br/ENETCONSULTA/frmDownloadDocumento.aspx?CodigoInstituicao=1&NumeroSequencialDocumento=147842
09.054.385/0001-44;2025-06-30;1;INBRANDS S.A.;022560;ITR;151299;2025-08-14;http://www.rad.cvm.gov.br/ENETCONSULTA/frmDownloadDocumento.aspx?CodigoInstituicao=1&NumeroSequencialDocumento=151299
09.054.385/0001-44;2025-09-30;1;INBRANDS S.A.;022560;ITR;153154;2025-11-13;http://www.rad.cvm.gov.br/ENETCONSULTA/frmDownloadDocumento.aspx?CodigoInstituicao=1&NumeroSequencialDocumento=153154
09.074.183/0001-64;2025-03-31;1;TRANSBRASILIANA CONCESSIONÁRIA DE RODOVIA S.A;022225;ITR;147230;2025-05-09;http://www.rad.cvm.gov.br/ENETCONSULTA/frmDownloadDocumento.aspx?CodigoInstituicao=1&NumeroSequencialDocumento=147230
09.074.183/0001-64;2025-06-30;1;TRANSBRASILIANA CONCESSIONÁRIA DE RODOVIA S.A;022225;ITR;150721;2025-08-07;http://www.rad.cvm.gov.br/ENETCONSULTA/frmDownloadDocumento.aspx?CodigoInstituicao=1&NumeroSequencialDocumento=150721
09.074.183/0001-64;2025-09-30;1;TRANSBRASILIANA CONCESSIONÁRIA DE RODOVIA S.A;022225;ITR;152451;2025-10-23;http://www.rad.cvm.gov.br/ENETCONSULTA/frmDownloadDocumento.aspx?CodigoInstituicao=1&NumeroSequencialDocumento=152451
09.095.183/0001-40;2025-03-31;1;ENERGISA PARAÍBA - DISTRIBUIDORA DE ENERGIA S/A;021938;ITR;147156;2025-05-08;http://www.rad.cvm.gov.br/ENETCONSULTA/frmDownloadDocumento.aspx?CodigoInstituicao=1&NumeroSequencialDocumento=147156
09.095.183/0001-40;2025-06-30;1;ENERGISA PARAÍBA - DISTRIBUIDORA DE ENERGIA S/A;021938;ITR;150763;2025-08-07;http://www.rad.cvm.gov.br/ENETCONSULTA/frmDownloadDocumento.aspx?CodigoInstituicao=1&NumeroSequencialDocumento=150763
09.095.183/0001-40;2025-09-30;1;ENERGISA PARAÍBA - DISTRIBUIDORA DE ENERGIA S/A;021938;ITR;152751;2025-11-06;http://www.rad.cvm.gov.br/ENETCONSULTA/frmDownloadDocumento.aspx?CodigoInstituicao=1&NumeroSequencialDocumento=152751
09.112.685/0001-32;2025-03-31;1;OSX BRASIL S.A. - EM RECUPERAÇÃO JUDICIAL;021342;ITR;147535;2025-05-13;http://www.rad.cvm.gov.br/ENETCONSULTA/frmDownloadDocumento.aspx?CodigoInstituicao=1&NumeroSequencialDocumento=147535
09.112.685/0001-32;2025-06-30;1;OSX BRASIL S.A. - EM RECUPERAÇÃO JUDICIAL;021342;ITR;151288;2025-08-14;http://www.rad.cvm.gov.br/ENETCONSULTA/frmDownloadDocumento.aspx?CodigoInstituicao=1&NumeroSequencialDocumento=151288
09.112.685/0001-32;2025-09-30;1;OSX BRASIL S.A. - EM RECUPERAÇÃO JUDICIAL;021342;ITR;153031;2025-11-12;http://www.rad.cvm.gov.br/ENETCONSULTA/frmDownloadDocumento.aspx?CodigoInstituicao=1&NumeroSequencialDocumento=153031
09.114.805/0001-30;2025-03-31;1;OCEANPACT SERVIÇOS MARITIMOS S.A.;025534;ITR;147423;2025-05-12;http://www.rad.cvm.gov.br/ENETCONSULTA/frmDownloadDocumento.aspx?CodigoInstituicao=1&NumeroSequencialDocumento=147423
09.114.805/0001-30;2025-06-30;1;OCEANPACT SERVIÇOS MARITIMOS S.A.;025534;ITR;151115;2025-08-13;http://www.rad.cvm.gov.br/ENETCONSULTA/frmDownloadDocumento.aspx?CodigoInstituicao=1&NumeroSequencialDocumento=151115
09.114.805/0001-30;2025-06-30;2;OCEANPACT SERVIÇOS MARITIMOS S.A.;025534;ITR;151125;2025-08-13;http://www.rad.cvm.gov.br/ENETCONSULTA/frmDownloadDocumento.aspx?CodigoInstituicao=1&NumeroSequencialDocumento=151125
09.114.805/0001-30;2025-09-30;1;OCEANPACT SERVIÇOS MARITIMOS S.A.;025534;ITR;153034;2025-11-12;http://www.rad.cvm.gov.br/ENETCONSULTA/frmDownloadDocumento.aspx?CodigoInstituicao=1&NumeroSequencialDocumento=153034
09.116.278/0001-01;2025-03-31;1;CONPEL CIA NORDESTINA PAPEL - EM RECUPERAÇÃO JUDICIAL;004685;ITR;147612;2025-05-14;http://www.rad.cvm.gov.br/ENETCONSULTA/frmDownloadDocumento.aspx?CodigoInstituicao=1&NumeroSequencialDocumento=147612
09.116.278/0001-01;2025-06-30;1;CONPEL CIA NORDESTINA PAPEL - EM RECUPERAÇÃO JUDICIAL;004685;ITR;150850;2025-08-11;http://www.rad.cvm.gov.br/ENETCONSULTA/frmDownloadDocumento.aspx?CodigoInstituicao=1&NumeroSequencialDocumento=150850
09.146.451/0001-06;2025-03-31;1;KALLAS INCORPORAÇÕES E CONSTRUÇÕES S.A.;025798;ITR;147620;2025-05-14;http://www.rad.cvm.gov.br/ENETCONSULTA/frmDownloadDocumento.aspx?CodigoInstituicao=1&NumeroSequencialDocumento=147620
09.146.451/0001-06;2025-06-30;1;KALLAS INCORPORAÇÕES E CONSTRUÇÕES S.A.;025798;ITR;150715;2025-08-07;http://www.rad.cvm.gov.br/ENETCONSULTA/frmDownloadDocumento.aspx?CodigoInstituicao=1&NumeroSequencialDocumento=150715
09.146.451/0001-06;2025-09-30;1;KALLAS INCORPORAÇÕES E CONSTRUÇÕES S.A.;025798;ITR;152831;2025-11-07;http://www.rad.cvm.gov.br/ENETCONSULTA/frmDownloadDocumento.aspx?CodigoInstituicao=1&NumeroSequencialDocumento=152831
09.149.503/0001-06;2025-03-31;1;SERENA GERAÇÃO S.A.;023426;ITR;147895;2025-05-15;http://www.rad.cvm.gov.br/ENETCONSULTA/frmDownloadDocumento.aspx?CodigoInstituicao=1&NumeroSequencialDocumento=147895
09.149.503/0001-06;2025-06-30;1;SERENA GERAÇÃO S.A.;023426;ITR;151467;2025-08-15;http://www.rad.cvm.gov.br/ENETCONSULTA/frmDownloadDocumento.aspx?CodigoInstituicao=1&NumeroSequencialDocumento=151467
09.149.503/0001-06;2025-09-30;1;SERENA GERAÇÃO S.A.;023426;ITR;153388;2025-11-14;http://www.rad.cvm.gov.br/ENETCONSULTA/frmDownloadDocumento.aspx?CodigoInstituicao=1&NumeroSequencialDocumento=153388
09.229.201/0001-30;2025-03-31;1;GPS PARTICIPAÇÕES E EMPREENDIMENTOS S.A.;025712;ITR;147144;2025-05-08;http://www.rad.cvm.gov.br/ENETCONSULTA/frmDownloadDocumento.aspx?CodigoInstituicao=1&NumeroSequencialDocumento=147144
09.229.201/0001-30;2025-06-30;1;GPS PARTICIPAÇÕES E EMPREENDIMENTOS S.A.;025712;ITR;150982;2025-08-12;http://www.rad.cvm.gov.br/ENETCONSULTA/frmDownloadDocumento.aspx?CodigoInstituicao=1&NumeroSequencialDocumento=150982
09.229.201/0001-30;2025-09-30;1;GPS PARTICIPAÇÕES E EMPREENDIMENTOS S.A.;025712;ITR;153080;2025-11-12;http://www.rad.cvm.gov.br/ENETCONSULTA/frmDownloadDocumento.aspx?CodigoInstituicao=1&NumeroSequencialDocumento=153080
09.257.877/0001-37;2025-03-31;1;FERROVIA NORTE SUL S/A;021814;ITR;147618;2025-05-14;http://www.rad.cvm.gov.br/ENETCONSULTA/frmDownloadDocumento.aspx?CodigoInstituicao=1&NumeroSequencialDocumento=147618
09.257.877/0001-37;2025-06-30;1;FERROVIA NORTE SUL S/A;021814;ITR;151191;2025-08-14;http://www.rad.cvm.gov.br/ENETCONSULTA/frmDownloadDocumento.aspx?CodigoInstituicao=1&NumeroSequencialDocumento=151191
09.257.877/0001-37;2025-09-30;1;FERROVIA NORTE SUL S/A;021814;ITR;153789;2025-12-10;http://www.rad.cvm.gov.br/ENETCONSULTA/frmDownloadDocumento.aspx?CodigoInstituicao=1&NumeroSequencialDocumento=153789
09.288.252/0001-32;2025-03-31;1;ANIMA HOLDING S.A.;023248;ITR;147105;2025-05-08;http://www.rad.cvm.gov.br/ENETCONSULTA/frmDownloadDocumento.aspx?CodigoInstituicao=1&NumeroSequencialDocumento=147105
09.288.252/0001-32;2025-06-30;1;ANIMA HOLDING S.A.;023248;ITR;150723;2025-08-07;http://www.rad.cvm.gov.br/ENETCONSULTA/frmDownloadDocumento.aspx?CodigoInstituicao=1&NumeroSequencialDocumento=150723
09.288.252/0001-32;2025-09-30;1;ANIMA HOLDING S.A.;023248;ITR;152766;2025-11-06;http://www.rad.cvm.gov.br/ENETCONSULTA/frmDownloadDocumento.aspx?CodigoInstituicao=1&NumeroSequencialDocumento=152766
09.295.063/0001-97;2025-03-31;1;TECHNOS S.A.;022519;ITR;147432;2025-05-12;http://www.rad.cvm.gov.br/ENETCONSULTA/frmDownloadDocumento.aspx?CodigoInstituicao=1&NumeroSequencialDocumento=147432
09.295.063/0001-97;2025-06-30;1;TECHNOS S.A.;022519;ITR;150859;2025-08-11;http://www.rad.cvm.gov.br/ENETCONSULTA/frmDownloadDocumento.aspx?CodigoInstituicao=1&NumeroSequencialDocumento=150859
09.295.063/0001-97;2025-09-30;1;TECHNOS S.A.;022519;ITR;152873;2025-11-10;http://www.rad.cvm.gov.br/ENETCONSULTA/frmDownloadDocumento.aspx?CodigoInstituicao=1&NumeroSequencialDocumento=152873
09.295.063/0001-97;2025-09-30;2;TECHNOS S.A.;022519;ITR;152875;2025-11-10;http://www.rad.cvm.gov.br/ENETCONSULTA/frmDownloadDocumento.aspx?CodigoInstituicao=1&NumeroSequencialDocumento=152875
09.304.427/0001-58;2025-03-31;1;HABITASEC SECURITIZADORA SA;021628;ITR;147332;2025-05-12;http://www.rad.cvm.gov.br/ENETCONSULTA/frmDownloadDocumento.aspx?CodigoInstituicao=1&NumeroSequencialDocumento=147332
09.304.427/0001-58;2025-06-30;1;HABITASEC SECURITIZADORA SA;021628;ITR;150837;2025-08-11;http://www.rad.cvm.gov.br/ENETCONSULTA/frmDownloadDocumento.aspx?CodigoInstituicao=1&NumeroSequencialDocumento=150837
09.304.427/0001-58;2025-09-30;1;HABITASEC SECURITIZADORA SA;021628;ITR;152892;2025-11-10;http://www.rad.cvm.gov.br/ENETCONSULTA/frmDownloadDocumento.aspx?CodigoInstituicao=1&NumeroSequencialDocumento=152892
09.305.994/0001-29;2025-03-31;1;AZUL S.A.;024112;ITR;147565;2025-05-14;http://www.rad.cvm.gov.br/ENETCONSULTA/frmDownloadDocumento.aspx?CodigoInstituicao=1&NumeroSequencialDocumento=147565
09.305.994/0001-29;2025-06-30;1;AZUL S.A.;024112;ITR;151354;2025-08-14;http://www.rad.cvm.gov.br/ENETCONSULTA/frmDownloadDocumento.aspx?CodigoInstituicao=1&NumeroSequencialDocumento=151354
09.305.994/0001-29;2025-09-30;1;AZUL S.A.;024112;ITR;153272;2025-11-14;http://www.rad.cvm.gov.br/ENETCONSULTA/frmDownloadDocumento.aspx?CodigoInstituicao=1&NumeroSequencialDocumento=153272
09.313.969/0001-97;2025-03-31;1;AUTOPISTA LITORAL SUL;021997;ITR;147731;2025-05-15;http://www.rad.cvm.gov.br/ENETCONSULTA/frmDownloadDocumento.aspx?CodigoInstituicao=1&NumeroSequencialDocumento=147731
09.313.969/0001-97;2025-06-30;1;AUTOPISTA LITORAL SUL;021997;ITR;151303;2025-08-14;http://www.rad.cvm.gov.br/ENETCONSULTA/frmDownloadDocumento.aspx?CodigoInstituicao=1&NumeroSequencialDocumento=151303
09.313.969/0001-97;2025-09-30;1;AUTOPISTA LITORAL SUL;021997;ITR;153246;2025-11-13;http://www.rad.cvm.gov.br/ENETCONSULTA/frmDownloadDocumento.aspx?CodigoInstituicao=1&NumeroSequencialDocumento=153246
09.324.949/0001-11;2025-03-31;1;AUTOPISTA FLUMINENSE SA;022004;ITR;147813;2025-05-15;http://www.rad.cvm.gov.br/ENETCONSULTA/frmDownloadDocumento.aspx?CodigoInstituicao=1&NumeroSequencialDocumento=147813
09.324.949/0001-11;2025-06-30;1;AUTOPISTA FLUMINENSE SA;022004;ITR;151294;2025-08-14;http://www.rad.cvm.gov.br/ENETCONSULTA/frmDownloadDocumento.aspx?CodigoInstituicao=1&NumeroSequencialDocumento=151294
09.324.949/0001-11;2025-09-30;1;AUTOPISTA FLUMINENSE SA;022004;ITR;153238;2025-11-13;http://www.rad.cvm.gov.br/ENETCONSULTA/frmDownloadDocumento.aspx?CodigoInstituicao=1&NumeroSequencialDocumento=153238
09.325.109/0001-73;2025-03-31;1;AUTOPISTA PLANALTO SUL SA;021970;ITR;147727;2025-05-15;http://www.rad.cvm.gov.br/ENETCONSULTA/frmDownloadDocumento.aspx?CodigoInstituicao=1&NumeroSequencialDocumento=147727
09.325.109/0001-73;2025-06-30;1;AUTOPISTA PLANALTO SUL SA;021970;ITR;151307;2025-08-14;http://www.rad.cvm.gov.br/ENETCONSULTA/frmDownloadDocumento.aspx?CodigoInstituicao=1&NumeroSequencialDocumento=151307
09.325.109/0001-73;2025-09-30;1;AUTOPISTA PLANALTO SUL SA;021970;ITR;153239;2025-11-13;http://www.rad.cvm.gov.br/ENETCONSULTA/frmDownloadDocumento.aspx?CodigoInstituicao=1&NumeroSequencialDocumento=153239
09.326.342/0001-70;2025-03-31;1;AUTOPISTA FERNÃO DIAS SA;021989;ITR;147728;2025-05-15;http://www.rad.cvm.gov.br/ENETCONSULTA/frmDownloadDocumento.aspx?CodigoInstituicao=1&NumeroSequencialDocumento=147728
09.326.342/0001-70;2025-06-30;1;AUTOPISTA FERNÃO DIAS SA;021989;ITR;151298;2025-08-14;http://www.rad.cvm.gov.br/ENETCONSULTA/frmDownloadDocumento.aspx?CodigoInstituicao=1&NumeroSequencialDocumento=151298
09.326.342/0001-70;2025-09-30;1;AUTOPISTA FERNÃO DIAS SA;021989;ITR;153242;2025-11-13;http://www.rad.cvm.gov.br/ENETCONSULTA/frmDownloadDocumento.aspx?CodigoInstituicao=1&NumeroSequencialDocumento=153242
09.336.431/0001-06;2025-03-31;1;AUTOPISTA REGIS BITTENCOURT SA;021962;ITR;147724;2025-05-15;http://www.rad.cvm.gov.br/ENETCONSULTA/frmDownloadDocumento.aspx?CodigoInstituicao=1&NumeroSequencialDocumento=147724
09.336.431/0001-06;2025-06-30;1;AUTOPISTA REGIS BITTENCOURT SA;021962;ITR;151309;2025-08-14;http://www.rad.cvm.gov.br/ENETCONSULTA/frmDownloadDocumento.aspx?CodigoInstituicao=1&NumeroSequencialDocumento=151309
09.336.431/0001-06;2025-09-30;1;AUTOPISTA REGIS BITTENCOURT SA;021962;ITR;153244;2025-11-13;http://www.rad.cvm.gov.br/ENETCONSULTA/frmDownloadDocumento.aspx?CodigoInstituicao=1&NumeroSequencialDocumento=153244
09.346.601/0001-25;2025-03-31;1;B3 S.A. - BRASIL, BOLSA, BALCÃO;021610;ITR;147132;2025-05-08;http://www.rad.cvm.gov.br/ENETCONSULTA/frmDownloadDocumento.aspx?CodigoInstituicao=1&NumeroSequencialDocumento=147132
09.346.601/0001-25;2025-06-30;1;B3 S.A. - BRASIL, BOLSA, BALCÃO;021610;ITR;150768;2025-08-07;http://www.rad.cvm.gov.br/ENETCONSULTA/frmDownloadDocumento.aspx?CodigoInstituicao=1&NumeroSequencialDocumento=150768
09.346.601/0001-25;2025-09-30;1;B3 S.A. - BRASIL, BOLSA, BALCÃO;021610;ITR;152968;2025-11-11;http://www.rad.cvm.gov.br/ENETCONSULTA/frmDownloadDocumento.aspx?CodigoInstituicao=1&NumeroSequencialDocumento=152968
09.347.516/0001-81;2025-03-31;1;ELETROMIDIA S.A.;025569;ITR;146981;2025-05-07;http://www.rad.cvm.gov.br/ENETCONSULTA/frmDownloadDocumento.aspx?CodigoInstituicao=1&NumeroSequencialDocumento=146981
09.359.927/0001-97;2025-03-31;1;ASA BRANCA HOLDING S.A.;026514;ITR;147689;2025-05-14;http://www.rad.cvm.gov.br/ENETCONSULTA/frmDownloadDocumento.aspx?CodigoInstituicao=1&NumeroSequencialDocumento=147689
09.359.927/0001-97;2025-06-30;1;ASA BRANCA HOLDING S.A.;026514;ITR;151149;2025-08-13;http://www.rad.cvm.gov.br/ENETCONSULTA/frmDownloadDocumento.aspx?CodigoInstituicao=1&NumeroSequencialDocumento=151149
09.359.927/0001-97;2025-09-30;1;ASA BRANCA HOLDING S.A.;026514;ITR;153218;2025-11-13;http://www.rad.cvm.gov.br/ENETCONSULTA/frmDownloadDocumento.aspx?CodigoInstituicao=1&NumeroSequencialDocumento=153218
09.391.823/0001-60;2025-03-31;1;SANTO ANTONIO ENERGIA S.A.;023388;ITR;147718;2025-05-14;http://www.rad.cvm.gov.br/ENETCONSULTA/frmDownloadDocumento.aspx?CodigoInstituicao=1&NumeroSequencialDocumento=147718
09.391.823/0001-60;2025-06-30;1;SANTO ANTONIO ENERGIA S.A.;023388;ITR;150695;2025-08-06;http://www.rad.cvm.gov.br/ENETCONSULTA/frmDownloadDocumento.aspx?CodigoInstituicao=1&NumeroSequencialDocumento=150695
09.391.823/0001-60;2025-09-30;1;SANTO ANTONIO ENERGIA S.A.;023388;ITR;152720;2025-11-05;http://www.rad.cvm.gov.br/ENETCONSULTA/frmDownloadDocumento.aspx?CodigoInstituicao=1&NumeroSequencialDocumento=152720
09.414.761/0001-64;2025-03-31;1;K-INFRA RODOVIA DO AÇO S.A.;022446;ITR;147836;2025-05-15;http://www.rad.cvm.gov.br/ENETCONSULTA/frmDownloadDocumento.aspx?CodigoInstituicao=1&NumeroSequencialDocumento=147836
09.414.761/0001-64;2025-06-30;1;K-INFRA RODOVIA DO AÇO S.A.;022446;ITR;151318;2025-08-14;http://www.rad.cvm.gov.br/ENETCONSULTA/frmDownloadDocumento.aspx?CodigoInstituicao=1&NumeroSequencialDocumento=151318
09.414.761/0001-64;2025-06-30;2;K-INFRA RODOVIA DO AÇO S.A.;022446;ITR;151579;2025-08-21;http://www.rad.cvm.gov.br/ENETCONSULTA/frmDownloadDocumento.aspx?CodigoInstituicao=1&NumeroSequencialDocumento=151579
09.478.309/0001-66;2025-03-31;1;BRASIL BIOFUELS S.A.;027375;ITR;147922;2025-05-15;http://www.rad.cvm.gov.br/ENETCONSULTA/frmDownloadDocumento.aspx?CodigoInstituicao=1&NumeroSequencialDocumento=147922
09.478.309/0001-66;2025-06-30;1;BRASIL BIOFUELS S.A.;027375;ITR;153184;2025-11-13;http://www.rad.cvm.gov.br/ENETCONSULTA/frmDownloadDocumento.aspx?CodigoInstituicao=1&NumeroSequencialDocumento=153184
09.478.309/0001-66;2025-09-30;1;BRASIL BIOFUELS S.A.;027375;ITR;153925;2025-12-19;http://www.rad.cvm.gov.br/ENETCONSULTA/frmDownloadDocumento.aspx?CodigoInstituicao=1&NumeroSequencialDocumento=153925
09.527.023/0001-23;2025-03-31;1;ENVIRONMENTAL ESG PARTICIPAÇÕES S.A.;026271;ITR;147965;2025-05-16;http://www.rad.cvm.gov.br/ENETCONSULTA/frmDownloadDocumento.aspx?CodigoInstituicao=1&NumeroSequencialDocumento=147965
09.527.023/0001-23;2025-06-30;1;ENVIRONMENTAL ESG PARTICIPAÇÕES S.A.;026271;ITR;151424;2025-08-14;http://www.rad.cvm.gov.br/ENETCONSULTA/frmDownloadDocumento.aspx?CodigoInstituicao=1&NumeroSequencialDocumento=151424
09.538.973/0001-53;2025-03-31;1;PDG COMPANHIA SECURITIZADORA;021644;ITR;147647;2025-05-14;http://www.rad.cvm.gov.br/ENETCONSULTA/frmDownloadDocumento.aspx?CodigoInstituicao=1&NumeroSequencialDocumento=147647
09.538.973/0001-53;2025-06-30;1;PDG COMPANHIA SECURITIZADORA;021644;ITR;150811;2025-08-08;http://www.rad.cvm.gov.br/ENETCONSULTA/frmDownloadDocumento.aspx?CodigoInstituicao=1&NumeroSequencialDocumento=150811
09.538.973/0001-53;2025-09-30;1;PDG COMPANHIA SECURITIZADORA;021644;ITR;153337;2025-11-14;http://www.rad.cvm.gov.br/ENETCONSULTA/frmDownloadDocumento.aspx?CodigoInstituicao=1&NumeroSequencialDocumento=153337
09.584.854/0001-37;2025-03-31;1;MANAUS TRANSMISSORA DE ENERGIA S.A;026719;ITR;147826;2025-05-15;http://www.rad.cvm.gov.br/ENETCONSULTA/frmDownloadDocumento.aspx?CodigoInstituicao=1&NumeroSequencialDocumento=147826
09.584.854/0001-37;2025-06-30;1;MANAUS TRANSMISSORA DE ENERGIA S.A;026719;ITR;151230;2025-08-14;http://www.rad.cvm.gov.br/ENETCONSULTA/frmDownloadDocumento.aspx?CodigoInstituicao=1&NumeroSequencialDocumento=151230
09.584.854/0001-37;2025-09-30;1;MANAUS TRANSMISSORA DE ENERGIA S.A;026719;ITR;153118;2025-11-13;http://www.rad.cvm.gov.br/ENETCONSULTA/frmDownloadDocumento.aspx?CodigoInstituicao=1&NumeroSequencialDocumento=153118
09.611.768/0001-76;2025-03-31;1;INC EMPREENDIMENTOS IMOBILIÁRIOS S.A.;024279;ITR;147732;2025-05-15;http://www.rad.cvm.gov.br/ENETCONSULTA/frmDownloadDocumento.aspx?CodigoInstituicao=1&NumeroSequencialDocumento=147732
09.611.768/0001-76;2025-06-30;1;INC EMPREENDIMENTOS IMOBILIÁRIOS S.A.;024279;ITR;151473;2025-08-15;http://www.rad.cvm.gov.br/ENETCONSULTA/frmDownloadDocumento.aspx?CodigoInstituicao=1&NumeroSequencialDocumento=151473
09.611.768/0001-76;2025-09-30;1;INC EMPREENDIMENTOS IMOBILIÁRIOS S.A.;024279;ITR;152599;2025-11-01;http://www.rad.cvm.gov.br/ENETCONSULTA/frmDownloadDocumento.aspx?CodigoInstituicao=1&NumeroSequencialDocumento=152599
09.611.768/0001-76;2025-09-30;2;INC EMPREENDIMENTOS IMOBILIÁRIOS S.A.;024279;ITR;153819;2025-12-12;http://www.rad.cvm.gov.br/ENETCONSULTA/frmDownloadDocumento.aspx?CodigoInstituicao=1&NumeroSequencialDocumento=153819
09.625.321/0001-56;2025-03-31;1;NORTE BRASIL TRANSMISSORA DE ENERGIA S.A.;024988;ITR;147833;2025-05-15;http://www.rad.cvm.gov.br/ENETCONSULTA/frmDownloadDocumento.aspx?CodigoInstituicao=1&NumeroSequencialDocumento=147833
09.625.321/0001-56;2025-06-30;1;NORTE BRASIL TRANSMISSORA DE ENERGIA S.A.;024988;ITR;151228;2025-08-14;http://www.rad.cvm.gov.br/ENETCONSULTA/frmDownloadDocumento.aspx?CodigoInstituicao=1&NumeroSequencialDocumento=151228
09.625.321/0001-56;2025-09-30;1;NORTE BRASIL TRANSMISSORA DE ENERGIA S.A.;024988;ITR;153117;2025-11-13;http://www.rad.cvm.gov.br/ENETCONSULTA/frmDownloadDocumento.aspx?CodigoInstituicao=1&NumeroSequencialDocumento=153117
09.813.204/0001-16;2025-03-31;1;W2W E-COMMERCE DE VINHOS S.A.;025852;ITR;147854;2025-05-15;http://www.rad.cvm.gov.br/ENETCONSULTA/frmDownloadDocumento.aspx?CodigoInstituicao=1&NumeroSequencialDocumento=147854
09.813.204/0001-16;2025-06-30;1;W2W E-COMMERCE DE VINHOS S.A.;025852;ITR;151323;2025-08-14;http://www.rad.cvm.gov.br/ENETCONSULTA/frmDownloadDocumento.aspx?CodigoInstituicao=1&NumeroSequencialDocumento=151323
09.813.204/0001-16;2025-09-30;1;W2W E-COMMERCE DE VINHOS S.A.;025852;ITR;153166;2025-11-13;http://www.rad.cvm.gov.br/ENETCONSULTA/frmDownloadDocumento.aspx?CodigoInstituicao=1&NumeroSequencialDocumento=153166
10.139.870/0001-08;2025-03-31;1;NEOGRID PARTICIPAÇÕES S.A.;025399;ITR;147942;2025-05-15;http://www.rad.cvm.gov.br/ENETCONSULTA/frmDownloadDocumento.aspx?CodigoInstituicao=1&NumeroSequencialDocumento=147942
10.139.870/0001-08;2025-06-30;1;NEOGRID PARTICIPAÇÕES S.A.;025399;ITR;150667;2025-08-06;http://www.rad.cvm.gov.br/ENETCONSULTA/frmDownloadDocumento.aspx?CodigoInstituicao=1&NumeroSequencialDocumento=150667
10.139.870/0001-08;2025-09-30;1;NEOGRID PARTICIPAÇÕES S.A.;025399;ITR;152691;2025-11-05;http://www.rad.cvm.gov.br/ENETCONSULTA/frmDownloadDocumento.aspx?CodigoInstituicao=1&NumeroSequencialDocumento=152691
10.158.356/0001-01;2025-03-31;1;CPX DISTRIBUIDORA S.A.;027839;ITR;147956;2025-05-15;http://www.rad.cvm.gov.br/ENETCONSULTA/frmDownloadDocumento.aspx?CodigoInstituicao=1&NumeroSequencialDocumento=147956
10.158.356/0001-01;2025-06-30;1;CPX DISTRIBUIDORA S.A.;027839;ITR;151429;2025-08-14;http://www.rad.cvm.gov.br/ENETCONSULTA/frmDownloadDocumento.aspx?CodigoInstituicao=1&NumeroSequencialDocumento=151429
10.158.356/0001-01;2025-09-30;1;CPX DISTRIBUIDORA S.A.;027839;ITR;153429;2025-11-14;http://www.rad.cvm.gov.br/ENETCONSULTA/frmDownloadDocumento.aspx?CodigoInstituicao=1&NumeroSequencialDocumento=153429
10.215.988/0001-60;2025-03-31;1;COMPANHIA DE LOCAÇÃO DAS AMÉRICAS;022691;ITR;147685;2025-05-14;http://www.rad.cvm.gov.br/ENETCONSULTA/frmDownloadDocumento.aspx?CodigoInstituicao=1&NumeroSequencialDocumento=147685
10.215.988/0001-60;2025-06-30;1;COMPANHIA DE LOCAÇÃO DAS AMÉRICAS;022691;ITR;151175;2025-08-13;http://www.rad.cvm.gov.br/ENETCONSULTA/frmDownloadDocumento.aspx?CodigoInstituicao=1&NumeroSequencialDocumento=151175
10.234.027/0001-00;2025-03-31;1;LINHAS DE MACAPÁ TRANSMISSORA DE ENERGIA S/A;023680;ITR;147148;2025-05-08;http://www.rad.cvm.gov.br/ENETCONSULTA/frmDownloadDocumento.aspx?CodigoInstituicao=1&NumeroSequencialDocumento=147148
10.234.027/0001-00;2025-06-30;1;LINHAS DE MACAPÁ TRANSMISSORA DE ENERGIA S/A;023680;ITR;150773;2025-08-07;http://www.rad.cvm.gov.br/ENETCONSULTA/frmDownloadDocumento.aspx?CodigoInstituicao=1&NumeroSequencialDocumento=150773
10.234.027/0001-00;2025-09-30;1;LINHAS DE MACAPÁ TRANSMISSORA DE ENERGIA S/A;023680;ITR;152769;2025-11-06;http://www.rad.cvm.gov.br/ENETCONSULTA/frmDownloadDocumento.aspx?CodigoInstituicao=1&NumeroSequencialDocumento=152769
10.240.186/0001-00;2025-03-31;1;LINHAS DE XINGU TRANSMISSORA DE ENERGIA S/A;023671;ITR;147149;2025-05-08;http://www.rad.cvm.gov.br/ENETCONSULTA/frmDownloadDocumento.aspx?CodigoInstituicao=1&NumeroSequencialDocumento=147149
10.240.186/0001-00;2025-06-30;1;LINHAS DE XINGU TRANSMISSORA DE ENERGIA S/A;023671;ITR;150767;2025-08-07;http://www.rad.cvm.gov.br/ENETCONSULTA/frmDownloadDocumento.aspx?CodigoInstituicao=1&NumeroSequencialDocumento=150767
10.240.186/0001-00;2025-09-30;1;LINHAS DE XINGU TRANSMISSORA DE ENERGIA S/A;023671;ITR;152768;2025-11-06;http://www.rad.cvm.gov.br/ENETCONSULTA/frmDownloadDocumento.aspx?CodigoInstituicao=1&NumeroSequencialDocumento=152768
10.319.900/0001-50;2025-03-31;1;REGENERA RIO S.A.;026921;ITR;147330;2025-05-12;http://www.rad.cvm.gov.br/ENETCONSULTA/frmDownloadDocumento.aspx?CodigoInstituicao=1&NumeroSequencialDocumento=147330
10.319.900/0001-50;2025-06-30;1;REGENERA RIO S.A.;026921;ITR;151083;2025-08-13;http://www.rad.cvm.gov.br/ENETCONSULTA/frmDownloadDocumento.aspx?CodigoInstituicao=1&NumeroSequencialDocumento=151083
10.319.900/0001-50;2025-09-30;1;REGENERA RIO S.A.;026921;ITR;153078;2025-11-12;http://www.rad.cvm.gov.br/ENETCONSULTA/frmDownloadDocumento.aspx?CodigoInstituicao=1&NumeroSequencialDocumento=153078
10.324.624/0001-18;2025-03-31;1;CONCESSÃO METROVIÁRIA DO RIO DE JANEIRO S.A.;022144;ITR;147851;2025-05-15;http://www.rad.cvm.gov.br/ENETCONSULTA/frmDownloadDocumento.aspx?CodigoInstituicao=1&NumeroSequencialDocumento=147851
10.324.624/0001-18;2025-06-30;1;CONCESSÃO METROVIÁRIA DO RIO DE JANEIRO S.A.;022144;ITR;151017;2025-08-12;http://www.rad.cvm.gov.br/ENETCONSULTA/frmDownloadDocumento.aspx?CodigoInstituicao=1&NumeroSequencialDocumento=151017
10.324.624/0001-18;2025-09-30;1;CONCESSÃO METROVIÁRIA DO RIO DE JANEIRO S.A.;022144;ITR;153196;2025-11-13;http://www.rad.cvm.gov.br/ENETCONSULTA/frmDownloadDocumento.aspx?CodigoInstituicao=1&NumeroSequencialDocumento=153196
10.338.320/0001-00;2025-03-31;1;AFLUENTE TRANSMISSÃO DE ENERGIA ELÉTRICA S/A;022179;ITR;146641;2025-04-29;http://www.rad.cvm.gov.br/ENETCONSULTA/frmDownloadDocumento.aspx?CodigoInstituicao=1&NumeroSequencialDocumento=146641
10.338.320/0001-00;2025-06-30;1;AFLUENTE TRANSMISSÃO DE ENERGIA ELÉTRICA S/A;022179;ITR;150063;2025-07-22;http://www.rad.cvm.gov.br/ENETCONSULTA/frmDownloadDocumento.aspx?CodigoInstituicao=1&NumeroSequencialDocumento=150063
10.338.320/0001-00;2025-09-30;1;AFLUENTE TRANSMISSÃO DE ENERGIA ELÉTRICA S/A;022179;ITR;152495;2025-10-27;http://www.rad.cvm.gov.br/ENETCONSULTA/frmDownloadDocumento.aspx?CodigoInstituicao=1&NumeroSequencialDocumento=152495
10.488.244/0001-19;2025-03-31;1;INFRASEC SECURITIZADORA S.A.;021750;ITR;147805;2025-05-15;http://www.rad.cvm.gov.br/ENETCONSULTA/frmDownloadDocumento.aspx?CodigoInstituicao=1&NumeroSequencialDocumento=147805
10.488.244/0001-19;2025-06-30;1;INFRASEC SECURITIZADORA S.A.;021750;ITR;151378;2025-08-14;http://www.rad.cvm.gov.br/ENETCONSULTA/frmDownloadDocumento.aspx?CodigoInstituicao=1&NumeroSequencialDocumento=151378
10.488.244/0001-19;2025-09-30;1;INFRASEC SECURITIZADORA S.A.;021750;ITR;153326;2025-11-14;http://www.rad.cvm.gov.br/ENETCONSULTA/frmDownloadDocumento.aspx?CodigoInstituicao=1&NumeroSequencialDocumento=153326
10.502.676/0001-37;2025-03-31;1;TERMELÉTRICA PERNAMBUCO III S.A.;023329;ITR;147712;2025-05-14;http://www.rad.cvm.gov.br/ENETCONSULTA/frmDownloadDocumento.aspx?CodigoInstituicao=1&NumeroSequencialDocumento=147712
10.502.676/0001-37;2025-06-30;1;TERMELÉTRICA PERNAMBUCO III S.A.;023329;ITR;151232;2025-08-14;http://www.rad.cvm.gov.br/ENETCONSULTA/frmDownloadDocumento.aspx?CodigoInstituicao=1&NumeroSequencialDocumento=151232
10.502.676/0001-37;2025-09-30;1;TERMELÉTRICA PERNAMBUCO III S.A.;023329;ITR;153023;2025-11-12;http://www.rad.cvm.gov.br/ENETCONSULTA/frmDownloadDocumento.aspx?CodigoInstituicao=1&NumeroSequencialDocumento=153023
10.531.501/0001-58;2025-03-31;1;CONC AUTO RAPOSO TAVARES S.A.;022268;ITR;147910;2025-05-15;http://www.rad.cvm.gov.br/ENETCONSULTA/frmDownloadDocumento.aspx?CodigoInstituicao=1&NumeroSequencialDocumento=147910
10.531.501/0001-58;2025-06-30;1;CONC AUTO RAPOSO TAVARES S.A.;022268;ITR;151420;2025-08-14;http://www.rad.cvm.gov.br/ENETCONSULTA/frmDownloadDocumento.aspx?CodigoInstituicao=1&NumeroSequencialDocumento=151420
10.531.501/0001-58;2025-09-30;1;CONC AUTO RAPOSO TAVARES S.A.;022268;ITR;153217;2025-11-13;http://www.rad.cvm.gov.br/ENETCONSULTA/frmDownloadDocumento.aspx?CodigoInstituicao=1&NumeroSequencialDocumento=153217
10.571.175/0001-02;2025-03-31;1;URBA DESENVOLVIMENTO URBANO S.A.;025437;ITR;147488;2025-05-13;http://www.rad.cvm.gov.br/ENETCONSULTA/frmDownloadDocumento.aspx?CodigoInstituicao=1&NumeroSequencialDocumento=147488
10.571.175/0001-02;2025-06-30;1;URBA DESENVOLVIMENTO URBANO S.A.;025437;ITR;151105;2025-08-13;http://www.rad.cvm.gov.br/ENETCONSULTA/frmDownloadDocumento.aspx?CodigoInstituicao=1&NumeroSequencialDocumento=151105
10.571.175/0001-02;2025-09-30;1;URBA DESENVOLVIMENTO URBANO S.A.;025437;ITR;153085;2025-11-12;http://www.rad.cvm.gov.br/ENETCONSULTA/frmDownloadDocumento.aspx?CodigoInstituicao=1&NumeroSequencialDocumento=153085
10.629.105/0001-68;2025-03-31;1;PRIO S.A.;022187;ITR;146892;2025-05-06;http://www.rad.cvm.gov.br/ENETCONSULTA/frmDownloadDocumento.aspx?CodigoInstituicao=1&NumeroSequencialDocumento=146892
10.629.105/0001-68;2025-06-30;1;PRIO S.A.;022187;ITR;150614;2025-08-05;http://www.rad.cvm.gov.br/ENETCONSULTA/frmDownloadDocumento.aspx?CodigoInstituicao=1&NumeroSequencialDocumento=150614
10.629.105/0001-68;2025-09-30;1;PRIO S.A.;022187;ITR;152656;2025-11-04;http://www.rad.cvm.gov.br/ENETCONSULTA/frmDownloadDocumento.aspx?CodigoInstituicao=1&NumeroSequencialDocumento=152656
10.635.691/0001-53;2025-03-31;1;VIARONDON CONCESSIONÁRIA DE RODOVIA S.A.;022543;ITR;147784;2025-05-15;http://www.rad.cvm.gov.br/ENETCONSULTA/frmDownloadDocumento.aspx?CodigoInstituicao=1&NumeroSequencialDocumento=147784
10.635.691/0001-53;2025-06-30;1;VIARONDON CONCESSIONÁRIA DE RODOVIA S.A.;022543;ITR;151237;2025-08-14;http://www.rad.cvm.gov.br/ENETCONSULTA/frmDownloadDocumento.aspx?CodigoInstituicao=1&NumeroSequencialDocumento=151237
10.635.691/0001-53;2025-09-30;1;VIARONDON CONCESSIONÁRIA DE RODOVIA S.A.;022543;ITR;153279;2025-11-14;http://www.rad.cvm.gov.br/ENETCONSULTA/frmDownloadDocumento.aspx?CodigoInstituicao=1&NumeroSequencialDocumento=153279
10.635.691/0001-53;2025-09-30;2;VIARONDON CONCESSIONÁRIA DE RODOVIA S.A.;022543;ITR;153288;2025-11-14;http://www.rad.cvm.gov.br/ENETCONSULTA/frmDownloadDocumento.aspx?CodigoInstituicao=1&NumeroSequencialDocumento=153288
10.647.979/0001-48;2025-03-31;1;CONC ROTA DAS BANDEIRAS S.A.;022071;ITR;147303;2025-05-09;http://www.rad.cvm.gov.br/ENETCONSULTA/frmDownloadDocumento.aspx?CodigoInstituicao=1&NumeroSequencialDocumento=147303
10.647.979/0001-48;2025-03-31;2;CONC ROTA DAS BANDEIRAS S.A.;022071;ITR;147563;2025-05-14;http://www.rad.cvm.gov.br/ENETCONSULTA/frmDownloadDocumento.aspx?CodigoInstituicao=1&NumeroSequencialDocumento=147563
10.647.979/0001-48;2025-06-30;1;CONC ROTA DAS BANDEIRAS S.A.;022071;ITR;150537;2025-07-31;http://www.rad.cvm.gov.br/ENETCONSULTA/frmDownloadDocumento.aspx?CodigoInstituicao=1&NumeroSequencialDocumento=150537
10.647.979/0001-48;2025-09-30;1;CONC ROTA DAS BANDEIRAS S.A.;022071;ITR;152597;2025-10-31;http://www.rad.cvm.gov.br/ENETCONSULTA/frmDownloadDocumento.aspx?CodigoInstituicao=1&NumeroSequencialDocumento=152597
10.670.314/0001-55;2025-03-31;1;VIABAHIA CONCESSIONÁRIA DE RODOVIAS SA;022926;ITR;147879;2025-05-15;http://www.rad.cvm.gov.br/ENETCONSULTA/frmDownloadDocumento.aspx?CodigoInstituicao=1&NumeroSequencialDocumento=147879
10.678.505/0001-63;2025-03-31;1;CONC RODOVIAS DO TIETÊ S.A.;022721;ITR;149486;2025-06-16;http://www.rad.cvm.gov.br/ENETCONSULTA/frmDownloadDocumento.aspx?CodigoInstituicao=1&NumeroSequencialDocumento=149486
10.678.505/0001-63;2025-03-31;2;CONC RODOVIAS DO TIETÊ S.A.;022721;ITR;149487;2025-06-16;http://www.rad.cvm.gov.br/ENETCONSULTA/frmDownloadDocumento.aspx?CodigoInstituicao=1&NumeroSequencialDocumento=149487
10.678.505/0001-63;2025-06-30;1;CONC RODOVIAS DO TIETÊ S.A.;022721;ITR;153849;2025-12-15;http://www.rad.cvm.gov.br/ENETCONSULTA/frmDownloadDocumento.aspx?CodigoInstituicao=1&NumeroSequencialDocumento=153849
10.678.505/0001-63;2025-09-30;1;CONC RODOVIAS DO TIETÊ S.A.;022721;ITR;153850;2025-12-15;http://www.rad.cvm.gov.br/ENETCONSULTA/frmDownloadDocumento.aspx?CodigoInstituicao=1&NumeroSequencialDocumento=153850
10.739.356/0001-03;2025-03-31;1;BRBI BR PARTNERS S.A;025860;ITR;147089;2025-05-08;http://www.rad.cvm.gov.br/ENETCONSULTA/frmDownloadDocumento.aspx?CodigoInstituicao=1&NumeroSequencialDocumento=147089
10.739.356/0001-03;2025-06-30;1;BRBI BR PARTNERS S.A;025860;ITR;150732;2025-08-07;http://www.rad.cvm.gov.br/ENETCONSULTA/frmDownloadDocumento.aspx?CodigoInstituicao=1&NumeroSequencialDocumento=150732
10.739.356/0001-03;2025-09-30;1;BRBI BR PARTNERS S.A;025860;ITR;152749;2025-11-06;http://www.rad.cvm.gov.br/ENETCONSULTA/frmDownloadDocumento.aspx?CodigoInstituicao=1&NumeroSequencialDocumento=152749
10.760.260/0001-19;2025-03-31;1;CVC BRASIL OPERADORA E AGÊNCIA DE VIAGENS S.A.;023310;ITR;147511;2025-05-13;http://www.rad.cvm.gov.br/ENETCONSULTA/frmDownloadDocumento.aspx?CodigoInstituicao=1&NumeroSequencialDocumento=147511
10.760.260/0001-19;2025-06-30;1;CVC BRASIL OPERADORA E AGÊNCIA DE VIAGENS S.A.;023310;ITR;150943;2025-08-12;http://www.rad.cvm.gov.br/ENETCONSULTA/frmDownloadDocumento.aspx?CodigoInstituicao=1&NumeroSequencialDocumento=150943
10.760.260/0001-19;2025-09-30;1;CVC BRASIL OPERADORA E AGÊNCIA DE VIAGENS S.A.;023310;ITR;152959;2025-11-11;http://www.rad.cvm.gov.br/ENETCONSULTA/frmDownloadDocumento.aspx?CodigoInstituicao=1&NumeroSequencialDocumento=152959
10.807.374/0001-77;2025-03-31;1;BOA SAFRA SEMENTES S.A.;025704;ITR;147546;2025-05-13;http://www.rad.cvm.gov.br/ENETCONSULTA/frmDownloadDocumento.aspx?CodigoInstituicao=1&NumeroSequencialDocumento=147546
10.807.374/0001-77;2025-06-30;1;BOA SAFRA SEMENTES S.A.;025704;ITR;150778;2025-08-07;http://www.rad.cvm.gov.br/ENETCONSULTA/frmDownloadDocumento.aspx?CodigoInstituicao=1&NumeroSequencialDocumento=150778
10.807.374/0001-77;2025-09-30;1;BOA SAFRA SEMENTES S.A.;025704;ITR;152984;2025-11-11;http://www.rad.cvm.gov.br/ENETCONSULTA/frmDownloadDocumento.aspx?CodigoInstituicao=1&NumeroSequencialDocumento=152984
10.807.374/0001-77;2025-09-30;2;BOA SAFRA SEMENTES S.A.;025704;ITR;152993;2025-11-11;http://www.rad.cvm.gov.br/ENETCONSULTA/frmDownloadDocumento.aspx?CodigoInstituicao=1&NumeroSequencialDocumento=152993
10.807.374/0001-77;2025-09-30;3;BOA SAFRA SEMENTES S.A.;025704;ITR;152998;2025-11-12;http://www.rad.cvm.gov.br/ENETCONSULTA/frmDownloadDocumento.aspx?CodigoInstituicao=1&NumeroSequencialDocumento=152998
10.835.932/0001-08;2025-03-31;1;CIA ENERGETICA DE PERNAMBUCO - CELPE;014362;ITR;146651;2025-04-29;http://www.rad.cvm.gov.br/ENETCONSULTA/frmDownloadDocumento.aspx?CodigoInstituicao=1&NumeroSequencialDocumento=146651
10.835.932/0001-08;2025-06-30;1;CIA ENERGETICA DE PERNAMBUCO - CELPE;014362;ITR;150060;2025-07-22;http://www.rad.cvm.gov.br/ENETCONSULTA/frmDownloadDocumento.aspx?CodigoInstituicao=1&NumeroSequencialDocumento=150060
10.835.932/0001-08;2025-09-30;1;CIA ENERGETICA DE PERNAMBUCO - CELPE;014362;ITR;152499;2025-10-27;http://www.rad.cvm.gov.br/ENETCONSULTA/frmDownloadDocumento.aspx?CodigoInstituicao=1&NumeroSequencialDocumento=152499
10.841.050/0001-55;2025-03-31;1;CONC ROD AYRTON SENNA E CARV PINTO S.A.-ECOPISTAS;022411;ITR;147092;2025-05-08;http://www.rad.cvm.gov.br/ENETCONSULTA/frmDownloadDocumento.aspx?CodigoInstituicao=1&NumeroSequencialDocumento=147092
10.841.050/0001-55;2025-06-30;1;CONC ROD AYRTON SENNA E CARV PINTO S.A.-ECOPISTAS;022411;ITR;150272;2025-07-30;http://www.rad.cvm.gov.br/ENETCONSULTA/frmDownloadDocumento.aspx?CodigoInstituicao=1&NumeroSequencialDocumento=150272
10.841.050/0001-55;2025-09-30;1;CONC ROD AYRTON SENNA E CARV PINTO S.A.-ECOPISTAS;022411;ITR;152946;2025-11-11;http://www.rad.cvm.gov.br/ENETCONSULTA/frmDownloadDocumento.aspx?CodigoInstituicao=1&NumeroSequencialDocumento=152946
11.284.204/0001-18;2025-03-31;1;YOU INC INCORPORADORA E PARTICIPAÇÕES S.A;023604;ITR;149298;2025-06-04;http://www.rad.cvm.gov.br/ENETCONSULTA/frmDownloadDocumento.aspx?CodigoInstituicao=1&NumeroSequencialDocumento=149298
11.284.204/0001-18;2025-06-30;1;YOU INC INCORPORADORA E PARTICIPAÇÕES S.A;023604;ITR;151596;2025-08-21;http://www.rad.cvm.gov.br/ENETCONSULTA/frmDownloadDocumento.aspx?CodigoInstituicao=1&NumeroSequencialDocumento=151596
11.284.204/0001-18;2025-09-30;1;YOU INC INCORPORADORA E PARTICIPAÇÕES S.A;023604;ITR;153511;2025-11-19;http://www.rad.cvm.gov.br/ENETCONSULTA/frmDownloadDocumento.aspx?CodigoInstituicao=1&NumeroSequencialDocumento=153511
11.421.994/0001-36;2025-03-31;1;ORIZON VALORIZAÇÃO DE RESÍDUOS S.A.;025550;ITR;147958;2025-05-15;http://www.rad.cvm.gov.br/ENETCONSULTA/frmDownloadDocumento.aspx?CodigoInstituicao=1&NumeroSequencialDocumento=147958
11.421.994/0001-36;2025-06-30;1;ORIZON VALORIZAÇÃO DE RESÍDUOS S.A.;025550;ITR;151401;2025-08-14;http://www.rad.cvm.gov.br/ENETCONSULTA/frmDownloadDocumento.aspx?CodigoInstituicao=1&NumeroSequencialDocumento=151401
11.421.994/0001-36;2025-09-30;1;ORIZON VALORIZAÇÃO DE RESÍDUOS S.A.;025550;ITR;153253;2025-11-13;http://www.rad.cvm.gov.br/ENETCONSULTA/frmDownloadDocumento.aspx?CodigoInstituicao=1&NumeroSequencialDocumento=153253
11.992.680/0001-93;2025-03-31;1;QUALICORP CONSULTORIA E CORRETORA DE SEGUROS S.A.;022497;ITR;147688;2025-05-14;http://www.rad.cvm.gov.br/ENETCONSULTA/frmDownloadDocumento.aspx?CodigoInstituicao=1&NumeroSequencialDocumento=147688
11.992.680/0001-93;2025-06-30;1;QUALICORP CONSULTORIA E CORRETORA DE SEGUROS S.A.;022497;ITR;151276;2025-08-14;http://www.rad.cvm.gov.br/ENETCONSULTA/frmDownloadDocumento.aspx?CodigoInstituicao=1&NumeroSequencialDocumento=151276
11.992.680/0001-93;2025-09-30;1;QUALICORP CONSULTORIA E CORRETORA DE SEGUROS S.A.;022497;ITR;153214;2025-11-13;http://www.rad.cvm.gov.br/ENETCONSULTA/frmDownloadDocumento.aspx?CodigoInstituicao=1&NumeroSequencialDocumento=153214
12.049.631/0001-84;2025-03-31;1;MOURA DUBEUX ENGENHARIA S/A;021067;ITR;147611;2025-05-14;http://www.rad.cvm.gov.br/ENETCONSULTA/frmDownloadDocumento.aspx?CodigoInstituicao=1&NumeroSequencialDocumento=147611
12.049.631/0001-84;2025-06-30;1;MOURA DUBEUX ENGENHARIA S/A;021067;ITR;151096;2025-08-13;http://www.rad.cvm.gov.br/ENETCONSULTA/frmDownloadDocumento.aspx?CodigoInstituicao=1&NumeroSequencialDocumento=151096
12.049.631/0001-84;2025-09-30;1;MOURA DUBEUX ENGENHARIA S/A;021067;ITR;153026;2025-11-12;http://www.rad.cvm.gov.br/ENETCONSULTA/frmDownloadDocumento.aspx?CodigoInstituicao=1&NumeroSequencialDocumento=153026
12.091.809/0001-55;2025-03-31;1;BRAVA ENERGIA S.A.;025291;ITR;147413;2025-05-12;http://www.rad.cvm.gov.br/ENETCONSULTA/frmDownloadDocumento.aspx?CodigoInstituicao=1&NumeroSequencialDocumento=147413
12.091.809/0001-55;2025-06-30;1;BRAVA ENERGIA S.A.;025291;ITR;150685;2025-08-06;http://www.rad.cvm.gov.br/ENETCONSULTA/frmDownloadDocumento.aspx?CodigoInstituicao=1&NumeroSequencialDocumento=150685
12.091.809/0001-55;2025-09-30;1;BRAVA ENERGIA S.A.;025291;ITR;152704;2025-11-05;http://www.rad.cvm.gov.br/ENETCONSULTA/frmDownloadDocumento.aspx?CodigoInstituicao=1&NumeroSequencialDocumento=152704
12.104.241/0004-02;2025-03-31;1;ONCOCLÍNICAS DO BRASIL SERVIÇOS MÉDICOS S.A.;026123;ITR;147919;2025-05-15;http://www.rad.cvm.gov.br/ENETCONSULTA/frmDownloadDocumento.aspx?CodigoInstituicao=1&NumeroSequencialDocumento=147919
12.104.241/0004-02;2025-06-30;1;ONCOCLÍNICAS DO BRASIL SERVIÇOS MÉDICOS S.A.;026123;ITR;151321;2025-08-14;http://www.rad.cvm.gov.br/ENETCONSULTA/frmDownloadDocumento.aspx?CodigoInstituicao=1&NumeroSequencialDocumento=151321
12.104.241/0004-02;2025-09-30;1;ONCOCLÍNICAS DO BRASIL SERVIÇOS MÉDICOS S.A.;026123;ITR;153419;2025-11-14;http://www.rad.cvm.gov.br/ENETCONSULTA/frmDownloadDocumento.aspx?CodigoInstituicao=1&NumeroSequencialDocumento=153419
12.108.897/0001-50;2025-03-31;1;D1000 VAREJO FARMA PARTICIPAÇÕES S.A.;025046;ITR;146804;2025-05-05;http://www.rad.cvm.gov.br/ENETCONSULTA/frmDownloadDocumento.aspx?CodigoInstituicao=1&NumeroSequencialDocumento=146804
12.108.897/0001-50;2025-06-30;1;D1000 VAREJO FARMA PARTICIPAÇÕES S.A.;025046;ITR;150302;2025-07-30;http://www.rad.cvm.gov.br/ENETCONSULTA/frmDownloadDocumento.aspx?CodigoInstituicao=1&NumeroSequencialDocumento=150302
12.108.897/0001-50;2025-09-30;1;D1000 VAREJO FARMA PARTICIPAÇÕES S.A.;025046;ITR;152537;2025-10-29;http://www.rad.cvm.gov.br/ENETCONSULTA/frmDownloadDocumento.aspx?CodigoInstituicao=1&NumeroSequencialDocumento=152537
12.181.987/0001-77;2025-03-31;1;MELNICK DESENVOLVIMENTO IMOBILIÁRIO S.A.;025119;ITR;147626;2025-05-14;http://www.rad.cvm.gov.br/ENETCONSULTA/frmDownloadDocumento.aspx?CodigoInstituicao=1&NumeroSequencialDocumento=147626
12.181.987/0001-77;2025-06-30;1;MELNICK DESENVOLVIMENTO IMOBILIÁRIO S.A.;025119;ITR;151123;2025-08-13;http://www.rad.cvm.gov.br/ENETCONSULTA/frmDownloadDocumento.aspx?CodigoInstituicao=1&NumeroSequencialDocumento=151123
12.181.987/0001-77;2025-09-30;1;MELNICK DESENVOLVIMENTO IMOBILIÁRIO S.A.;025119;ITR;152942;2025-11-11;http://www.rad.cvm.gov.br/ENETCONSULTA/frmDownloadDocumento.aspx?CodigoInstituicao=1&NumeroSequencialDocumento=152942
12.300.288/0001-07;2025-03-31;1;NORTE ENERGIA S.A.;025097;ITR;146535;2025-04-25;http://www.rad.cvm.gov.br/ENETCONSULTA/frmDownloadDocumento.aspx?CodigoInstituicao=1&NumeroSequencialDocumento=146535
12.300.288/0001-07;2025-06-30;1;NORTE ENERGIA S.A.;025097;ITR;150039;2025-07-21;http://www.rad.cvm.gov.br/ENETCONSULTA/frmDownloadDocumento.aspx?CodigoInstituicao=1&NumeroSequencialDocumento=150039
12.300.288/0001-07;2025-09-30;1;NORTE ENERGIA S.A.;025097;ITR;152409;2025-10-20;http://www.rad.cvm.gov.br/ENETCONSULTA/frmDownloadDocumento.aspx?CodigoInstituicao=1&NumeroSequencialDocumento=152409
12.420.164/0001-57;2025-03-31;1;CM HOSPITALAR S.A;025682;ITR;147532;2025-05-13;http://www.rad.cvm.gov.br/ENETCONSULTA/frmDownloadDocumento.aspx?CodigoInstituicao=1&NumeroSequencialDocumento=147532
12.420.164/0001-57;2025-06-30;1;CM HOSPITALAR S.A;025682;ITR;150967;2025-08-12;http://www.rad.cvm.gov.br/ENETCONSULTA/frmDownloadDocumento.aspx?CodigoInstituicao=1&NumeroSequencialDocumento=150967
12.420.164/0001-57;2025-09-30;1;CM HOSPITALAR S.A;025682;ITR;152983;2025-11-11;http://www.rad.cvm.gov.br/ENETCONSULTA/frmDownloadDocumento.aspx?CodigoInstituicao=1&NumeroSequencialDocumento=152983
12.489.315/0001-23;2025-03-31;1;FERREIRA GOMES ENERGIA S.A.;022977;ITR;146963;2025-05-07;http://www.rad.cvm.gov.br/ENETCONSULTA/frmDownloadDocumento.aspx?CodigoInstituicao=1&NumeroSequencialDocumento=146963
12.489.315/0001-23;2025-06-30;1;FERREIRA GOMES ENERGIA S.A.;022977;ITR;150572;2025-08-04;http://www.rad.cvm.gov.br/ENETCONSULTA/frmDownloadDocumento.aspx?CodigoInstituicao=1&NumeroSequencialDocumento=150572
12.489.315/0001-23;2025-09-30;1;FERREIRA GOMES ENERGIA S.A.;022977;ITR;152613;2025-11-03;http://www.rad.cvm.gov.br/ENETCONSULTA/frmDownloadDocumento.aspx?CodigoInstituicao=1&NumeroSequencialDocumento=152613
12.528.708/0001-07;2025-03-31;1;AERIS IND. E COM. DE EQUIP. PARA GER. DE ENG. S.A.;025283;ITR;146954;2025-05-07;http://www.rad.cvm.gov.br/ENETCONSULTA/frmDownloadDocumento.aspx?CodigoInstituicao=1&NumeroSequencialDocumento=146954
12.528.708/0001-07;2025-06-30;1;AERIS IND. E COM. DE EQUIP. PARA GER. DE ENG. S.A.;025283;ITR;150648;2025-08-06;http://www.rad.cvm.gov.br/ENETCONSULTA/frmDownloadDocumento.aspx?CodigoInstituicao=1&NumeroSequencialDocumento=150648
12.528.708/0001-07;2025-09-30;1;AERIS IND. E COM. DE EQUIP. PARA GER. DE ENG. S.A.;025283;ITR;152690;2025-11-05;http://www.rad.cvm.gov.br/ENETCONSULTA/frmDownloadDocumento.aspx?CodigoInstituicao=1&NumeroSequencialDocumento=152690
12.592.831/0001-89;2025-03-31;1;MNLT S.A.;026611;ITR;147960;2025-05-15;http://www.rad.cvm.gov.br/ENETCONSULTA/frmDownloadDocumento.aspx?CodigoInstituicao=1&NumeroSequencialDocumento=147960
12.592.831/0001-89;2025-06-30;1;MNLT S.A.;026611;ITR;150826;2025-08-08;http://www.rad.cvm.gov.br/ENETCONSULTA/frmDownloadDocumento.aspx?CodigoInstituicao=1&NumeroSequencialDocumento=150826
12.592.831/0001-89;2025-09-30;1;MNLT S.A.;026611;ITR;152825;2025-11-07;http://www.rad.cvm.gov.br/ENETCONSULTA/frmDownloadDocumento.aspx?CodigoInstituicao=1&NumeroSequencialDocumento=152825
12.648.266/0001-24;2025-03-31;1;AMBIPAR PARTICIPAÇÕES E EMPREENDIMENTOS S.A.;024961;ITR;147966;2025-05-16;http://www.rad.cvm.gov.br/ENETCONSULTA/frmDownloadDocumento.aspx?CodigoInstituicao=1&NumeroSequencialDocumento=147966
12.648.266/0001-24;2025-06-30;1;AMBIPAR PARTICIPAÇÕES E EMPREENDIMENTOS S.A.;024961;ITR;151195;2025-08-14;http://www.rad.cvm.gov.br/ENETCONSULTA/frmDownloadDocumento.aspx?CodigoInstituicao=1&NumeroSequencialDocumento=151195
12.648.327/0001-53;2025-03-31;1;HIDROVIAS DO BRASIL S.A.;022675;ITR;146794;2025-05-05;http://www.rad.cvm.gov.br/ENETCONSULTA/frmDownloadDocumento.aspx?CodigoInstituicao=1&NumeroSequencialDocumento=146794
12.648.327/0001-53;2025-06-30;1;HIDROVIAS DO BRASIL S.A.;022675;ITR;150883;2025-08-11;http://www.rad.cvm.gov.br/ENETCONSULTA/frmDownloadDocumento.aspx?CodigoInstituicao=1&NumeroSequencialDocumento=150883
12.648.327/0001-53;2025-09-30;1;HIDROVIAS DO BRASIL S.A.;022675;ITR;152871;2025-11-10;http://www.rad.cvm.gov.br/ENETCONSULTA/frmDownloadDocumento.aspx?CodigoInstituicao=1&NumeroSequencialDocumento=152871
12.919.786/0001-24;2025-03-31;1;TCP TERMINAL DE CONTEINERES DE PARANAGUA SA;024066;ITR;147834;2025-05-15;http://www.rad.cvm.gov.br/ENETCONSULTA/frmDownloadDocumento.aspx?CodigoInstituicao=1&NumeroSequencialDocumento=147834
13.009.717/0001-46;2025-03-31;1;BCO ESTADO DE SERGIPE S.A. - BANESE;001120;ITR;151346;2025-08-14;http://www.rad.cvm.gov.br/ENETCONSULTA/frmDownloadDocumento.aspx?CodigoInstituicao=1&NumeroSequencialDocumento=151346
13.009.717/0001-46;2025-06-30;1;BCO ESTADO DE SERGIPE S.A. - BANESE;001120;ITR;152087;2025-09-30;http://www.rad.cvm.gov.br/ENETCONSULTA/frmDownloadDocumento.aspx?CodigoInstituicao=1&NumeroSequencialDocumento=152087
13.009.717/0001-46;2025-09-30;1;BCO ESTADO DE SERGIPE S.A. - BANESE;001120;ITR;153362;2025-11-14;http://www.rad.cvm.gov.br/ENETCONSULTA/frmDownloadDocumento.aspx?CodigoInstituicao=1&NumeroSequencialDocumento=153362
13.017.462/0001-63;2025-03-31;1;ENERGISA SERGIPE - DISTRIBUIDORA DE ENERGIA S/A;018996;ITR;147152;2025-05-08;http://www.rad.cvm.gov.br/ENETCONSULTA/frmDownloadDocumento.aspx?CodigoInstituicao=1&NumeroSequencialDocumento=147152
13.017.462/0001-63;2025-06-30;1;ENERGISA SERGIPE - DISTRIBUIDORA DE ENERGIA S/A;018996;ITR;150765;2025-08-07;http://www.rad.cvm.gov.br/ENETCONSULTA/frmDownloadDocumento.aspx?CodigoInstituicao=1&NumeroSequencialDocumento=150765
13.017.462/0001-63;2025-09-30;1;ENERGISA SERGIPE - DISTRIBUIDORA DE ENERGIA S/A;018996;ITR;152752;2025-11-06;http://www.rad.cvm.gov.br/ENETCONSULTA/frmDownloadDocumento.aspx?CodigoInstituicao=1&NumeroSequencialDocumento=152752
13.217.485/0001-11;2025-03-31;1;GRUPO SBF S.A.;024694;ITR;147375;2025-05-12;http://www.rad.cvm.gov.br/ENETCONSULTA/frmDownloadDocumento.aspx?CodigoInstituicao=1&NumeroSequencialDocumento=147375
13.217.485/0001-11;2025-03-31;2;GRUPO SBF S.A.;024694;ITR;148795;2025-05-30;http://www.rad.cvm.gov.br/ENETCONSULTA/frmDownloadDocumento.aspx?CodigoInstituicao=1&NumeroSequencialDocumento=148795
13.217.485/0001-11;2025-06-30;1;GRUPO SBF S.A.;024694;ITR;150861;2025-08-11;http://www.rad.cvm.gov.br/ENETCONSULTA/frmDownloadDocumento.aspx?CodigoInstituicao=1&NumeroSequencialDocumento=150861
13.217.485/0001-11;2025-09-30;1;GRUPO SBF S.A.;024694;ITR;152877;2025-11-10;http://www.rad.cvm.gov.br/ENETCONSULTA/frmDownloadDocumento.aspx?CodigoInstituicao=1&NumeroSequencialDocumento=152877
13.270.520/0001-66;2025-03-31;1;KORA SAÚDE PARTICIPAÇÕES S.A.;025879;ITR;147939;2025-05-15;http://www.rad.cvm.gov.br/ENETCONSULTA/frmDownloadDocumento.aspx?CodigoInstituicao=1&NumeroSequencialDocumento=147939
13.270.520/0001-66;2025-06-30;1;KORA SAÚDE PARTICIPAÇÕES S.A.;025879;ITR;151177;2025-08-13;http://www.rad.cvm.gov.br/ENETCONSULTA/frmDownloadDocumento.aspx?CodigoInstituicao=1&NumeroSequencialDocumento=151177
13.270.520/0001-66;2025-09-30;1;KORA SAÚDE PARTICIPAÇÕES S.A.;025879;ITR;153223;2025-11-13;http://www.rad.cvm.gov.br/ENETCONSULTA/frmDownloadDocumento.aspx?CodigoInstituicao=1&NumeroSequencialDocumento=153223
13.444.994/0001-87;2025-03-31;1;MLOG S.A.;022586;ITR;147905;2025-05-15;http://www.rad.cvm.gov.br/ENETCONSULTA/frmDownloadDocumento.aspx?CodigoInstituicao=1&NumeroSequencialDocumento=147905
13.444.994/0001-87;2025-06-30;1;MLOG S.A.;022586;ITR;151155;2025-08-13;http://www.rad.cvm.gov.br/ENETCONSULTA/frmDownloadDocumento.aspx?CodigoInstituicao=1&NumeroSequencialDocumento=151155
13.444.994/0001-87;2025-09-30;1;MLOG S.A.;022586;ITR;153066;2025-11-12;http://www.rad.cvm.gov.br/ENETCONSULTA/frmDownloadDocumento.aspx?CodigoInstituicao=1&NumeroSequencialDocumento=153066
13.574.594/0001-96;2025-03-31;1;ZAMP SA;024317;ITR;147153;2025-05-08;http://www.rad.cvm.gov.br/ENETCONSULTA/frmDownloadDocumento.aspx?CodigoInstituicao=1&NumeroSequencialDocumento=147153
13.574.594/0001-96;2025-06-30;1;ZAMP SA;024317;ITR;150825;2025-08-08;http://www.rad.cvm.gov.br/ENETCONSULTA/frmDownloadDocumento.aspx?CodigoInstituicao=1&NumeroSequencialDocumento=150825
13.574.594/0001-96;2025-09-30;1;ZAMP SA;024317;ITR;152791;2025-11-06;http://www.rad.cvm.gov.br/ENETCONSULTA/frmDownloadDocumento.aspx?CodigoInstituicao=1&NumeroSequencialDocumento=152791
13.783.221/0004-78;2025-03-31;1;MADERO INDÚSTRIA E COMÉRCIO S.A.;026379;ITR;146580;2025-04-28;http://www.rad.cvm.gov.br/ENETCONSULTA/frmDownloadDocumento.aspx?CodigoInstituicao=1&NumeroSequencialDocumento=146580
13.783.221/0004-78;2025-06-30;1;MADERO INDÚSTRIA E COMÉRCIO S.A.;026379;ITR;150168;2025-07-28;http://www.rad.cvm.gov.br/ENETCONSULTA/frmDownloadDocumento.aspx?CodigoInstituicao=1&NumeroSequencialDocumento=150168
13.783.221/0004-78;2025-09-30;1;MADERO INDÚSTRIA E COMÉRCIO S.A.;026379;ITR;152477;2025-10-24;http://www.rad.cvm.gov.br/ENETCONSULTA/frmDownloadDocumento.aspx?CodigoInstituicao=1&NumeroSequencialDocumento=152477
14.110.585/0001-07;2025-03-31;1;MÉLIUZ S.A.;025232;ITR;147870;2025-05-15;http://www.rad.cvm.gov.br/ENETCONSULTA/frmDownloadDocumento.aspx?CodigoInstituicao=1&NumeroSequencialDocumento=147870
14.110.585/0001-07;2025-06-30;1;MÉLIUZ S.A.;025232;ITR;150779;2025-08-07;http://www.rad.cvm.gov.br/ENETCONSULTA/frmDownloadDocumento.aspx?CodigoInstituicao=1&NumeroSequencialDocumento=150779
14.110.585/0001-07;2025-09-30;1;MÉLIUZ S.A.;025232;ITR;152714;2025-11-05;http://www.rad.cvm.gov.br/ENETCONSULTA/frmDownloadDocumento.aspx?CodigoInstituicao=1&NumeroSequencialDocumento=152714
14.127.813/0001-51;2025-03-31;1;ARANDU INVESTIMENTOS S.A.;025887;ITR;154748;2026-02-12;http://www.rad.cvm.gov.br/ENETCONSULTA/frmDownloadDocumento.aspx?CodigoInstituicao=1&NumeroSequencialDocumento=154748
14.127.813/0001-51;2025-06-30;1;ARANDU INVESTIMENTOS S.A.;025887;ITR;155481;2026-03-18;http://www.rad.cvm.gov.br/ENETCONSULTA/frmDownloadDocumento.aspx?CodigoInstituicao=1&NumeroSequencialDocumento=155481
14.127.813/0001-51;2025-09-30;1;ARANDU INVESTIMENTOS S.A.;025887;ITR;156143;2026-04-10;http://www.rad.cvm.gov.br/ENETCONSULTA/frmDownloadDocumento.aspx?CodigoInstituicao=1&NumeroSequencialDocumento=156143
14.191.427/0001-29;2025-03-31;1;GRANBIO INVESTIMENTOS S.A.;025321;ITR;148319;2025-05-27;http://www.rad.cvm.gov.br/ENETCONSULTA/frmDownloadDocumento.aspx?CodigoInstituicao=1&NumeroSequencialDocumento=148319
14.191.427/0001-29;2025-06-30;1;GRANBIO INVESTIMENTOS S.A.;025321;ITR;151204;2025-08-14;http://www.rad.cvm.gov.br/ENETCONSULTA/frmDownloadDocumento.aspx?CodigoInstituicao=1&NumeroSequencialDocumento=151204
14.191.427/0001-29;2025-09-30;1;GRANBIO INVESTIMENTOS S.A.;025321;ITR;153134;2025-11-13;http://www.rad.cvm.gov.br/ENETCONSULTA/frmDownloadDocumento.aspx?CodigoInstituicao=1&NumeroSequencialDocumento=153134
14.292.540/0001-09;2025-03-31;1;BRAZIL TOWER, CESSÃO DE INFRA-ESTRUTURAS S.A;027316;ITR;147890;2025-05-15;http://www.rad.cvm.gov.br/ENETCONSULTA/frmDownloadDocumento.aspx?CodigoInstituicao=1&NumeroSequencialDocumento=147890
14.292.540/0001-09;2025-06-30;1;BRAZIL TOWER, CESSÃO DE INFRA-ESTRUTURAS S.A;027316;ITR;151216;2025-08-14;http://www.rad.cvm.gov.br/ENETCONSULTA/frmDownloadDocumento.aspx?CodigoInstituicao=1&NumeroSequencialDocumento=151216
14.292.540/0001-09;2025-09-30;1;BRAZIL TOWER, CESSÃO DE INFRA-ESTRUTURAS S.A;027316;ITR;153140;2025-11-13;http://www.rad.cvm.gov.br/ENETCONSULTA/frmDownloadDocumento.aspx?CodigoInstituicao=1&NumeroSequencialDocumento=153140
14.388.334/0001-99;2025-03-31;1;PARANA BCO S.A.;020729;ITR;147864;2025-05-15;http://www.rad.cvm.gov.br/ENETCONSULTA/frmDownloadDocumento.aspx?CodigoInstituicao=1&NumeroSequencialDocumento=147864
14.388.334/0001-99;2025-03-31;2;PARANA BCO S.A.;020729;ITR;156329;2026-04-23;http://www.rad.cvm.gov.br/ENETCONSULTA/frmDownloadDocumento.aspx?CodigoInstituicao=1&NumeroSequencialDocumento=156329
14.388.334/0001-99;2025-06-30;1;PARANA BCO S.A.;020729;ITR;151431;2025-08-14;http://www.rad.cvm.gov.br/ENETCONSULTA/frmDownloadDocumento.aspx?CodigoInstituicao=1&NumeroSequencialDocumento=151431
14.388.334/0001-99;2025-06-30;2;PARANA BCO S.A.;020729;ITR;153131;2025-11-13;http://www.rad.cvm.gov.br/ENETCONSULTA/frmDownloadDocumento.aspx?CodigoInstituicao=1&NumeroSequencialDocumento=153131
14.388.334/0001-99;2025-09-30;1;PARANA BCO S.A.;020729;ITR;153091;2025-11-12;http://www.rad.cvm.gov.br/ENETCONSULTA/frmDownloadDocumento.aspx?CodigoInstituicao=1&NumeroSequencialDocumento=153091
14.776.142/0001-50;2025-03-31;1;WESTWING COMÉRCIO VAREJISTA S.A.;025518;ITR;147622;2025-05-14;http://www.rad.cvm.gov.br/ENETCONSULTA/frmDownloadDocumento.aspx?CodigoInstituicao=1&NumeroSequencialDocumento=147622
14.776.142/0001-50;2025-06-30;1;WESTWING COMÉRCIO VAREJISTA S.A.;025518;ITR;151131;2025-08-13;http://www.rad.cvm.gov.br/ENETCONSULTA/frmDownloadDocumento.aspx?CodigoInstituicao=1&NumeroSequencialDocumento=151131
14.776.142/0001-50;2025-09-30;1;WESTWING COMÉRCIO VAREJISTA S.A.;025518;ITR;153174;2025-11-13;http://www.rad.cvm.gov.br/ENETCONSULTA/frmDownloadDocumento.aspx?CodigoInstituicao=1&NumeroSequencialDocumento=153174
14.785.152/0001-51;2025-03-31;1;HBR REALTY EMPREENDIMENTOS IMOBILIÁRIOS S.A.;025402;ITR;147110;2025-05-08;http://www.rad.cvm.gov.br/ENETCONSULTA/frmDownloadDocumento.aspx?CodigoInstituicao=1&NumeroSequencialDocumento=147110
14.785.152/0001-51;2025-06-30;1;HBR REALTY EMPREENDIMENTOS IMOBILIÁRIOS S.A.;025402;ITR;150720;2025-08-07;http://www.rad.cvm.gov.br/ENETCONSULTA/frmDownloadDocumento.aspx?CodigoInstituicao=1&NumeroSequencialDocumento=150720
14.785.152/0001-51;2025-09-30;1;HBR REALTY EMPREENDIMENTOS IMOBILIÁRIOS S.A.;025402;ITR;152757;2025-11-06;http://www.rad.cvm.gov.br/ENETCONSULTA/frmDownloadDocumento.aspx?CodigoInstituicao=1&NumeroSequencialDocumento=152757
14.807.945/0001-24;2025-03-31;1;SANSUY S.A. INDUSTRIA DE PLASTICOS;012696;ITR;146903;2025-05-07;http://www.rad.cvm.gov.br/ENETCONSULTA/frmDownloadDocumento.aspx?CodigoInstituicao=1&NumeroSequencialDocumento=146903
14.807.945/0001-24;2025-06-30;1;SANSUY S.A. INDUSTRIA DE PLASTICOS;012696;ITR;150716;2025-08-07;http://www.rad.cvm.gov.br/ENETCONSULTA/frmDownloadDocumento.aspx?CodigoInstituicao=1&NumeroSequencialDocumento=150716
14.807.945/0001-24;2025-09-30;1;SANSUY S.A. INDUSTRIA DE PLASTICOS;012696;ITR;152668;2025-11-05;http://www.rad.cvm.gov.br/ENETCONSULTA/frmDownloadDocumento.aspx?CodigoInstituicao=1&NumeroSequencialDocumento=152668
14.876.090/0001-93;2025-03-31;1;GAIA IMPACTO SECURITIZADORA S.A.;022764;ITR;147579;2025-05-14;http://www.rad.cvm.gov.br/ENETCONSULTA/frmDownloadDocumento.aspx?CodigoInstituicao=1&NumeroSequencialDocumento=147579
14.876.090/0001-93;2025-06-30;1;GAIA IMPACTO SECURITIZADORA S.A.;022764;ITR;150796;2025-08-08;http://www.rad.cvm.gov.br/ENETCONSULTA/frmDownloadDocumento.aspx?CodigoInstituicao=1&NumeroSequencialDocumento=150796
14.876.090/0001-93;2025-09-30;1;GAIA IMPACTO SECURITIZADORA S.A.;022764;ITR;152928;2025-11-11;http://www.rad.cvm.gov.br/ENETCONSULTA/frmDownloadDocumento.aspx?CodigoInstituicao=1&NumeroSequencialDocumento=152928
14.882.295/0001-81;2025-03-31;1;CBO HOLDING S.A.;023620;ITR;147934;2025-05-15;http://www.rad.cvm.gov.br/ENETCONSULTA/frmDownloadDocumento.aspx?CodigoInstituicao=1&NumeroSequencialDocumento=147934
14.882.295/0001-81;2025-06-30;1;CBO HOLDING S.A.;023620;ITR;151425;2025-08-14;http://www.rad.cvm.gov.br/ENETCONSULTA/frmDownloadDocumento.aspx?CodigoInstituicao=1&NumeroSequencialDocumento=151425
14.882.295/0001-81;2025-09-30;1;CBO HOLDING S.A.;023620;ITR;153428;2025-11-14;http://www.rad.cvm.gov.br/ENETCONSULTA/frmDownloadDocumento.aspx?CodigoInstituicao=1&NumeroSequencialDocumento=153428
14.998.371/0001-19;2025-03-31;1;J. MACEDO S.A.;021156;ITR;147253;2025-05-09;http://www.rad.cvm.gov.br/ENETCONSULTA/frmDownloadDocumento.aspx?CodigoInstituicao=1&NumeroSequencialDocumento=147253
14.998.371/0001-19;2025-06-30;1;J. MACEDO S.A.;021156;ITR;150809;2025-08-08;http://www.rad.cvm.gov.br/ENETCONSULTA/frmDownloadDocumento.aspx?CodigoInstituicao=1&NumeroSequencialDocumento=150809
14.998.371/0001-19;2025-09-30;1;J. MACEDO S.A.;021156;ITR;152810;2025-11-07;http://www.rad.cvm.gov.br/ENETCONSULTA/frmDownloadDocumento.aspx?CodigoInstituicao=1&NumeroSequencialDocumento=152810
15.073.274/0001-88;2025-03-31;1;PPLA PARTICIPATIONS LTD.;080152;ITR;147950;2025-05-15;http://www.rad.cvm.gov.br/ENETCONSULTA/frmDownloadDocumento.aspx?CodigoInstituicao=1&NumeroSequencialDocumento=147950
15.073.274/0001-88;2025-03-31;2;PPLA PARTICIPATIONS LTD.;080152;ITR;148388;2025-05-28;http://www.rad.cvm.gov.br/ENETCONSULTA/frmDownloadDocumento.aspx?CodigoInstituicao=1&NumeroSequencialDocumento=148388
15.073.274/0001-88;2025-06-30;1;PPLA PARTICIPATIONS LTD.;080152;ITR;151422;2025-08-14;http://www.rad.cvm.gov.br/ENETCONSULTA/frmDownloadDocumento.aspx?CodigoInstituicao=1&NumeroSequencialDocumento=151422
15.073.274/0001-88;2025-09-30;1;PPLA PARTICIPATIONS LTD.;080152;ITR;153414;2025-11-14;http://www.rad.cvm.gov.br/ENETCONSULTA/frmDownloadDocumento.aspx?CodigoInstituicao=1&NumeroSequencialDocumento=153414
15.090.690/0001-94;2025-03-31;1;CONCESSIONARIA ECOVIAS DO ARAGUAIA S.A.;026638;ITR;147099;2025-05-08;http://www.rad.cvm.gov.br/ENETCONSULTA/frmDownloadDocumento.aspx?CodigoInstituicao=1&NumeroSequencialDocumento=147099
15.090.690/0001-94;2025-06-30;1;CONCESSIONARIA ECOVIAS DO ARAGUAIA S.A.;026638;ITR;150280;2025-07-30;http://www.rad.cvm.gov.br/ENETCONSULTA/frmDownloadDocumento.aspx?CodigoInstituicao=1&NumeroSequencialDocumento=150280
15.090.690/0001-94;2025-09-30;1;CONCESSIONARIA ECOVIAS DO ARAGUAIA S.A.;026638;ITR;152954;2025-11-11;http://www.rad.cvm.gov.br/ENETCONSULTA/frmDownloadDocumento.aspx?CodigoInstituicao=1&NumeroSequencialDocumento=152954
15.114.494/0001-02;2025-03-31;1;CORREDOR LOGÍSTICA E INFRAESTRUTURA S.A.;027260;ITR;147274;2025-05-09;http://www.rad.cvm.gov.br/ENETCONSULTA/frmDownloadDocumento.aspx?CodigoInstituicao=1&NumeroSequencialDocumento=147274
15.114.494/0001-02;2025-06-30;1;CORREDOR LOGÍSTICA E INFRAESTRUTURA S.A.;027260;ITR;151121;2025-08-13;http://www.rad.cvm.gov.br/ENETCONSULTA/frmDownloadDocumento.aspx?CodigoInstituicao=1&NumeroSequencialDocumento=151121
15.114.494/0001-02;2025-09-30;1;CORREDOR LOGÍSTICA E INFRAESTRUTURA S.A.;027260;ITR;152988;2025-11-11;http://www.rad.cvm.gov.br/ENETCONSULTA/frmDownloadDocumento.aspx?CodigoInstituicao=1&NumeroSequencialDocumento=152988
15.115.504/0001-24;2025-03-31;1;TRONOX PIGMENTOS DO BRASIL S.A.;011398;ITR;147669;2025-05-14;http://www.rad.cvm.gov.br/ENETCONSULTA/frmDownloadDocumento.aspx?CodigoInstituicao=1&NumeroSequencialDocumento=147669
15.115.504/0001-24;2025-06-30;1;TRONOX PIGMENTOS DO BRASIL S.A.;011398;ITR;151194;2025-08-14;http://www.rad.cvm.gov.br/ENETCONSULTA/frmDownloadDocumento.aspx?CodigoInstituicao=1&NumeroSequencialDocumento=151194
15.115.504/0001-24;2025-09-30;1;TRONOX PIGMENTOS DO BRASIL S.A.;011398;ITR;153110;2025-11-13;http://www.rad.cvm.gov.br/ENETCONSULTA/frmDownloadDocumento.aspx?CodigoInstituicao=1&NumeroSequencialDocumento=153110
15.139.629/0001-94;2025-03-31;1;CIA ELETRICIDADE EST. DA BAHIA - COELBA;014524;ITR;146654;2025-04-29;http://www.rad.cvm.gov.br/ENETCONSULTA/frmDownloadDocumento.aspx?CodigoInstituicao=1&NumeroSequencialDocumento=146654
15.139.629/0001-94;2025-06-30;1;CIA ELETRICIDADE EST. DA BAHIA - COELBA;014524;ITR;150066;2025-07-22;http://www.rad.cvm.gov.br/ENETCONSULTA/frmDownloadDocumento.aspx?CodigoInstituicao=1&NumeroSequencialDocumento=150066
15.139.629/0001-94;2025-09-30;1;CIA ELETRICIDADE EST. DA BAHIA - COELBA;014524;ITR;152496;2025-10-27;http://www.rad.cvm.gov.br/ENETCONSULTA/frmDownloadDocumento.aspx?CodigoInstituicao=1&NumeroSequencialDocumento=152496
15.141.799/0001-03;2025-03-31;1;CIA FERRO LIGAS DA BAHIA - FERBASA;003069;ITR;147371;2025-05-12;http://www.rad.cvm.gov.br/ENETCONSULTA/frmDownloadDocumento.aspx?CodigoInstituicao=1&NumeroSequencialDocumento=147371
15.141.799/0001-03;2025-03-31;2;CIA FERRO LIGAS DA BAHIA - FERBASA;003069;ITR;148631;2025-05-30;http://www.rad.cvm.gov.br/ENETCONSULTA/frmDownloadDocumento.aspx?CodigoInstituicao=1&NumeroSequencialDocumento=148631
15.141.799/0001-03;2025-06-30;1;CIA FERRO LIGAS DA BAHIA - FERBASA;003069;ITR;150865;2025-08-11;http://www.rad.cvm.gov.br/ENETCONSULTA/frmDownloadDocumento.aspx?CodigoInstituicao=1&NumeroSequencialDocumento=150865
15.141.799/0001-03;2025-09-30;1;CIA FERRO LIGAS DA BAHIA - FERBASA;003069;ITR;152854;2025-11-10;http://www.rad.cvm.gov.br/ENETCONSULTA/frmDownloadDocumento.aspx?CodigoInstituicao=1&NumeroSequencialDocumento=152854
15.385.166/0001-40;2025-03-31;1;EQUIPAV SANEAMENTO S.A.;027642;ITR;147882;2025-05-15;http://www.rad.cvm.gov.br/ENETCONSULTA/frmDownloadDocumento.aspx?CodigoInstituicao=1&NumeroSequencialDocumento=147882
15.385.166/0001-40;2025-03-31;2;EQUIPAV SANEAMENTO S.A.;027642;ITR;153307;2025-11-14;http://www.rad.cvm.gov.br/ENETCONSULTA/frmDownloadDocumento.aspx?CodigoInstituicao=1&NumeroSequencialDocumento=153307
15.385.166/0001-40;2025-06-30;1;EQUIPAV SANEAMENTO S.A.;027642;ITR;151133;2025-08-13;http://www.rad.cvm.gov.br/ENETCONSULTA/frmDownloadDocumento.aspx?CodigoInstituicao=1&NumeroSequencialDocumento=151133
15.385.166/0001-40;2025-06-30;2;EQUIPAV SANEAMENTO S.A.;027642;ITR;153308;2025-11-14;http://www.rad.cvm.gov.br/ENETCONSULTA/frmDownloadDocumento.aspx?CodigoInstituicao=1&NumeroSequencialDocumento=153308
15.385.166/0001-40;2025-09-30;1;EQUIPAV SANEAMENTO S.A.;027642;ITR;153309;2025-11-14;http://www.rad.cvm.gov.br/ENETCONSULTA/frmDownloadDocumento.aspx?CodigoInstituicao=1&NumeroSequencialDocumento=153309
15.413.826/0001-50;2025-03-31;1;ENERGISA MATO GROSSO DO SUL - DIST DE ENERGIA S.A.;005576;ITR;147147;2025-05-08;http://www.rad.cvm.gov.br/ENETCONSULTA/frmDownloadDocumento.aspx?CodigoInstituicao=1&NumeroSequencialDocumento=147147
15.413.826/0001-50;2025-06-30;1;ENERGISA MATO GROSSO DO SUL - DIST DE ENERGIA S.A.;005576;ITR;150762;2025-08-07;http://www.rad.cvm.gov.br/ENETCONSULTA/frmDownloadDocumento.aspx?CodigoInstituicao=1&NumeroSequencialDocumento=150762
15.413.826/0001-50;2025-09-30;1;ENERGISA MATO GROSSO DO SUL - DIST DE ENERGIA S.A.;005576;ITR;152750;2025-11-06;http://www.rad.cvm.gov.br/ENETCONSULTA/frmDownloadDocumento.aspx?CodigoInstituicao=1&NumeroSequencialDocumento=152750
15.440.708/0001-30;2025-03-31;1;CONCESSIONÁRIA VIARIO S.A.;027405;ITR;147774;2025-05-15;http://www.rad.cvm.gov.br/ENETCONSULTA/frmDownloadDocumento.aspx?CodigoInstituicao=1&NumeroSequencialDocumento=147774
15.440.708/0001-30;2025-06-30;1;CONCESSIONÁRIA VIARIO S.A.;027405;ITR;150810;2025-08-08;http://www.rad.cvm.gov.br/ENETCONSULTA/frmDownloadDocumento.aspx?CodigoInstituicao=1&NumeroSequencialDocumento=150810
15.440.708/0001-30;2025-09-30;1;CONCESSIONÁRIA VIARIO S.A.;027405;ITR;152855;2025-11-10;http://www.rad.cvm.gov.br/ENETCONSULTA/frmDownloadDocumento.aspx?CodigoInstituicao=1&NumeroSequencialDocumento=152855
15.484.093/0001-44;2025-03-31;1;ECO101 CONCESSIONÁRIA DE RODOVIAS S.A.;023582;ITR;147093;2025-05-08;http://www.rad.cvm.gov.br/ENETCONSULTA/frmDownloadDocumento.aspx?CodigoInstituicao=1&NumeroSequencialDocumento=147093
15.484.093/0001-44;2025-06-30;1;ECO101 CONCESSIONÁRIA DE RODOVIAS S.A.;023582;ITR;150270;2025-07-30;http://www.rad.cvm.gov.br/ENETCONSULTA/frmDownloadDocumento.aspx?CodigoInstituicao=1&NumeroSequencialDocumento=150270
15.484.093/0001-44;2025-09-30;1;ECO101 CONCESSIONÁRIA DE RODOVIAS S.A.;023582;ITR;152945;2025-11-11;http://www.rad.cvm.gov.br/ENETCONSULTA/frmDownloadDocumento.aspx?CodigoInstituicao=1&NumeroSequencialDocumento=152945
15.494.541/0001-90;2025-03-31;1;SALUS INFRAESTRUTURA PORTUARIA SA;023540;ITR;146750;2025-05-05;http://www.rad.cvm.gov.br/ENETCONSULTA/frmDownloadDocumento.aspx?CodigoInstituicao=1&NumeroSequencialDocumento=146750
15.494.541/0001-90;2025-06-30;1;SALUS INFRAESTRUTURA PORTUARIA SA;023540;ITR;151079;2025-08-13;http://www.rad.cvm.gov.br/ENETCONSULTA/frmDownloadDocumento.aspx?CodigoInstituicao=1&NumeroSequencialDocumento=151079
15.494.541/0001-90;2025-09-30;1;SALUS INFRAESTRUTURA PORTUARIA SA;023540;ITR;152629;2025-11-04;http://www.rad.cvm.gov.br/ENETCONSULTA/frmDownloadDocumento.aspx?CodigoInstituicao=1&NumeroSequencialDocumento=152629
15.578.569/0001-06;2025-03-31;1;CONC DO AEROPORTO INTERNACIONAL DE GUARULHOS S.A.;023515;ITR;146967;2025-05-07;http://www.rad.cvm.gov.br/ENETCONSULTA/frmDownloadDocumento.aspx?CodigoInstituicao=1&NumeroSequencialDocumento=146967
15.578.569/0001-06;2025-06-30;1;CONC DO AEROPORTO INTERNACIONAL DE GUARULHOS S.A.;023515;ITR;150801;2025-08-08;http://www.rad.cvm.gov.br/ENETCONSULTA/frmDownloadDocumento.aspx?CodigoInstituicao=1&NumeroSequencialDocumento=150801
15.578.569/0001-06;2025-09-30;1;CONC DO AEROPORTO INTERNACIONAL DE GUARULHOS S.A.;023515;ITR;152829;2025-11-07;http://www.rad.cvm.gov.br/ENETCONSULTA/frmDownloadDocumento.aspx?CodigoInstituicao=1&NumeroSequencialDocumento=152829
15.578.569/0001-06;2025-09-30;2;CONC DO AEROPORTO INTERNACIONAL DE GUARULHOS S.A.;023515;ITR;152887;2025-11-10;http://www.rad.cvm.gov.br/ENETCONSULTA/frmDownloadDocumento.aspx?CodigoInstituicao=1&NumeroSequencialDocumento=152887
16.233.389/0001-55;2025-03-31;1;CVLB BRASIL S.A EM RECUPERAÇÃO JUDICAL;025542;ITR;147923;2025-05-15;http://www.rad.cvm.gov.br/ENETCONSULTA/frmDownloadDocumento.aspx?CodigoInstituicao=1&NumeroSequencialDocumento=147923
16.233.389/0001-55;2025-06-30;1;CVLB BRASIL S.A EM RECUPERAÇÃO JUDICAL;025542;ITR;151389;2025-08-14;http://www.rad.cvm.gov.br/ENETCONSULTA/frmDownloadDocumento.aspx?CodigoInstituicao=1&NumeroSequencialDocumento=151389
16.233.389/0001-55;2025-09-30;1;CVLB BRASIL S.A EM RECUPERAÇÃO JUDICAL;025542;ITR;153394;2025-11-14;http://www.rad.cvm.gov.br/ENETCONSULTA/frmDownloadDocumento.aspx?CodigoInstituicao=1&NumeroSequencialDocumento=153394
16.234.171/0001-15;2025-03-31;1;METANOR SA METANOL DO NE;008745;ITR;146915;2025-05-07;http://www.rad.cvm.gov.br/ENETCONSULTA/frmDownloadDocumento.aspx?CodigoInstituicao=1&NumeroSequencialDocumento=146915
16.234.171/0001-15;2025-06-30;1;METANOR SA METANOL DO NE;008745;ITR;150574;2025-08-04;http://www.rad.cvm.gov.br/ENETCONSULTA/frmDownloadDocumento.aspx?CodigoInstituicao=1&NumeroSequencialDocumento=150574
16.234.171/0001-15;2025-09-30;1;METANOR SA METANOL DO NE;008745;ITR;153017;2025-11-12;http://www.rad.cvm.gov.br/ENETCONSULTA/frmDownloadDocumento.aspx?CodigoInstituicao=1&NumeroSequencialDocumento=153017
16.404.287/0001-55;2025-03-31;1;SUZANO S.A.;013986;ITR;147085;2025-05-08;http://www.rad.cvm.gov.br/ENETCONSULTA/frmDownloadDocumento.aspx?CodigoInstituicao=1&NumeroSequencialDocumento=147085
16.404.287/0001-55;2025-06-30;1;SUZANO S.A.;013986;ITR;150687;2025-08-06;http://www.rad.cvm.gov.br/ENETCONSULTA/frmDownloadDocumento.aspx?CodigoInstituicao=1&NumeroSequencialDocumento=150687
16.404.287/0001-55;2025-09-30;1;SUZANO S.A.;013986;ITR;152783;2025-11-06;http://www.rad.cvm.gov.br/ENETCONSULTA/frmDownloadDocumento.aspx?CodigoInstituicao=1&NumeroSequencialDocumento=152783
16.590.234/0001-76;2025-03-31;1;AZZAS 2154 S.A.;022349;ITR;146969;2025-05-07;http://www.rad.cvm.gov.br/ENETCONSULTA/frmDownloadDocumento.aspx?CodigoInstituicao=1&NumeroSequencialDocumento=146969
16.590.234/0001-76;2025-06-30;1;AZZAS 2154 S.A.;022349;ITR;150757;2025-08-07;http://www.rad.cvm.gov.br/ENETCONSULTA/frmDownloadDocumento.aspx?CodigoInstituicao=1&NumeroSequencialDocumento=150757
16.590.234/0001-76;2025-09-30;1;AZZAS 2154 S.A.;022349;ITR;152889;2025-11-10;http://www.rad.cvm.gov.br/ENETCONSULTA/frmDownloadDocumento.aspx?CodigoInstituicao=1&NumeroSequencialDocumento=152889
16.614.075/0001-00;2025-03-31;1;DIRECIONAL ENGENHARIA S.A.;021350;ITR;147372;2025-05-12;http://www.rad.cvm.gov.br/ENETCONSULTA/frmDownloadDocumento.aspx?CodigoInstituicao=1&NumeroSequencialDocumento=147372
16.614.075/0001-00;2025-06-30;1;DIRECIONAL ENGENHARIA S.A.;021350;ITR;150860;2025-08-11;http://www.rad.cvm.gov.br/ENETCONSULTA/frmDownloadDocumento.aspx?CodigoInstituicao=1&NumeroSequencialDocumento=150860
16.614.075/0001-00;2025-09-30;1;DIRECIONAL ENGENHARIA S.A.;021350;ITR;153033;2025-11-12;http://www.rad.cvm.gov.br/ENETCONSULTA/frmDownloadDocumento.aspx?CodigoInstituicao=1&NumeroSequencialDocumento=153033
16.670.085/0001-55;2025-03-31;1;LOCALIZA RENT A CAR S.A.;019739;ITR;147171;2025-05-08;http://www.rad.cvm.gov.br/ENETCONSULTA/frmDownloadDocumento.aspx?CodigoInstituicao=1&NumeroSequencialDocumento=147171
16.670.085/0001-55;2025-06-30;1;LOCALIZA RENT A CAR S.A.;019739;ITR;150882;2025-08-11;http://www.rad.cvm.gov.br/ENETCONSULTA/frmDownloadDocumento.aspx?CodigoInstituicao=1&NumeroSequencialDocumento=150882
16.670.085/0001-55;2025-09-30;1;LOCALIZA RENT A CAR S.A.;019739;ITR;153247;2025-11-13;http://www.rad.cvm.gov.br/ENETCONSULTA/frmDownloadDocumento.aspx?CodigoInstituicao=1&NumeroSequencialDocumento=153247
16.676.520/0001-59;2025-03-31;1;HOSPITAL MATER DEI S.A.;025690;ITR;147128;2025-05-08;http://www.rad.cvm.gov.br/ENETCONSULTA/frmDownloadDocumento.aspx?CodigoInstituicao=1&NumeroSequencialDocumento=147128
16.676.520/0001-59;2025-06-30;1;HOSPITAL MATER DEI S.A.;025690;ITR;151137;2025-08-13;http://www.rad.cvm.gov.br/ENETCONSULTA/frmDownloadDocumento.aspx?CodigoInstituicao=1&NumeroSequencialDocumento=151137
16.676.520/0001-59;2025-09-30;1;HOSPITAL MATER DEI S.A.;025690;ITR;152838;2025-11-09;http://www.rad.cvm.gov.br/ENETCONSULTA/frmDownloadDocumento.aspx?CodigoInstituicao=1&NumeroSequencialDocumento=152838
16.811.931/0001-00;2025-03-31;1;ALPHAVILLE S.A.;025275;ITR;147852;2025-05-15;http://www.rad.cvm.gov.br/ENETCONSULTA/frmDownloadDocumento.aspx?CodigoInstituicao=1&NumeroSequencialDocumento=147852
16.811.931/0001-00;2025-06-30;1;ALPHAVILLE S.A.;025275;ITR;151322;2025-08-14;http://www.rad.cvm.gov.br/ENETCONSULTA/frmDownloadDocumento.aspx?CodigoInstituicao=1&NumeroSequencialDocumento=151322
16.811.931/0001-00;2025-09-30;1;ALPHAVILLE S.A.;025275;ITR;153345;2025-11-14;http://www.rad.cvm.gov.br/ENETCONSULTA/frmDownloadDocumento.aspx?CodigoInstituicao=1&NumeroSequencialDocumento=153345
16.838.421/0001-26;2025-03-31;1;XP INVESTIMENTOS S.A.;027111;ITR;147913;2025-05-15;http://www.rad.cvm.gov.br/ENETCONSULTA/frmDownloadDocumento.aspx?CodigoInstituicao=1&NumeroSequencialDocumento=147913
16.838.421/0001-26;2025-06-30;1;XP INVESTIMENTOS S.A.;027111;ITR;151376;2025-08-14;http://www.rad.cvm.gov.br/ENETCONSULTA/frmDownloadDocumento.aspx?CodigoInstituicao=1&NumeroSequencialDocumento=151376
16.838.421/0001-26;2025-09-30;1;XP INVESTIMENTOS S.A.;027111;ITR;153396;2025-11-14;http://www.rad.cvm.gov.br/ENETCONSULTA/frmDownloadDocumento.aspx?CodigoInstituicao=1&NumeroSequencialDocumento=153396
16.838.421/0001-26;2025-09-30;2;XP INVESTIMENTOS S.A.;027111;ITR;153470;2025-11-18;http://www.rad.cvm.gov.br/ENETCONSULTA/frmDownloadDocumento.aspx?CodigoInstituicao=1&NumeroSequencialDocumento=153470
16.922.038/0001-51;2025-03-31;1;ENJOEI S.A.;025259;ITR;147524;2025-05-13;http://www.rad.cvm.gov.br/ENETCONSULTA/frmDownloadDocumento.aspx?CodigoInstituicao=1&NumeroSequencialDocumento=147524
16.922.038/0001-51;2025-03-31;2;ENJOEI S.A.;025259;ITR;149336;2025-06-06;http://www.rad.cvm.gov.br/ENETCONSULTA/frmDownloadDocumento.aspx?CodigoInstituicao=1&NumeroSequencialDocumento=149336
16.922.038/0001-51;2025-06-30;1;ENJOEI S.A.;025259;ITR;150949;2025-08-12;http://www.rad.cvm.gov.br/ENETCONSULTA/frmDownloadDocumento.aspx?CodigoInstituicao=1&NumeroSequencialDocumento=150949
16.922.038/0001-51;2025-09-30;1;ENJOEI S.A.;025259;ITR;152964;2025-11-11;http://www.rad.cvm.gov.br/ENETCONSULTA/frmDownloadDocumento.aspx?CodigoInstituicao=1&NumeroSequencialDocumento=152964
17.155.730/0001-64;2025-03-31;1;CIA ENERGETICA DE MINAS GERAIS - CEMIG;002453;ITR;147164;2025-05-08;http://www.rad.cvm.gov.br/ENETCONSULTA/frmDownloadDocumento.aspx?CodigoInstituicao=1&NumeroSequencialDocumento=147164
17.155.730/0001-64;2025-06-30;1;CIA ENERGETICA DE MINAS GERAIS - CEMIG;002453;ITR;151353;2025-08-14;http://www.rad.cvm.gov.br/ENETCONSULTA/frmDownloadDocumento.aspx?CodigoInstituicao=1&NumeroSequencialDocumento=151353
17.155.730/0001-64;2025-09-30;1;CIA ENERGETICA DE MINAS GERAIS - CEMIG;002453;ITR;153221;2025-11-13;http://www.rad.cvm.gov.br/ENETCONSULTA/frmDownloadDocumento.aspx?CodigoInstituicao=1&NumeroSequencialDocumento=153221
17.157.777/0001-67;2025-03-31;1;BANCO NACIONAL S.A.;001350;ITR;148317;2025-05-27;http://www.rad.cvm.gov.br/ENETCONSULTA/frmDownloadDocumento.aspx?CodigoInstituicao=1&NumeroSequencialDocumento=148317
17.159.005/0001-64;2025-03-31;1;FIACAO E TECELAGEM SAO JOSE SA EM RECUPERACAO JUDICIAL;005983;ITR;147788;2025-05-15;http://www.rad.cvm.gov.br/ENETCONSULTA/frmDownloadDocumento.aspx?CodigoInstituicao=1&NumeroSequencialDocumento=147788
17.159.005/0001-64;2025-06-30;1;FIACAO E TECELAGEM SAO JOSE SA EM RECUPERACAO JUDICIAL;005983;ITR;151248;2025-08-14;http://www.rad.cvm.gov.br/ENETCONSULTA/frmDownloadDocumento.aspx?CodigoInstituicao=1&NumeroSequencialDocumento=151248
17.159.005/0001-64;2025-09-30;1;FIACAO E TECELAGEM SAO JOSE SA EM RECUPERACAO JUDICIAL;005983;ITR;153424;2025-11-14;http://www.rad.cvm.gov.br/ENETCONSULTA/frmDownloadDocumento.aspx?CodigoInstituicao=1&NumeroSequencialDocumento=153424
17.159.229/0001-76;2025-03-31;1;LABORATÓRIO TEUTO BRASILEIRO S.A.;026182;ITR;147738;2025-05-15;http://www.rad.cvm.gov.br/ENETCONSULTA/frmDownloadDocumento.aspx?CodigoInstituicao=1&NumeroSequencialDocumento=147738
17.159.229/0001-76;2025-06-30;1;LABORATÓRIO TEUTO BRASILEIRO S.A.;026182;ITR;151086;2025-08-13;http://www.rad.cvm.gov.br/ENETCONSULTA/frmDownloadDocumento.aspx?CodigoInstituicao=1&NumeroSequencialDocumento=151086
17.159.229/0001-76;2025-09-30;1;LABORATÓRIO TEUTO BRASILEIRO S.A.;026182;ITR;153291;2025-11-14;http://www.rad.cvm.gov.br/ENETCONSULTA/frmDownloadDocumento.aspx?CodigoInstituicao=1&NumeroSequencialDocumento=153291
17.161.241/0001-15;2025-03-31;1;MINASMAQUINAS S.A.;008818;ITR;147844;2025-05-15;http://www.rad.cvm.gov.br/ENETCONSULTA/frmDownloadDocumento.aspx?CodigoInstituicao=1&NumeroSequencialDocumento=147844
17.161.241/0001-15;2025-06-30;1;MINASMAQUINAS S.A.;008818;ITR;151220;2025-08-14;http://www.rad.cvm.gov.br/ENETCONSULTA/frmDownloadDocumento.aspx?CodigoInstituicao=1&NumeroSequencialDocumento=151220
17.161.241/0001-15;2025-06-30;2;MINASMAQUINAS S.A.;008818;ITR;151222;2025-08-14;http://www.rad.cvm.gov.br/ENETCONSULTA/frmDownloadDocumento.aspx?CodigoInstituicao=1&NumeroSequencialDocumento=151222
17.161.241/0001-15;2025-06-30;3;MINASMAQUINAS S.A.;008818;ITR;151227;2025-08-14;http://www.rad.cvm.gov.br/ENETCONSULTA/frmDownloadDocumento.aspx?CodigoInstituicao=1&NumeroSequencialDocumento=151227
17.161.241/0001-15;2025-09-30;1;MINASMAQUINAS S.A.;008818;ITR;153302;2025-11-14;http://www.rad.cvm.gov.br/ENETCONSULTA/frmDownloadDocumento.aspx?CodigoInstituicao=1&NumeroSequencialDocumento=153302
17.162.082/0001-73;2025-03-31;1;MENDES JUNIOR ENGENHARIA S.A.;004782;ITR;147573;2025-05-14;http://www.rad.cvm.gov.br/ENETCONSULTA/frmDownloadDocumento.aspx?CodigoInstituicao=1&NumeroSequencialDocumento=147573
17.162.082/0001-73;2025-03-31;2;MENDES JUNIOR ENGENHARIA S.A.;004782;ITR;147596;2025-05-14;http://www.rad.cvm.gov.br/ENETCONSULTA/frmDownloadDocumento.aspx?CodigoInstituicao=1&NumeroSequencialDocumento=147596
17.162.082/0001-73;2025-06-30;1;MENDES JUNIOR ENGENHARIA S.A.;004782;ITR;151087;2025-08-13;http://www.rad.cvm.gov.br/ENETCONSULTA/frmDownloadDocumento.aspx?CodigoInstituicao=1&NumeroSequencialDocumento=151087
17.162.082/0001-73;2025-09-30;1;MENDES JUNIOR ENGENHARIA S.A.;004782;ITR;153127;2025-11-13;http://www.rad.cvm.gov.br/ENETCONSULTA/frmDownloadDocumento.aspx?CodigoInstituicao=1&NumeroSequencialDocumento=153127
17.167.396/0001-69;2025-03-31;1;ALFA HOLDINGS S.A.;009954;ITR;147363;2025-05-12;http://www.rad.cvm.gov.br/ENETCONSULTA/frmDownloadDocumento.aspx?CodigoInstituicao=1&NumeroSequencialDocumento=147363
17.167.396/0001-69;2025-06-30;1;ALFA HOLDINGS S.A.;009954;ITR;151301;2025-08-14;http://www.rad.cvm.gov.br/ENETCONSULTA/frmDownloadDocumento.aspx?CodigoInstituicao=1&NumeroSequencialDocumento=151301
17.167.396/0001-69;2025-09-30;1;ALFA HOLDINGS S.A.;009954;ITR;153038;2025-11-12;http://www.rad.cvm.gov.br/ENETCONSULTA/frmDownloadDocumento.aspx?CodigoInstituicao=1&NumeroSequencialDocumento=153038
17.184.037/0001-10;2025-03-31;1;BCO MERCANTIL DO BRASIL S.A.;001325;ITR;147557;2025-05-14;http://www.rad.cvm.gov.br/ENETCONSULTA/frmDownloadDocumento.aspx?CodigoInstituicao=1&NumeroSequencialDocumento=147557
17.184.037/0001-10;2025-06-30;1;BCO MERCANTIL DO BRASIL S.A.;001325;ITR;150621;2025-08-06;http://www.rad.cvm.gov.br/ENETCONSULTA/frmDownloadDocumento.aspx?CodigoInstituicao=1&NumeroSequencialDocumento=150621
17.184.037/0001-10;2025-09-30;1;BCO MERCANTIL DO BRASIL S.A.;001325;ITR;152665;2025-11-05;http://www.rad.cvm.gov.br/ENETCONSULTA/frmDownloadDocumento.aspx?CodigoInstituicao=1&NumeroSequencialDocumento=152665
17.234.244/0001-31;2025-03-31;1;FTL - FERROVIA TRANSNORDESTINA LOGÍSTICA S.A.;023370;ITR;147764;2025-05-15;http://www.rad.cvm.gov.br/ENETCONSULTA/frmDownloadDocumento.aspx?CodigoInstituicao=1&NumeroSequencialDocumento=147764
17.234.244/0001-31;2025-06-30;1;FTL - FERROVIA TRANSNORDESTINA LOGÍSTICA S.A.;023370;ITR;151343;2025-08-14;http://www.rad.cvm.gov.br/ENETCONSULTA/frmDownloadDocumento.aspx?CodigoInstituicao=1&NumeroSequencialDocumento=151343
17.234.244/0001-31;2025-09-30;1;FTL - FERROVIA TRANSNORDESTINA LOGÍSTICA S.A.;023370;ITR;153324;2025-11-14;http://www.rad.cvm.gov.br/ENETCONSULTA/frmDownloadDocumento.aspx?CodigoInstituicao=1&NumeroSequencialDocumento=153324
17.245.234/0001-00;2025-03-31;1;CIA FIACAO TECIDOS CEDRO CACHOEIRA;003077;ITR;147441;2025-05-13;http://www.rad.cvm.gov.br/ENETCONSULTA/frmDownloadDocumento.aspx?CodigoInstituicao=1&NumeroSequencialDocumento=147441
17.245.234/0001-00;2025-06-30;1;CIA FIACAO TECIDOS CEDRO CACHOEIRA;003077;ITR;151056;2025-08-13;http://www.rad.cvm.gov.br/ENETCONSULTA/frmDownloadDocumento.aspx?CodigoInstituicao=1&NumeroSequencialDocumento=151056
17.245.234/0001-00;2025-09-30;1;CIA FIACAO TECIDOS CEDRO CACHOEIRA;003077;ITR;153162;2025-11-13;http://www.rad.cvm.gov.br/ENETCONSULTA/frmDownloadDocumento.aspx?CodigoInstituicao=1&NumeroSequencialDocumento=153162
17.281.106/0001-03;2025-03-31;1;CIA SANEAMENTO DE MINAS GERAIS-COPASA MG;019445;ITR;147606;2025-05-14;http://www.rad.cvm.gov.br/ENETCONSULTA/frmDownloadDocumento.aspx?CodigoInstituicao=1&NumeroSequencialDocumento=147606
17.281.106/0001-03;2025-06-30;1;CIA SANEAMENTO DE MINAS GERAIS-COPASA MG;019445;ITR;150568;2025-08-04;http://www.rad.cvm.gov.br/ENETCONSULTA/frmDownloadDocumento.aspx?CodigoInstituicao=1&NumeroSequencialDocumento=150568
17.281.106/0001-03;2025-09-30;1;CIA SANEAMENTO DE MINAS GERAIS-COPASA MG;019445;ITR;152615;2025-11-03;http://www.rad.cvm.gov.br/ENETCONSULTA/frmDownloadDocumento.aspx?CodigoInstituicao=1&NumeroSequencialDocumento=152615
17.314.329/0001-20;2025-03-31;1;INTERNATIONAL MEAL COMPANY ALIMENTACAO S.A.;023574;ITR;148106;2025-05-21;http://www.rad.cvm.gov.br/ENETCONSULTA/frmDownloadDocumento.aspx?CodigoInstituicao=1&NumeroSequencialDocumento=148106
17.314.329/0001-20;2025-06-30;1;INTERNATIONAL MEAL COMPANY ALIMENTACAO S.A.;023574;ITR;151433;2025-08-14;http://www.rad.cvm.gov.br/ENETCONSULTA/frmDownloadDocumento.aspx?CodigoInstituicao=1&NumeroSequencialDocumento=151433
17.314.329/0001-20;2025-06-30;2;INTERNATIONAL MEAL COMPANY ALIMENTACAO S.A.;023574;ITR;152981;2025-11-11;http://www.rad.cvm.gov.br/ENETCONSULTA/frmDownloadDocumento.aspx?CodigoInstituicao=1&NumeroSequencialDocumento=152981
17.314.329/0001-20;2025-09-30;1;INTERNATIONAL MEAL COMPANY ALIMENTACAO S.A.;023574;ITR;153230;2025-11-13;http://www.rad.cvm.gov.br/ENETCONSULTA/frmDownloadDocumento.aspx?CodigoInstituicao=1&NumeroSequencialDocumento=153230
17.314.329/0001-20;2025-09-30;2;INTERNATIONAL MEAL COMPANY ALIMENTACAO S.A.;023574;ITR;153638;2025-11-28;http://www.rad.cvm.gov.br/ENETCONSULTA/frmDownloadDocumento.aspx?CodigoInstituicao=1&NumeroSequencialDocumento=153638
17.344.597/0001-94;2025-03-31;1;BB SEGURIDADE PARTICIPAÇÕES S.A.;023159;ITR;146778;2025-05-05;http://www.rad.cvm.gov.br/ENETCONSULTA/frmDownloadDocumento.aspx?CodigoInstituicao=1&NumeroSequencialDocumento=146778
17.344.597/0001-94;2025-06-30;1;BB SEGURIDADE PARTICIPAÇÕES S.A.;023159;ITR;150585;2025-08-04;http://www.rad.cvm.gov.br/ENETCONSULTA/frmDownloadDocumento.aspx?CodigoInstituicao=1&NumeroSequencialDocumento=150585
17.344.597/0001-94;2025-09-30;1;BB SEGURIDADE PARTICIPAÇÕES S.A.;023159;ITR;152618;2025-11-03;http://www.rad.cvm.gov.br/ENETCONSULTA/frmDownloadDocumento.aspx?CodigoInstituicao=1&NumeroSequencialDocumento=152618
17.359.233/0001-88;2025-03-31;1;TECIDOS E ARMARINHOS MIGUEL BARTOLOMEU S.A.;026760;ITR;147917;2025-05-15;http://www.rad.cvm.gov.br/ENETCONSULTA/frmDownloadDocumento.aspx?CodigoInstituicao=1&NumeroSequencialDocumento=147917
17.359.233/0001-88;2025-06-30;1;TECIDOS E ARMARINHOS MIGUEL BARTOLOMEU S.A.;026760;ITR;151410;2025-08-14;http://www.rad.cvm.gov.br/ENETCONSULTA/frmDownloadDocumento.aspx?CodigoInstituicao=1&NumeroSequencialDocumento=151410
17.359.233/0001-88;2025-09-30;1;TECIDOS E ARMARINHOS MIGUEL BARTOLOMEU S.A.;026760;ITR;153330;2025-11-14;http://www.rad.cvm.gov.br/ENETCONSULTA/frmDownloadDocumento.aspx?CodigoInstituicao=1&NumeroSequencialDocumento=153330
17.765.891/0001-70;2025-03-31;1;GRUPO SALTA EDUCAÇÃO S.A.;027820;ITR;148208;2025-05-23;http://www.rad.cvm.gov.br/ENETCONSULTA/frmDownloadDocumento.aspx?CodigoInstituicao=1&NumeroSequencialDocumento=148208
17.765.891/0001-70;2025-06-30;1;GRUPO SALTA EDUCAÇÃO S.A.;027820;ITR;150747;2025-08-07;http://www.rad.cvm.gov.br/ENETCONSULTA/frmDownloadDocumento.aspx?CodigoInstituicao=1&NumeroSequencialDocumento=150747
17.765.891/0001-70;2025-09-30;1;GRUPO SALTA EDUCAÇÃO S.A.;027820;ITR;152747;2025-11-06;http://www.rad.cvm.gov.br/ENETCONSULTA/frmDownloadDocumento.aspx?CodigoInstituicao=1&NumeroSequencialDocumento=152747
18.080.368/0001-72;2025-03-31;1;OZN HEALTH SPE S.A.;027901;ITR;150569;2025-08-04;http://www.rad.cvm.gov.br/ENETCONSULTA/frmDownloadDocumento.aspx?CodigoInstituicao=1&NumeroSequencialDocumento=150569
18.080.368/0001-72;2025-06-30;1;OZN HEALTH SPE S.A.;027901;ITR;151675;2025-08-28;http://www.rad.cvm.gov.br/ENETCONSULTA/frmDownloadDocumento.aspx?CodigoInstituicao=1&NumeroSequencialDocumento=151675
18.080.368/0001-72;2025-06-30;2;OZN HEALTH SPE S.A.;027901;ITR;151740;2025-09-03;http://www.rad.cvm.gov.br/ENETCONSULTA/frmDownloadDocumento.aspx?CodigoInstituicao=1&NumeroSequencialDocumento=151740
18.080.368/0001-72;2025-09-30;1;OZN HEALTH SPE S.A.;027901;ITR;153385;2025-11-14;http://www.rad.cvm.gov.br/ENETCONSULTA/frmDownloadDocumento.aspx?CodigoInstituicao=1&NumeroSequencialDocumento=153385
18.174.270/0001-84;2025-03-31;1;DOTZ S.A.;025836;ITR;147687;2025-05-14;http://www.rad.cvm.gov.br/ENETCONSULTA/frmDownloadDocumento.aspx?CodigoInstituicao=1&NumeroSequencialDocumento=147687
18.174.270/0001-84;2025-06-30;1;DOTZ S.A.;025836;ITR;151152;2025-08-13;http://www.rad.cvm.gov.br/ENETCONSULTA/frmDownloadDocumento.aspx?CodigoInstituicao=1&NumeroSequencialDocumento=151152
18.174.270/0001-84;2025-09-30;1;DOTZ S.A.;025836;ITR;153199;2025-11-13;http://www.rad.cvm.gov.br/ENETCONSULTA/frmDownloadDocumento.aspx?CodigoInstituicao=1&NumeroSequencialDocumento=153199
18.328.118/0001-09;2025-03-31;1;PET CENTER COMÉRCIO E PARTICIPAÇÕES S.A.;025089;ITR;147142;2025-05-08;http://www.rad.cvm.gov.br/ENETCONSULTA/frmDownloadDocumento.aspx?CodigoInstituicao=1&NumeroSequencialDocumento=147142
18.328.118/0001-09;2025-06-30;1;PET CENTER COMÉRCIO E PARTICIPAÇÕES S.A.;025089;ITR;150735;2025-08-07;http://www.rad.cvm.gov.br/ENETCONSULTA/frmDownloadDocumento.aspx?CodigoInstituicao=1&NumeroSequencialDocumento=150735
18.328.118/0001-09;2025-09-30;1;PET CENTER COMÉRCIO E PARTICIPAÇÕES S.A.;025089;ITR;152709;2025-11-05;http://www.rad.cvm.gov.br/ENETCONSULTA/frmDownloadDocumento.aspx?CodigoInstituicao=1&NumeroSequencialDocumento=152709
18.483.666/0001-03;2025-03-31;1;HUMBERG AGRIBRASIL COMÉRCIO E EXPORTAÇÃO DE GRÃOS S.A.;025933;ITR;148419;2025-05-29;http://www.rad.cvm.gov.br/ENETCONSULTA/frmDownloadDocumento.aspx?CodigoInstituicao=1&NumeroSequencialDocumento=148419
18.483.666/0001-03;2025-06-30;1;HUMBERG AGRIBRASIL COMÉRCIO E EXPORTAÇÃO DE GRÃOS S.A.;025933;ITR;151416;2025-08-14;http://www.rad.cvm.gov.br/ENETCONSULTA/frmDownloadDocumento.aspx?CodigoInstituicao=1&NumeroSequencialDocumento=151416
18.494.485/0001-82;2025-03-31;1;PORTO SUDESTE V.M. S.A.;023523;ITR;147506;2025-05-13;http://www.rad.cvm.gov.br/ENETCONSULTA/frmDownloadDocumento.aspx?CodigoInstituicao=1&NumeroSequencialDocumento=147506
18.494.485/0001-82;2025-06-30;1;PORTO SUDESTE V.M. S.A.;023523;ITR;151108;2025-08-13;http://www.rad.cvm.gov.br/ENETCONSULTA/frmDownloadDocumento.aspx?CodigoInstituicao=1&NumeroSequencialDocumento=151108
18.494.485/0001-82;2025-09-30;1;PORTO SUDESTE V.M. S.A.;023523;ITR;153027;2025-11-12;http://www.rad.cvm.gov.br/ENETCONSULTA/frmDownloadDocumento.aspx?CodigoInstituicao=1&NumeroSequencialDocumento=153027
18.572.225/0001-88;2025-03-31;1;CONCEBRA - CONCESSIONARIA DAS RODOVIAS CENTRAIS DO BRASIL;023868;ITR;147117;2025-05-08;http://www.rad.cvm.gov.br/ENETCONSULTA/frmDownloadDocumento.aspx?CodigoInstituicao=1&NumeroSequencialDocumento=147117
18.572.225/0001-88;2025-06-30;1;CONCEBRA - CONCESSIONARIA DAS RODOVIAS CENTRAIS DO BRASIL;023868;ITR;150713;2025-08-07;http://www.rad.cvm.gov.br/ENETCONSULTA/frmDownloadDocumento.aspx?CodigoInstituicao=1&NumeroSequencialDocumento=150713
18.572.225/0001-88;2025-09-30;1;CONCEBRA - CONCESSIONARIA DAS RODOVIAS CENTRAIS DO BRASIL;023868;ITR;152450;2025-10-23;http://www.rad.cvm.gov.br/ENETCONSULTA/frmDownloadDocumento.aspx?CodigoInstituicao=1&NumeroSequencialDocumento=152450
18.593.815/0001-97;2025-03-31;1;PRINER SERVIÇOS INDUSTRIAIS S.A.;024236;ITR;147674;2025-05-14;http://www.rad.cvm.gov.br/ENETCONSULTA/frmDownloadDocumento.aspx?CodigoInstituicao=1&NumeroSequencialDocumento=147674
18.593.815/0001-97;2025-06-30;1;PRINER SERVIÇOS INDUSTRIAIS S.A.;024236;ITR;150759;2025-08-07;http://www.rad.cvm.gov.br/ENETCONSULTA/frmDownloadDocumento.aspx?CodigoInstituicao=1&NumeroSequencialDocumento=150759
18.593.815/0001-97;2025-09-30;1;PRINER SERVIÇOS INDUSTRIAIS S.A.;024236;ITR;152785;2025-11-06;http://www.rad.cvm.gov.br/ENETCONSULTA/frmDownloadDocumento.aspx?CodigoInstituicao=1&NumeroSequencialDocumento=152785
18.903.785/0001-78;2025-03-31;1;HOLDING DO ARAGUAIA S.A.;026565;ITR;147101;2025-05-08;http://www.rad.cvm.gov.br/ENETCONSULTA/frmDownloadDocumento.aspx?CodigoInstituicao=1&NumeroSequencialDocumento=147101
18.903.785/0001-78;2025-06-30;1;HOLDING DO ARAGUAIA S.A.;026565;ITR;150279;2025-07-30;http://www.rad.cvm.gov.br/ENETCONSULTA/frmDownloadDocumento.aspx?CodigoInstituicao=1&NumeroSequencialDocumento=150279
18.903.785/0001-78;2025-09-30;1;HOLDING DO ARAGUAIA S.A.;026565;ITR;152953;2025-11-11;http://www.rad.cvm.gov.br/ENETCONSULTA/frmDownloadDocumento.aspx?CodigoInstituicao=1&NumeroSequencialDocumento=152953
19.014.221/0001-47;2025-03-31;1;CHINA THREE GORGES BRASIL ENERGIA S.A.;027103;ITR;147531;2025-05-13;http://www.rad.cvm.gov.br/ENETCONSULTA/frmDownloadDocumento.aspx?CodigoInstituicao=1&NumeroSequencialDocumento=147531
19.014.221/0001-47;2025-06-30;1;CHINA THREE GORGES BRASIL ENERGIA S.A.;027103;ITR;151173;2025-08-13;http://www.rad.cvm.gov.br/ENETCONSULTA/frmDownloadDocumento.aspx?CodigoInstituicao=1&NumeroSequencialDocumento=151173
19.014.221/0001-47;2025-09-30;1;CHINA THREE GORGES BRASIL ENERGIA S.A.;027103;ITR;153237;2025-11-13;http://www.rad.cvm.gov.br/ENETCONSULTA/frmDownloadDocumento.aspx?CodigoInstituicao=1&NumeroSequencialDocumento=153237
19.208.022/0001-70;2025-03-31;1;ECO050 CONCESSIONÁRIA DE RODOVIAS S.A.;023884;ITR;147098;2025-05-08;http://www.rad.cvm.gov.br/ENETCONSULTA/frmDownloadDocumento.aspx?CodigoInstituicao=1&NumeroSequencialDocumento=147098
19.208.022/0001-70;2025-06-30;1;ECO050 CONCESSIONÁRIA DE RODOVIAS S.A.;023884;ITR;150274;2025-07-30;http://www.rad.cvm.gov.br/ENETCONSULTA/frmDownloadDocumento.aspx?CodigoInstituicao=1&NumeroSequencialDocumento=150274
19.208.022/0001-70;2025-09-30;1;ECO050 CONCESSIONÁRIA DE RODOVIAS S.A.;023884;ITR;152951;2025-11-11;http://www.rad.cvm.gov.br/ENETCONSULTA/frmDownloadDocumento.aspx?CodigoInstituicao=1&NumeroSequencialDocumento=152951
19.403.252/0001-90;2025-03-31;1;EMCCAMP RESIDENCIAL S.A.;025909;ITR;147682;2025-05-14;http://www.rad.cvm.gov.br/ENETCONSULTA/frmDownloadDocumento.aspx?CodigoInstituicao=1&NumeroSequencialDocumento=147682
19.403.252/0001-90;2025-06-30;1;EMCCAMP RESIDENCIAL S.A.;025909;ITR;151241;2025-08-14;http://www.rad.cvm.gov.br/ENETCONSULTA/frmDownloadDocumento.aspx?CodigoInstituicao=1&NumeroSequencialDocumento=151241
19.403.252/0001-90;2025-09-30;1;EMCCAMP RESIDENCIAL S.A.;025909;ITR;153395;2025-11-14;http://www.rad.cvm.gov.br/ENETCONSULTA/frmDownloadDocumento.aspx?CodigoInstituicao=1&NumeroSequencialDocumento=153395
19.521.322/0001-04;2025-03-31;1;CONCESSIONÁRIA ROTA DO OESTE S.A.;023922;ITR;147948;2025-05-15;http://www.rad.cvm.gov.br/ENETCONSULTA/frmDownloadDocumento.aspx?CodigoInstituicao=1&NumeroSequencialDocumento=147948
19.521.322/0001-04;2025-03-31;2;CONCESSIONÁRIA ROTA DO OESTE S.A.;023922;ITR;147953;2025-05-15;http://www.rad.cvm.gov.br/ENETCONSULTA/frmDownloadDocumento.aspx?CodigoInstituicao=1&NumeroSequencialDocumento=147953
19.521.322/0001-04;2025-06-30;1;CONCESSIONÁRIA ROTA DO OESTE S.A.;023922;ITR;150707;2025-08-07;http://www.rad.cvm.gov.br/ENETCONSULTA/frmDownloadDocumento.aspx?CodigoInstituicao=1&NumeroSequencialDocumento=150707
19.521.322/0001-04;2025-09-30;1;CONCESSIONÁRIA ROTA DO OESTE S.A.;023922;ITR;152895;2025-11-10;http://www.rad.cvm.gov.br/ENETCONSULTA/frmDownloadDocumento.aspx?CodigoInstituicao=1&NumeroSequencialDocumento=152895
19.526.748/0001-50;2025-03-31;1;COMPANHIA INDUSTRIAL CATAGUASES;003395;ITR;147595;2025-05-14;http://www.rad.cvm.gov.br/ENETCONSULTA/frmDownloadDocumento.aspx?CodigoInstituicao=1&NumeroSequencialDocumento=147595
19.526.748/0001-50;2025-06-30;1;COMPANHIA INDUSTRIAL CATAGUASES;003395;ITR;151209;2025-08-14;http://www.rad.cvm.gov.br/ENETCONSULTA/frmDownloadDocumento.aspx?CodigoInstituicao=1&NumeroSequencialDocumento=151209
19.526.748/0001-50;2025-09-30;1;COMPANHIA INDUSTRIAL CATAGUASES;003395;ITR;153315;2025-11-14;http://www.rad.cvm.gov.br/ENETCONSULTA/frmDownloadDocumento.aspx?CodigoInstituicao=1&NumeroSequencialDocumento=153315
19.527.586/0001-75;2025-03-31;1;COMPANHIA ENERGÉTICA SINOP S/A;024155;ITR;147438;2025-05-12;http://www.rad.cvm.gov.br/ENETCONSULTA/frmDownloadDocumento.aspx?CodigoInstituicao=1&NumeroSequencialDocumento=147438
19.527.586/0001-75;2025-06-30;1;COMPANHIA ENERGÉTICA SINOP S/A;024155;ITR;151402;2025-08-14;http://www.rad.cvm.gov.br/ENETCONSULTA/frmDownloadDocumento.aspx?CodigoInstituicao=1&NumeroSequencialDocumento=151402
19.527.586/0001-75;2025-09-30;1;COMPANHIA ENERGÉTICA SINOP S/A;024155;ITR;153399;2025-11-14;http://www.rad.cvm.gov.br/ENETCONSULTA/frmDownloadDocumento.aspx?CodigoInstituicao=1&NumeroSequencialDocumento=153399
19.527.639/0001-58;2025-03-31;1;ENERGISA MINAS RIO - DISTRIBUIDORA DE ENERGIA S/A;003271;ITR;147145;2025-05-08;http://www.rad.cvm.gov.br/ENETCONSULTA/frmDownloadDocumento.aspx?CodigoInstituicao=1&NumeroSequencialDocumento=147145
19.527.639/0001-58;2025-06-30;1;ENERGISA MINAS RIO - DISTRIBUIDORA DE ENERGIA S/A;003271;ITR;150761;2025-08-07;http://www.rad.cvm.gov.br/ENETCONSULTA/frmDownloadDocumento.aspx?CodigoInstituicao=1&NumeroSequencialDocumento=150761
19.527.639/0001-58;2025-09-30;1;ENERGISA MINAS RIO - DISTRIBUIDORA DE ENERGIA S/A;003271;ITR;152748;2025-11-06;http://www.rad.cvm.gov.br/ENETCONSULTA/frmDownloadDocumento.aspx?CodigoInstituicao=1&NumeroSequencialDocumento=152748
19.642.306/0001-70;2025-03-31;1;CONCESSIONÁRIA DE RODOVIA SUL-MATOGROSSENSE S.A.;023833;ITR;147079;2025-05-08;http://www.rad.cvm.gov.br/ENETCONSULTA/frmDownloadDocumento.aspx?CodigoInstituicao=1&NumeroSequencialDocumento=147079
19.642.306/0001-70;2025-06-30;1;CONCESSIONÁRIA DE RODOVIA SUL-MATOGROSSENSE S.A.;023833;ITR;150804;2025-08-08;http://www.rad.cvm.gov.br/ENETCONSULTA/frmDownloadDocumento.aspx?CodigoInstituicao=1&NumeroSequencialDocumento=150804
19.642.306/0001-70;2025-09-30;1;CONCESSIONÁRIA DE RODOVIA SUL-MATOGROSSENSE S.A.;023833;ITR;152853;2025-11-10;http://www.rad.cvm.gov.br/ENETCONSULTA/frmDownloadDocumento.aspx?CodigoInstituicao=1&NumeroSequencialDocumento=152853
20.247.322/0001-47;2025-03-31;1;ALLIED TECNOLOGIA S.A.;025330;ITR;147516;2025-05-13;http://www.rad.cvm.gov.br/ENETCONSULTA/frmDownloadDocumento.aspx?CodigoInstituicao=1&NumeroSequencialDocumento=147516
20.247.322/0001-47;2025-06-30;1;ALLIED TECNOLOGIA S.A.;025330;ITR;151000;2025-08-12;http://www.rad.cvm.gov.br/ENETCONSULTA/frmDownloadDocumento.aspx?CodigoInstituicao=1&NumeroSequencialDocumento=151000
20.247.322/0001-47;2025-09-30;1;ALLIED TECNOLOGIA S.A.;025330;ITR;153052;2025-11-12;http://www.rad.cvm.gov.br/ENETCONSULTA/frmDownloadDocumento.aspx?CodigoInstituicao=1&NumeroSequencialDocumento=153052
20.258.278/0001-70;2025-03-31;1;OUROFINO S.A.;023507;ITR;147814;2025-05-15;http://www.rad.cvm.gov.br/ENETCONSULTA/frmDownloadDocumento.aspx?CodigoInstituicao=1&NumeroSequencialDocumento=147814
20.258.278/0001-70;2025-06-30;1;OUROFINO S.A.;023507;ITR;150746;2025-08-07;http://www.rad.cvm.gov.br/ENETCONSULTA/frmDownloadDocumento.aspx?CodigoInstituicao=1&NumeroSequencialDocumento=150746
20.258.278/0001-70;2025-09-30;1;OUROFINO S.A.;023507;ITR;152761;2025-11-06;http://www.rad.cvm.gov.br/ENETCONSULTA/frmDownloadDocumento.aspx?CodigoInstituicao=1&NumeroSequencialDocumento=152761
20.512.706/0001-40;2025-03-31;1;VITRU EDUCAÇÃO S.A.;027057;ITR;147501;2025-05-13;http://www.rad.cvm.gov.br/ENETCONSULTA/frmDownloadDocumento.aspx?CodigoInstituicao=1&NumeroSequencialDocumento=147501
20.512.706/0001-40;2025-03-31;2;VITRU EDUCAÇÃO S.A.;027057;ITR;149330;2025-06-06;http://www.rad.cvm.gov.br/ENETCONSULTA/frmDownloadDocumento.aspx?CodigoInstituicao=1&NumeroSequencialDocumento=149330
20.512.706/0001-40;2025-06-30;1;VITRU EDUCAÇÃO S.A.;027057;ITR;151161;2025-08-13;http://www.rad.cvm.gov.br/ENETCONSULTA/frmDownloadDocumento.aspx?CodigoInstituicao=1&NumeroSequencialDocumento=151161
20.512.706/0001-40;2025-09-30;1;VITRU EDUCAÇÃO S.A.;027057;ITR;153226;2025-11-13;http://www.rad.cvm.gov.br/ENETCONSULTA/frmDownloadDocumento.aspx?CodigoInstituicao=1&NumeroSequencialDocumento=153226
20.514.555/0001-69;2025-03-31;1;ARGO VI TRANSMISSÃO DE ENERGIA S.A.;026670;ITR;147549;2025-05-13;http://www.rad.cvm.gov.br/ENETCONSULTA/frmDownloadDocumento.aspx?CodigoInstituicao=1&NumeroSequencialDocumento=147549
20.514.555/0001-69;2025-06-30;1;ARGO VI TRANSMISSÃO DE ENERGIA S.A.;026670;ITR;151064;2025-08-13;http://www.rad.cvm.gov.br/ENETCONSULTA/frmDownloadDocumento.aspx?CodigoInstituicao=1&NumeroSequencialDocumento=151064
20.514.555/0001-69;2025-09-30;1;ARGO VI TRANSMISSÃO DE ENERGIA S.A.;026670;ITR;153103;2025-11-12;http://www.rad.cvm.gov.br/ENETCONSULTA/frmDownloadDocumento.aspx?CodigoInstituicao=1&NumeroSequencialDocumento=153103
20.514.590/0001-88;2025-03-31;1;ARGO V TRANSMISSÃO DE ENERGIA S.A.;026662;ITR;147550;2025-05-13;http://www.rad.cvm.gov.br/ENETCONSULTA/frmDownloadDocumento.aspx?CodigoInstituicao=1&NumeroSequencialDocumento=147550
20.514.590/0001-88;2025-03-31;2;ARGO V TRANSMISSÃO DE ENERGIA S.A.;026662;ITR;147600;2025-05-14;http://www.rad.cvm.gov.br/ENETCONSULTA/frmDownloadDocumento.aspx?CodigoInstituicao=1&NumeroSequencialDocumento=147600
20.514.590/0001-88;2025-06-30;1;ARGO V TRANSMISSÃO DE ENERGIA S.A.;026662;ITR;151073;2025-08-13;http://www.rad.cvm.gov.br/ENETCONSULTA/frmDownloadDocumento.aspx?CodigoInstituicao=1&NumeroSequencialDocumento=151073
20.514.590/0001-88;2025-09-30;1;ARGO V TRANSMISSÃO DE ENERGIA S.A.;026662;ITR;153102;2025-11-12;http://www.rad.cvm.gov.br/ENETCONSULTA/frmDownloadDocumento.aspx?CodigoInstituicao=1&NumeroSequencialDocumento=153102
21.110.778/0001-23;2025-03-31;1;OLIVEIRA TRUST S.A.;026417;ITR;146776;2025-05-05;http://www.rad.cvm.gov.br/ENETCONSULTA/frmDownloadDocumento.aspx?CodigoInstituicao=1&NumeroSequencialDocumento=146776
21.110.778/0001-23;2025-06-30;1;OLIVEIRA TRUST S.A.;026417;ITR;150754;2025-08-07;http://www.rad.cvm.gov.br/ENETCONSULTA/frmDownloadDocumento.aspx?CodigoInstituicao=1&NumeroSequencialDocumento=150754
21.110.778/0001-23;2025-09-30;1;OLIVEIRA TRUST S.A.;026417;ITR;152776;2025-11-06;http://www.rad.cvm.gov.br/ENETCONSULTA/frmDownloadDocumento.aspx?CodigoInstituicao=1&NumeroSequencialDocumento=152776
21.240.146/0001-84;2025-03-31;1;AGROGALAXY PARTICIPAÇÕES S.A. - EM RECUPERAÇÃO JUDICIAL;025658;ITR;149371;2025-06-09;http://www.rad.cvm.gov.br/ENETCONSULTA/frmDownloadDocumento.aspx?CodigoInstituicao=1&NumeroSequencialDocumento=149371
21.240.146/0001-84;2025-06-30;1;AGROGALAXY PARTICIPAÇÕES S.A. - EM RECUPERAÇÃO JUDICIAL;025658;ITR;152474;2025-10-24;http://www.rad.cvm.gov.br/ENETCONSULTA/frmDownloadDocumento.aspx?CodigoInstituicao=1&NumeroSequencialDocumento=152474
21.240.146/0001-84;2025-09-30;1;AGROGALAXY PARTICIPAÇÕES S.A. - EM RECUPERAÇÃO JUDICIAL;025658;ITR;153333;2025-11-14;http://www.rad.cvm.gov.br/ENETCONSULTA/frmDownloadDocumento.aspx?CodigoInstituicao=1&NumeroSequencialDocumento=153333
21.254.073/0001-80;2025-03-31;1;COMPANHIA ITAUNENSE ENERGIA E PARTICIPAÇÕES;003450;ITR;147735;2025-05-15;http://www.rad.cvm.gov.br/ENETCONSULTA/frmDownloadDocumento.aspx?CodigoInstituicao=1&NumeroSequencialDocumento=147735
21.254.073/0001-80;2025-06-30;1;COMPANHIA ITAUNENSE ENERGIA E PARTICIPAÇÕES;003450;ITR;151211;2025-08-14;http://www.rad.cvm.gov.br/ENETCONSULTA/frmDownloadDocumento.aspx?CodigoInstituicao=1&NumeroSequencialDocumento=151211
21.254.073/0001-80;2025-09-30;1;COMPANHIA ITAUNENSE ENERGIA E PARTICIPAÇÕES;003450;ITR;153005;2025-11-12;http://www.rad.cvm.gov.br/ENETCONSULTA/frmDownloadDocumento.aspx?CodigoInstituicao=1&NumeroSequencialDocumento=153005
21.314.559/0001-66;2025-03-31;1;MOVIDA PARTICIPACOES SA;023825;ITR;146984;2025-05-07;http://www.rad.cvm.gov.br/ENETCONSULTA/frmDownloadDocumento.aspx?CodigoInstituicao=1&NumeroSequencialDocumento=146984
21.314.559/0001-66;2025-06-30;1;MOVIDA PARTICIPACOES SA;023825;ITR;150740;2025-08-07;http://www.rad.cvm.gov.br/ENETCONSULTA/frmDownloadDocumento.aspx?CodigoInstituicao=1&NumeroSequencialDocumento=150740
21.314.559/0001-66;2025-09-30;1;MOVIDA PARTICIPACOES SA;023825;ITR;152859;2025-11-10;http://www.rad.cvm.gov.br/ENETCONSULTA/frmDownloadDocumento.aspx?CodigoInstituicao=1&NumeroSequencialDocumento=152859
21.389.501/0001-81;2025-03-31;1;COMPASS GÁS E ENERGIA S.A.;025127;ITR;147137;2025-05-08;http://www.rad.cvm.gov.br/ENETCONSULTA/frmDownloadDocumento.aspx?CodigoInstituicao=1&NumeroSequencialDocumento=147137
21.389.501/0001-81;2025-06-30;1;COMPASS GÁS E ENERGIA S.A.;025127;ITR;150736;2025-08-07;http://www.rad.cvm.gov.br/ENETCONSULTA/frmDownloadDocumento.aspx?CodigoInstituicao=1&NumeroSequencialDocumento=150736
21.389.501/0001-81;2025-09-30;1;COMPASS GÁS E ENERGIA S.A.;025127;ITR;153348;2025-11-14;http://www.rad.cvm.gov.br/ENETCONSULTA/frmDownloadDocumento.aspx?CodigoInstituicao=1&NumeroSequencialDocumento=153348
21.414.457/0001-12;2025-03-31;1;LEADS CIA. SECURITIZADORA;023558;ITR;147756;2025-05-15;http://www.rad.cvm.gov.br/ENETCONSULTA/frmDownloadDocumento.aspx?CodigoInstituicao=1&NumeroSequencialDocumento=147756
21.414.457/0001-12;2025-06-30;1;LEADS CIA. SECURITIZADORA;023558;ITR;150677;2025-08-06;http://www.rad.cvm.gov.br/ENETCONSULTA/frmDownloadDocumento.aspx?CodigoInstituicao=1&NumeroSequencialDocumento=150677
21.414.457/0001-12;2025-09-30;1;LEADS CIA. SECURITIZADORA;023558;ITR;153292;2025-11-14;http://www.rad.cvm.gov.br/ENETCONSULTA/frmDownloadDocumento.aspx?CodigoInstituicao=1&NumeroSequencialDocumento=153292
21.728.083/0001-00;2025-03-31;1;TRANSMISSORA JOSÉ MARIA DE MACEDO DE ELETRICIDADE S.A.;026654;ITR;147554;2025-05-13;http://www.rad.cvm.gov.br/ENETCONSULTA/frmDownloadDocumento.aspx?CodigoInstituicao=1&NumeroSequencialDocumento=147554
21.728.083/0001-00;2025-03-31;2;TRANSMISSORA JOSÉ MARIA DE MACEDO DE ELETRICIDADE S.A.;026654;ITR;147591;2025-05-14;http://www.rad.cvm.gov.br/ENETCONSULTA/frmDownloadDocumento.aspx?CodigoInstituicao=1&NumeroSequencialDocumento=147591
21.728.083/0001-00;2025-06-30;1;TRANSMISSORA JOSÉ MARIA DE MACEDO DE ELETRICIDADE S.A.;026654;ITR;151062;2025-08-13;http://www.rad.cvm.gov.br/ENETCONSULTA/frmDownloadDocumento.aspx?CodigoInstituicao=1&NumeroSequencialDocumento=151062
21.728.083/0001-00;2025-09-30;1;TRANSMISSORA JOSÉ MARIA DE MACEDO DE ELETRICIDADE S.A.;026654;ITR;153105;2025-11-13;http://www.rad.cvm.gov.br/ENETCONSULTA/frmDownloadDocumento.aspx?CodigoInstituicao=1&NumeroSequencialDocumento=153105
21.748.188/0001-20;2025-03-31;1;TERP GLBL BRASIL I PARTICIPAÇÕES S.A.;027804;ITR;147941;2025-05-15;http://www.rad.cvm.gov.br/ENETCONSULTA/frmDownloadDocumento.aspx?CodigoInstituicao=1&NumeroSequencialDocumento=147941
21.748.188/0001-20;2025-06-30;1;TERP GLBL BRASIL I PARTICIPAÇÕES S.A.;027804;ITR;151371;2025-08-14;http://www.rad.cvm.gov.br/ENETCONSULTA/frmDownloadDocumento.aspx?CodigoInstituicao=1&NumeroSequencialDocumento=151371
21.748.188/0001-20;2025-09-30;1;TERP GLBL BRASIL I PARTICIPAÇÕES S.A.;027804;ITR;153119;2025-11-13;http://www.rad.cvm.gov.br/ENETCONSULTA/frmDownloadDocumento.aspx?CodigoInstituicao=1&NumeroSequencialDocumento=153119
22.163.297/0001-49;2025-03-31;1;CONCESSIONÁRIA PONTE RIO-NITERÓI S.A. - ECOPONTE;024139;ITR;147095;2025-05-08;http://www.rad.cvm.gov.br/ENETCONSULTA/frmDownloadDocumento.aspx?CodigoInstituicao=1&NumeroSequencialDocumento=147095
22.163.297/0001-49;2025-06-30;1;CONCESSIONÁRIA PONTE RIO-NITERÓI S.A. - ECOPONTE;024139;ITR;150273;2025-07-30;http://www.rad.cvm.gov.br/ENETCONSULTA/frmDownloadDocumento.aspx?CodigoInstituicao=1&NumeroSequencialDocumento=150273
22.163.297/0001-49;2025-09-30;1;CONCESSIONÁRIA PONTE RIO-NITERÓI S.A. - ECOPONTE;024139;ITR;152948;2025-11-11;http://www.rad.cvm.gov.br/ENETCONSULTA/frmDownloadDocumento.aspx?CodigoInstituicao=1&NumeroSequencialDocumento=152948
22.261.473/0001-85;2025-03-31;1;COMPANHIA DE GÁS DE MINAS GERAIS - GASMIG;025178;ITR;146965;2025-05-07;http://www.rad.cvm.gov.br/ENETCONSULTA/frmDownloadDocumento.aspx?CodigoInstituicao=1&NumeroSequencialDocumento=146965
22.261.473/0001-85;2025-06-30;1;COMPANHIA DE GÁS DE MINAS GERAIS - GASMIG;025178;ITR;151049;2025-08-12;http://www.rad.cvm.gov.br/ENETCONSULTA/frmDownloadDocumento.aspx?CodigoInstituicao=1&NumeroSequencialDocumento=151049
22.261.473/0001-85;2025-06-30;2;COMPANHIA DE GÁS DE MINAS GERAIS - GASMIG;025178;ITR;151069;2025-08-13;http://www.rad.cvm.gov.br/ENETCONSULTA/frmDownloadDocumento.aspx?CodigoInstituicao=1&NumeroSequencialDocumento=151069
22.261.473/0001-85;2025-09-30;1;COMPANHIA DE GÁS DE MINAS GERAIS - GASMIG;025178;ITR;153092;2025-11-12;http://www.rad.cvm.gov.br/ENETCONSULTA/frmDownloadDocumento.aspx?CodigoInstituicao=1&NumeroSequencialDocumento=153092
22.266.175/0001-88;2025-03-31;1;FERTILIZANTES HERINGER S.A.;020621;ITR;147311;2025-05-09;http://www.rad.cvm.gov.br/ENETCONSULTA/frmDownloadDocumento.aspx?CodigoInstituicao=1&NumeroSequencialDocumento=147311
22.266.175/0001-88;2025-06-30;1;FERTILIZANTES HERINGER S.A.;020621;ITR;151172;2025-08-13;http://www.rad.cvm.gov.br/ENETCONSULTA/frmDownloadDocumento.aspx?CodigoInstituicao=1&NumeroSequencialDocumento=151172
22.266.175/0001-88;2025-09-30;1;FERTILIZANTES HERINGER S.A.;020621;ITR;152835;2025-11-07;http://www.rad.cvm.gov.br/ENETCONSULTA/frmDownloadDocumento.aspx?CodigoInstituicao=1&NumeroSequencialDocumento=152835
22.543.331/0001-00;2025-03-31;1;CAIXA SEGURIDADE PARTICIPAÇÕES S.A.;023795;ITR;146881;2025-05-06;http://www.rad.cvm.gov.br/ENETCONSULTA/frmDownloadDocumento.aspx?CodigoInstituicao=1&NumeroSequencialDocumento=146881
22.543.331/0001-00;2025-06-30;1;CAIXA SEGURIDADE PARTICIPAÇÕES S.A.;023795;ITR;150892;2025-08-11;http://www.rad.cvm.gov.br/ENETCONSULTA/frmDownloadDocumento.aspx?CodigoInstituicao=1&NumeroSequencialDocumento=150892
22.543.331/0001-00;2025-09-30;1;CAIXA SEGURIDADE PARTICIPAÇÕES S.A.;023795;ITR;152787;2025-11-06;http://www.rad.cvm.gov.br/ENETCONSULTA/frmDownloadDocumento.aspx?CodigoInstituicao=1&NumeroSequencialDocumento=152787
23.041.875/0001-37;2025-03-31;1;ALMACENES ÉXITO S.A.;080225;ITR;147714;2025-05-14;http://www.rad.cvm.gov.br/ENETCONSULTA/frmDownloadDocumento.aspx?CodigoInstituicao=1&NumeroSequencialDocumento=147714
23.096.269/0001-19;2025-03-31;1;RIO PARANA ENERGIA S.A.;025623;ITR;147499;2025-05-13;http://www.rad.cvm.gov.br/ENETCONSULTA/frmDownloadDocumento.aspx?CodigoInstituicao=1&NumeroSequencialDocumento=147499
23.096.269/0001-19;2025-06-30;1;RIO PARANA ENERGIA S.A.;025623;ITR;151167;2025-08-13;http://www.rad.cvm.gov.br/ENETCONSULTA/frmDownloadDocumento.aspx?CodigoInstituicao=1&NumeroSequencialDocumento=151167
23.096.269/0001-19;2025-09-30;1;RIO PARANA ENERGIA S.A.;025623;ITR;153240;2025-11-13;http://www.rad.cvm.gov.br/ENETCONSULTA/frmDownloadDocumento.aspx?CodigoInstituicao=1&NumeroSequencialDocumento=153240
23.236.821/0001-27;2025-03-31;1;PATRIMAR ENGENHARIA S.A.;025305;ITR;147670;2025-05-14;http://www.rad.cvm.gov.br/ENETCONSULTA/frmDownloadDocumento.aspx?CodigoInstituicao=1&NumeroSequencialDocumento=147670
23.236.821/0001-27;2025-03-31;2;PATRIMAR ENGENHARIA S.A.;025305;ITR;148392;2025-05-28;http://www.rad.cvm.gov.br/ENETCONSULTA/frmDownloadDocumento.aspx?CodigoInstituicao=1&NumeroSequencialDocumento=148392
23.236.821/0001-27;2025-06-30;1;PATRIMAR ENGENHARIA S.A.;025305;ITR;150766;2025-08-07;http://www.rad.cvm.gov.br/ENETCONSULTA/frmDownloadDocumento.aspx?CodigoInstituicao=1&NumeroSequencialDocumento=150766
23.236.821/0001-27;2025-06-30;2;PATRIMAR ENGENHARIA S.A.;025305;ITR;150792;2025-08-08;http://www.rad.cvm.gov.br/ENETCONSULTA/frmDownloadDocumento.aspx?CodigoInstituicao=1&NumeroSequencialDocumento=150792
23.236.821/0001-27;2025-09-30;1;PATRIMAR ENGENHARIA S.A.;025305;ITR;152869;2025-11-10;http://www.rad.cvm.gov.br/ENETCONSULTA/frmDownloadDocumento.aspx?CodigoInstituicao=1&NumeroSequencialDocumento=152869
23.373.000/0001-32;2025-03-31;1;VAMOS LOCAÇÃO DE CAMINHÕES, MÁQUINAS E EQUIPAMENTOS S.A.;024716;ITR;146899;2025-05-07;http://www.rad.cvm.gov.br/ENETCONSULTA/frmDownloadDocumento.aspx?CodigoInstituicao=1&NumeroSequencialDocumento=146899
23.373.000/0001-32;2025-06-30;1;VAMOS LOCAÇÃO DE CAMINHÕES, MÁQUINAS E EQUIPAMENTOS S.A.;024716;ITR;150874;2025-08-11;http://www.rad.cvm.gov.br/ENETCONSULTA/frmDownloadDocumento.aspx?CodigoInstituicao=1&NumeroSequencialDocumento=150874
23.373.000/0001-32;2025-06-30;2;VAMOS LOCAÇÃO DE CAMINHÕES, MÁQUINAS E EQUIPAMENTOS S.A.;024716;ITR;150880;2025-08-11;http://www.rad.cvm.gov.br/ENETCONSULTA/frmDownloadDocumento.aspx?CodigoInstituicao=1&NumeroSequencialDocumento=150880
23.373.000/0001-32;2025-09-30;1;VAMOS LOCAÇÃO DE CAMINHÕES, MÁQUINAS E EQUIPAMENTOS S.A.;024716;ITR;152976;2025-11-11;http://www.rad.cvm.gov.br/ENETCONSULTA/frmDownloadDocumento.aspx?CodigoInstituicao=1&NumeroSequencialDocumento=152976
23.438.929/0001-00;2025-03-31;1;ALARES INTERNET PARTICIPAÇÕES S/A;025194;ITR;147495;2025-05-13;http://www.rad.cvm.gov.br/ENETCONSULTA/frmDownloadDocumento.aspx?CodigoInstituicao=1&NumeroSequencialDocumento=147495
23.438.929/0001-00;2025-06-30;1;ALARES INTERNET PARTICIPAÇÕES S/A;025194;ITR;150932;2025-08-12;http://www.rad.cvm.gov.br/ENETCONSULTA/frmDownloadDocumento.aspx?CodigoInstituicao=1&NumeroSequencialDocumento=150932
23.438.929/0001-00;2025-09-30;1;ALARES INTERNET PARTICIPAÇÕES S/A;025194;ITR;153037;2025-11-12;http://www.rad.cvm.gov.br/ENETCONSULTA/frmDownloadDocumento.aspx?CodigoInstituicao=1&NumeroSequencialDocumento=153037
23.994.857/0001-70;2025-03-31;1;ATOM EDUCAÇÃO E EDITORA S.A.;027677;ITR;147391;2025-05-12;http://www.rad.cvm.gov.br/ENETCONSULTA/frmDownloadDocumento.aspx?CodigoInstituicao=1&NumeroSequencialDocumento=147391
23.994.857/0001-70;2025-06-30;1;ATOM EDUCAÇÃO E EDITORA S.A.;027677;ITR;150820;2025-08-08;http://www.rad.cvm.gov.br/ENETCONSULTA/frmDownloadDocumento.aspx?CodigoInstituicao=1&NumeroSequencialDocumento=150820
23.994.857/0001-70;2025-09-30;1;ATOM EDUCAÇÃO E EDITORA S.A.;027677;ITR;152826;2025-11-07;http://www.rad.cvm.gov.br/ENETCONSULTA/frmDownloadDocumento.aspx?CodigoInstituicao=1&NumeroSequencialDocumento=152826
24.230.275/0001-80;2025-03-31;1;PLANO & PLANO DESENVOLVIMENTO IMOBILIÁRIO S.A.;025070;ITR;147158;2025-05-08;http://www.rad.cvm.gov.br/ENETCONSULTA/frmDownloadDocumento.aspx?CodigoInstituicao=1&NumeroSequencialDocumento=147158
24.230.275/0001-80;2025-03-31;2;PLANO & PLANO DESENVOLVIMENTO IMOBILIÁRIO S.A.;025070;ITR;147823;2025-05-15;http://www.rad.cvm.gov.br/ENETCONSULTA/frmDownloadDocumento.aspx?CodigoInstituicao=1&NumeroSequencialDocumento=147823
24.230.275/0001-80;2025-06-30;1;PLANO & PLANO DESENVOLVIMENTO IMOBILIÁRIO S.A.;025070;ITR;150739;2025-08-07;http://www.rad.cvm.gov.br/ENETCONSULTA/frmDownloadDocumento.aspx?CodigoInstituicao=1&NumeroSequencialDocumento=150739
24.230.275/0001-80;2025-09-30;1;PLANO & PLANO DESENVOLVIMENTO IMOBILIÁRIO S.A.;025070;ITR;153094;2025-11-12;http://www.rad.cvm.gov.br/ENETCONSULTA/frmDownloadDocumento.aspx?CodigoInstituicao=1&NumeroSequencialDocumento=153094
24.396.489/0001-20;2025-03-31;1;BRK AMBIENTAL PARTICIPAÇÕES S.A.;024830;ITR;147659;2025-05-14;http://www.rad.cvm.gov.br/ENETCONSULTA/frmDownloadDocumento.aspx?CodigoInstituicao=1&NumeroSequencialDocumento=147659
24.396.489/0001-20;2025-06-30;1;BRK AMBIENTAL PARTICIPAÇÕES S.A.;024830;ITR;151111;2025-08-13;http://www.rad.cvm.gov.br/ENETCONSULTA/frmDownloadDocumento.aspx?CodigoInstituicao=1&NumeroSequencialDocumento=151111
24.396.489/0001-20;2025-09-30;1;BRK AMBIENTAL PARTICIPAÇÕES S.A.;024830;ITR;153049;2025-11-12;http://www.rad.cvm.gov.br/ENETCONSULTA/frmDownloadDocumento.aspx?CodigoInstituicao=1&NumeroSequencialDocumento=153049
24.624.490/0001-65;2025-03-31;1;ARGO TRANSMISSÃO DE ENERGIA S/A;024210;ITR;147551;2025-05-13;http://www.rad.cvm.gov.br/ENETCONSULTA/frmDownloadDocumento.aspx?CodigoInstituicao=1&NumeroSequencialDocumento=147551
24.624.490/0001-65;2025-06-30;1;ARGO TRANSMISSÃO DE ENERGIA S/A;024210;ITR;151067;2025-08-13;http://www.rad.cvm.gov.br/ENETCONSULTA/frmDownloadDocumento.aspx?CodigoInstituicao=1&NumeroSequencialDocumento=151067
24.624.490/0001-65;2025-09-30;1;ARGO TRANSMISSÃO DE ENERGIA S/A;024210;ITR;153101;2025-11-12;http://www.rad.cvm.gov.br/ENETCONSULTA/frmDownloadDocumento.aspx?CodigoInstituicao=1&NumeroSequencialDocumento=153101
24.624.551/0001-94;2025-03-31;1;ARGO ENERGIA EMPREENDIMENTOS E PARTICIPAÇÕES S/A;024120;ITR;147570;2025-05-14;http://www.rad.cvm.gov.br/ENETCONSULTA/frmDownloadDocumento.aspx?CodigoInstituicao=1&NumeroSequencialDocumento=147570
24.624.551/0001-94;2025-03-31;2;ARGO ENERGIA EMPREENDIMENTOS E PARTICIPAÇÕES S/A;024120;ITR;147605;2025-05-14;http://www.rad.cvm.gov.br/ENETCONSULTA/frmDownloadDocumento.aspx?CodigoInstituicao=1&NumeroSequencialDocumento=147605
24.624.551/0001-94;2025-06-30;1;ARGO ENERGIA EMPREENDIMENTOS E PARTICIPAÇÕES S/A;024120;ITR;151072;2025-08-13;http://www.rad.cvm.gov.br/ENETCONSULTA/frmDownloadDocumento.aspx?CodigoInstituicao=1&NumeroSequencialDocumento=151072
24.624.551/0001-94;2025-06-30;2;ARGO ENERGIA EMPREENDIMENTOS E PARTICIPAÇÕES S/A;024120;ITR;151455;2025-08-15;http://www.rad.cvm.gov.br/ENETCONSULTA/frmDownloadDocumento.aspx?CodigoInstituicao=1&NumeroSequencialDocumento=151455
24.624.551/0001-94;2025-09-30;1;ARGO ENERGIA EMPREENDIMENTOS E PARTICIPAÇÕES S/A;024120;ITR;153098;2025-11-12;http://www.rad.cvm.gov.br/ENETCONSULTA/frmDownloadDocumento.aspx?CodigoInstituicao=1&NumeroSequencialDocumento=153098
24.921.465/0001-43;2025-03-31;1;BLUEFIT ACADEMIAS DE GINÁSTICA E PARTICIPAÇÕES S.A.;026204;ITR;147617;2025-05-14;http://www.rad.cvm.gov.br/ENETCONSULTA/frmDownloadDocumento.aspx?CodigoInstituicao=1&NumeroSequencialDocumento=147617
24.921.465/0001-43;2025-06-30;1;BLUEFIT ACADEMIAS DE GINÁSTICA E PARTICIPAÇÕES S.A.;026204;ITR;151151;2025-08-13;http://www.rad.cvm.gov.br/ENETCONSULTA/frmDownloadDocumento.aspx?CodigoInstituicao=1&NumeroSequencialDocumento=151151
24.921.465/0001-43;2025-09-30;1;BLUEFIT ACADEMIAS DE GINÁSTICA E PARTICIPAÇÕES S.A.;026204;ITR;153216;2025-11-13;http://www.rad.cvm.gov.br/ENETCONSULTA/frmDownloadDocumento.aspx?CodigoInstituicao=1&NumeroSequencialDocumento=153216
24.962.466/0001-36;2025-03-31;1;RUMO MALHA NORTE S.A.;015300;ITR;147542;2025-05-13;http://www.rad.cvm.gov.br/ENETCONSULTA/frmDownloadDocumento.aspx?CodigoInstituicao=1&NumeroSequencialDocumento=147542
24.962.466/0001-36;2025-06-30;1;RUMO MALHA NORTE S.A.;015300;ITR;151018;2025-08-12;http://www.rad.cvm.gov.br/ENETCONSULTA/frmDownloadDocumento.aspx?CodigoInstituicao=1&NumeroSequencialDocumento=151018
24.962.466/0001-36;2025-09-30;1;RUMO MALHA NORTE S.A.;015300;ITR;153378;2025-11-14;http://www.rad.cvm.gov.br/ENETCONSULTA/frmDownloadDocumento.aspx?CodigoInstituicao=1&NumeroSequencialDocumento=153378
24.990.777/0001-09;2025-03-31;1;GRUPO MATEUS S.A.;025186;ITR;146801;2025-05-05;http://www.rad.cvm.gov.br/ENETCONSULTA/frmDownloadDocumento.aspx?CodigoInstituicao=1&NumeroSequencialDocumento=146801
24.990.777/0001-09;2025-06-30;1;GRUPO MATEUS S.A.;025186;ITR;151037;2025-08-12;http://www.rad.cvm.gov.br/ENETCONSULTA/frmDownloadDocumento.aspx?CodigoInstituicao=1&NumeroSequencialDocumento=151037
24.990.777/0001-09;2025-09-30;1;GRUPO MATEUS S.A.;025186;ITR;153261;2025-11-14;http://www.rad.cvm.gov.br/ENETCONSULTA/frmDownloadDocumento.aspx?CodigoInstituicao=1&NumeroSequencialDocumento=153261
25.249.439/0001-83;2025-03-31;1;HOSPITAL CARE CALEDONIA S.A.;025771;ITR;148143;2025-05-21;http://www.rad.cvm.gov.br/ENETCONSULTA/frmDownloadDocumento.aspx?CodigoInstituicao=1&NumeroSequencialDocumento=148143
25.249.439/0001-83;2025-06-30;1;HOSPITAL CARE CALEDONIA S.A.;025771;ITR;151533;2025-08-19;http://www.rad.cvm.gov.br/ENETCONSULTA/frmDownloadDocumento.aspx?CodigoInstituicao=1&NumeroSequencialDocumento=151533
25.249.439/0001-83;2025-09-30;1;HOSPITAL CARE CALEDONIA S.A.;025771;ITR;157998;2026-05-26;http://www.rad.cvm.gov.br/ENETCONSULTA/frmDownloadDocumento.aspx?CodigoInstituicao=1&NumeroSequencialDocumento=157998
25.369.840/0001-57;2025-03-31;1;COMERC ENERGIA S.A.;026280;ITR;146888;2025-05-06;http://www.rad.cvm.gov.br/ENETCONSULTA/frmDownloadDocumento.aspx?CodigoInstituicao=1&NumeroSequencialDocumento=146888
25.369.840/0001-57;2025-03-31;2;COMERC ENERGIA S.A.;026280;ITR;147992;2025-05-16;http://www.rad.cvm.gov.br/ENETCONSULTA/frmDownloadDocumento.aspx?CodigoInstituicao=1&NumeroSequencialDocumento=147992
25.369.840/0001-57;2025-06-30;1;COMERC ENERGIA S.A.;026280;ITR;150890;2025-08-11;http://www.rad.cvm.gov.br/ENETCONSULTA/frmDownloadDocumento.aspx?CodigoInstituicao=1&NumeroSequencialDocumento=150890
25.369.840/0001-57;2025-09-30;1;COMERC ENERGIA S.A.;026280;ITR;152711;2025-11-05;http://www.rad.cvm.gov.br/ENETCONSULTA/frmDownloadDocumento.aspx?CodigoInstituicao=1&NumeroSequencialDocumento=152711
26.072.786/0001-46;2025-03-31;1;QESTRA TECNOLOGIA ADMINISTRAÇÃO E PARTICIPAÇÕES S.A.;026816;ITR;147460;2025-05-13;http://www.rad.cvm.gov.br/ENETCONSULTA/frmDownloadDocumento.aspx?CodigoInstituicao=1&NumeroSequencialDocumento=147460
26.345.998/0001-50;2025-03-31;1;ECONOMATICA S.A.;026077;ITR;147678;2025-05-14;http://www.rad.cvm.gov.br/ENETCONSULTA/frmDownloadDocumento.aspx?CodigoInstituicao=1&NumeroSequencialDocumento=147678
26.345.998/0001-50;2025-06-30;1;ECONOMATICA S.A.;026077;ITR;151186;2025-08-13;http://www.rad.cvm.gov.br/ENETCONSULTA/frmDownloadDocumento.aspx?CodigoInstituicao=1&NumeroSequencialDocumento=151186
26.345.998/0001-50;2025-09-30;1;ECONOMATICA S.A.;026077;ITR;153231;2025-11-13;http://www.rad.cvm.gov.br/ENETCONSULTA/frmDownloadDocumento.aspx?CodigoInstituicao=1&NumeroSequencialDocumento=153231
26.462.693/0001-28;2025-03-31;1;LAVVI EMPREENDIMENTOS IMOBILIÁRIOS S.A.;025062;ITR;146944;2025-05-07;http://www.rad.cvm.gov.br/ENETCONSULTA/frmDownloadDocumento.aspx?CodigoInstituicao=1&NumeroSequencialDocumento=146944
26.462.693/0001-28;2025-06-30;1;LAVVI EMPREENDIMENTOS IMOBILIÁRIOS S.A.;025062;ITR;150641;2025-08-06;http://www.rad.cvm.gov.br/ENETCONSULTA/frmDownloadDocumento.aspx?CodigoInstituicao=1&NumeroSequencialDocumento=150641
26.462.693/0001-28;2025-06-30;2;LAVVI EMPREENDIMENTOS IMOBILIÁRIOS S.A.;025062;ITR;150668;2025-08-06;http://www.rad.cvm.gov.br/ENETCONSULTA/frmDownloadDocumento.aspx?CodigoInstituicao=1&NumeroSequencialDocumento=150668
26.462.693/0001-28;2025-09-30;1;LAVVI EMPREENDIMENTOS IMOBILIÁRIOS S.A.;025062;ITR;152689;2025-11-05;http://www.rad.cvm.gov.br/ENETCONSULTA/frmDownloadDocumento.aspx?CodigoInstituicao=1&NumeroSequencialDocumento=152689
26.609.050/0001-64;2025-03-31;1;TRAVESSIA SECURITIZADORA S.A.;024082;ITR;147929;2025-05-15;http://www.rad.cvm.gov.br/ENETCONSULTA/frmDownloadDocumento.aspx?CodigoInstituicao=1&NumeroSequencialDocumento=147929
26.609.050/0001-64;2025-06-30;1;TRAVESSIA SECURITIZADORA S.A.;024082;ITR;151336;2025-08-14;http://www.rad.cvm.gov.br/ENETCONSULTA/frmDownloadDocumento.aspx?CodigoInstituicao=1&NumeroSequencialDocumento=151336
26.609.050/0001-64;2025-09-30;1;TRAVESSIA SECURITIZADORA S.A.;024082;ITR;152960;2025-11-11;http://www.rad.cvm.gov.br/ENETCONSULTA/frmDownloadDocumento.aspx?CodigoInstituicao=1&NumeroSequencialDocumento=152960
26.659.061/0001-59;2025-03-31;1;MPM CORPÓREOS S.A.;025445;ITR;146978;2025-05-07;http://www.rad.cvm.gov.br/ENETCONSULTA/frmDownloadDocumento.aspx?CodigoInstituicao=1&NumeroSequencialDocumento=146978
26.659.061/0001-59;2025-06-30;1;MPM CORPÓREOS S.A.;025445;ITR;150653;2025-08-06;http://www.rad.cvm.gov.br/ENETCONSULTA/frmDownloadDocumento.aspx?CodigoInstituicao=1&NumeroSequencialDocumento=150653
26.659.061/0001-59;2025-09-30;1;MPM CORPÓREOS S.A.;025445;ITR;152780;2025-11-06;http://www.rad.cvm.gov.br/ENETCONSULTA/frmDownloadDocumento.aspx?CodigoInstituicao=1&NumeroSequencialDocumento=152780
26.664.057/0001-89;2025-03-31;1;ENTREVIAS CONCESSIONÁRIA DE RODOVIAS S.A.;024341;ITR;147872;2025-05-15;http://www.rad.cvm.gov.br/ENETCONSULTA/frmDownloadDocumento.aspx?CodigoInstituicao=1&NumeroSequencialDocumento=147872
26.664.057/0001-89;2025-06-30;1;ENTREVIAS CONCESSIONÁRIA DE RODOVIAS S.A.;024341;ITR;151421;2025-08-14;http://www.rad.cvm.gov.br/ENETCONSULTA/frmDownloadDocumento.aspx?CodigoInstituicao=1&NumeroSequencialDocumento=151421
26.664.057/0001-89;2025-09-30;1;ENTREVIAS CONCESSIONÁRIA DE RODOVIAS S.A.;024341;ITR;153227;2025-11-13;http://www.rad.cvm.gov.br/ENETCONSULTA/frmDownloadDocumento.aspx?CodigoInstituicao=1&NumeroSequencialDocumento=153227
26.845.702/0001-60;2025-03-31;1;BELÉM TRANSMISSORA DE ENERGIA S.A;024457;ITR;147865;2025-05-15;http://www.rad.cvm.gov.br/ENETCONSULTA/frmDownloadDocumento.aspx?CodigoInstituicao=1&NumeroSequencialDocumento=147865
26.845.702/0001-60;2025-06-30;1;BELÉM TRANSMISSORA DE ENERGIA S.A;024457;ITR;151038;2025-08-12;http://www.rad.cvm.gov.br/ENETCONSULTA/frmDownloadDocumento.aspx?CodigoInstituicao=1&NumeroSequencialDocumento=151038
26.845.702/0001-60;2025-09-30;1;BELÉM TRANSMISSORA DE ENERGIA S.A;024457;ITR;153201;2025-11-13;http://www.rad.cvm.gov.br/ENETCONSULTA/frmDownloadDocumento.aspx?CodigoInstituicao=1&NumeroSequencialDocumento=153201
26.982.634/0001-80;2025-03-31;1;TURBI COMPARTILHAMENTO DE VEÍCULOS S.A.;027197;ITR;148044;2025-05-19;http://www.rad.cvm.gov.br/ENETCONSULTA/frmDownloadDocumento.aspx?CodigoInstituicao=1&NumeroSequencialDocumento=148044
26.982.634/0001-80;2025-03-31;2;TURBI COMPARTILHAMENTO DE VEÍCULOS S.A.;027197;ITR;148045;2025-05-19;http://www.rad.cvm.gov.br/ENETCONSULTA/frmDownloadDocumento.aspx?CodigoInstituicao=1&NumeroSequencialDocumento=148045
26.982.634/0001-80;2025-03-31;3;TURBI COMPARTILHAMENTO DE VEÍCULOS S.A.;027197;ITR;148046;2025-05-19;http://www.rad.cvm.gov.br/ENETCONSULTA/frmDownloadDocumento.aspx?CodigoInstituicao=1&NumeroSequencialDocumento=148046
26.982.634/0001-80;2025-03-31;4;TURBI COMPARTILHAMENTO DE VEÍCULOS S.A.;027197;ITR;148047;2025-05-19;http://www.rad.cvm.gov.br/ENETCONSULTA/frmDownloadDocumento.aspx?CodigoInstituicao=1&NumeroSequencialDocumento=148047
26.982.634/0001-80;2025-03-31;5;TURBI COMPARTILHAMENTO DE VEÍCULOS S.A.;027197;ITR;148093;2025-05-20;http://www.rad.cvm.gov.br/ENETCONSULTA/frmDownloadDocumento.aspx?CodigoInstituicao=1&NumeroSequencialDocumento=148093
26.982.634/0001-80;2025-06-30;1;TURBI COMPARTILHAMENTO DE VEÍCULOS S.A.;027197;ITR;151641;2025-08-26;http://www.rad.cvm.gov.br/ENETCONSULTA/frmDownloadDocumento.aspx?CodigoInstituicao=1&NumeroSequencialDocumento=151641
26.982.634/0001-80;2025-09-30;1;TURBI COMPARTILHAMENTO DE VEÍCULOS S.A.;027197;ITR;153245;2025-11-13;http://www.rad.cvm.gov.br/ENETCONSULTA/frmDownloadDocumento.aspx?CodigoInstituicao=1&NumeroSequencialDocumento=153245
27.093.558/0001-15;2025-03-31;1;MILLS LOCAÇÃO, SERVIÇOS E LOGÍSTICA S.A.;022012;ITR;147009;2025-05-07;http://www.rad.cvm.gov.br/ENETCONSULTA/frmDownloadDocumento.aspx?CodigoInstituicao=1&NumeroSequencialDocumento=147009
27.093.558/0001-15;2025-06-30;1;MILLS LOCAÇÃO, SERVIÇOS E LOGÍSTICA S.A.;022012;ITR;150946;2025-08-12;http://www.rad.cvm.gov.br/ENETCONSULTA/frmDownloadDocumento.aspx?CodigoInstituicao=1&NumeroSequencialDocumento=150946
27.093.558/0001-15;2025-09-30;1;MILLS LOCAÇÃO, SERVIÇOS E LOGÍSTICA S.A.;022012;ITR;152978;2025-11-11;http://www.rad.cvm.gov.br/ENETCONSULTA/frmDownloadDocumento.aspx?CodigoInstituicao=1&NumeroSequencialDocumento=152978
27.137.879/0001-74;2025-03-31;1;CIA SEC DE CRÉDITOS FINANCEIROS CARTÕES CONSIGNADOS I;024147;ITR;147583;2025-05-14;http://www.rad.cvm.gov.br/ENETCONSULTA/frmDownloadDocumento.aspx?CodigoInstituicao=1&NumeroSequencialDocumento=147583
27.137.879/0001-74;2025-03-31;2;CIA SEC DE CRÉDITOS FINANCEIROS CARTÕES CONSIGNADOS I;024147;ITR;148595;2025-05-30;http://www.rad.cvm.gov.br/ENETCONSULTA/frmDownloadDocumento.aspx?CodigoInstituicao=1&NumeroSequencialDocumento=148595
27.137.879/0001-74;2025-06-30;1;CIA SEC DE CRÉDITOS FINANCEIROS CARTÕES CONSIGNADOS I;024147;ITR;150636;2025-08-06;http://www.rad.cvm.gov.br/ENETCONSULTA/frmDownloadDocumento.aspx?CodigoInstituicao=1&NumeroSequencialDocumento=150636
27.137.879/0001-74;2025-09-30;1;CIA SEC DE CRÉDITOS FINANCEIROS CARTÕES CONSIGNADOS I;024147;ITR;152685;2025-11-05;http://www.rad.cvm.gov.br/ENETCONSULTA/frmDownloadDocumento.aspx?CodigoInstituicao=1&NumeroSequencialDocumento=152685
27.157.474/0001-06;2025-03-31;1;ÁGUAS DE TERESINA SANEAMENTO SPE S.A.;025615;ITR;146997;2025-05-07;http://www.rad.cvm.gov.br/ENETCONSULTA/frmDownloadDocumento.aspx?CodigoInstituicao=1&NumeroSequencialDocumento=146997
27.157.474/0001-06;2025-06-30;1;ÁGUAS DE TERESINA SANEAMENTO SPE S.A.;025615;ITR;150665;2025-08-06;http://www.rad.cvm.gov.br/ENETCONSULTA/frmDownloadDocumento.aspx?CodigoInstituicao=1&NumeroSequencialDocumento=150665
27.157.474/0001-06;2025-09-30;1;ÁGUAS DE TERESINA SANEAMENTO SPE S.A.;025615;ITR;152728;2025-11-05;http://www.rad.cvm.gov.br/ENETCONSULTA/frmDownloadDocumento.aspx?CodigoInstituicao=1&NumeroSequencialDocumento=152728
27.743.642/0001-37;2025-03-31;1;CONSTRUTORA METROCASA S.A.;027340;ITR;147572;2025-05-14;http://www.rad.cvm.gov.br/ENETCONSULTA/frmDownloadDocumento.aspx?CodigoInstituicao=1&NumeroSequencialDocumento=147572
27.743.642/0001-37;2025-06-30;1;CONSTRUTORA METROCASA S.A.;027340;ITR;151208;2025-08-14;http://www.rad.cvm.gov.br/ENETCONSULTA/frmDownloadDocumento.aspx?CodigoInstituicao=1&NumeroSequencialDocumento=151208
27.743.642/0001-37;2025-09-30;1;CONSTRUTORA METROCASA S.A.;027340;ITR;153018;2025-11-12;http://www.rad.cvm.gov.br/ENETCONSULTA/frmDownloadDocumento.aspx?CodigoInstituicao=1&NumeroSequencialDocumento=153018
27.743.642/0001-37;2025-09-30;2;CONSTRUTORA METROCASA S.A.;027340;ITR;153313;2025-11-14;http://www.rad.cvm.gov.br/ENETCONSULTA/frmDownloadDocumento.aspx?CodigoInstituicao=1&NumeroSequencialDocumento=153313
27.902.165/0002-96;2025-03-31;1;HIGHLINE BRASIL II INFRAESTRUTURA DE TELECOMUNICAÇÕES S.A.;027880;ITR;149888;2025-07-11;http://www.rad.cvm.gov.br/ENETCONSULTA/frmDownloadDocumento.aspx?CodigoInstituicao=1&NumeroSequencialDocumento=149888
27.902.165/0002-96;2025-06-30;1;HIGHLINE BRASIL II INFRAESTRUTURA DE TELECOMUNICAÇÕES S.A.;027880;ITR;151523;2025-08-19;http://www.rad.cvm.gov.br/ENETCONSULTA/frmDownloadDocumento.aspx?CodigoInstituicao=1&NumeroSequencialDocumento=151523
27.902.165/0002-96;2025-09-30;1;HIGHLINE BRASIL II INFRAESTRUTURA DE TELECOMUNICAÇÕES S.A.;027880;ITR;153486;2025-11-19;http://www.rad.cvm.gov.br/ENETCONSULTA/frmDownloadDocumento.aspx?CodigoInstituicao=1&NumeroSequencialDocumento=153486
27.956.690/0001-03;2025-03-31;1;AUZZA SECURITIZADORA S. A.;024333;ITR;147338;2025-05-12;http://www.rad.cvm.gov.br/ENETCONSULTA/frmDownloadDocumento.aspx?CodigoInstituicao=1&NumeroSequencialDocumento=147338
27.956.690/0001-03;2025-03-31;2;AUZZA SECURITIZADORA S. A.;024333;ITR;148690;2025-05-30;http://www.rad.cvm.gov.br/ENETCONSULTA/frmDownloadDocumento.aspx?CodigoInstituicao=1&NumeroSequencialDocumento=148690
27.967.244/0001-02;2025-03-31;1;TAPAJÓS TRANSMISSORA DE ENERGIA S.A.;024481;ITR;147706;2025-05-14;http://www.rad.cvm.gov.br/ENETCONSULTA/frmDownloadDocumento.aspx?CodigoInstituicao=1&NumeroSequencialDocumento=147706
27.967.244/0001-02;2025-06-30;1;TAPAJÓS TRANSMISSORA DE ENERGIA S.A.;024481;ITR;151136;2025-08-13;http://www.rad.cvm.gov.br/ENETCONSULTA/frmDownloadDocumento.aspx?CodigoInstituicao=1&NumeroSequencialDocumento=151136
27.967.244/0001-02;2025-09-30;1;TAPAJÓS TRANSMISSORA DE ENERGIA S.A.;024481;ITR;152559;2025-10-30;http://www.rad.cvm.gov.br/ENETCONSULTA/frmDownloadDocumento.aspx?CodigoInstituicao=1&NumeroSequencialDocumento=152559
28.019.100/0001-89;2025-03-31;1;VIAPAULISTA S.A.;025607;ITR;147730;2025-05-15;http://www.rad.cvm.gov.br/ENETCONSULTA/frmDownloadDocumento.aspx?CodigoInstituicao=1&NumeroSequencialDocumento=147730
28.019.100/0001-89;2025-06-30;1;VIAPAULISTA S.A.;025607;ITR;151286;2025-08-14;http://www.rad.cvm.gov.br/ENETCONSULTA/frmDownloadDocumento.aspx?CodigoInstituicao=1&NumeroSequencialDocumento=151286
28.019.100/0001-89;2025-09-30;1;VIAPAULISTA S.A.;025607;ITR;153236;2025-11-13;http://www.rad.cvm.gov.br/ENETCONSULTA/frmDownloadDocumento.aspx?CodigoInstituicao=1&NumeroSequencialDocumento=153236
28.127.603/0001-78;2025-03-31;1;BANESTES S.A. - BCO EST ESPIRITO SANTO;001155;ITR;149297;2025-06-04;http://www.rad.cvm.gov.br/ENETCONSULTA/frmDownloadDocumento.aspx?CodigoInstituicao=1&NumeroSequencialDocumento=149297
28.127.603/0001-78;2025-03-31;2;BANESTES S.A. - BCO EST ESPIRITO SANTO;001155;ITR;149353;2025-06-09;http://www.rad.cvm.gov.br/ENETCONSULTA/frmDownloadDocumento.aspx?CodigoInstituicao=1&NumeroSequencialDocumento=149353
28.127.603/0001-78;2025-06-30;1;BANESTES S.A. - BCO EST ESPIRITO SANTO;001155;ITR;151159;2025-08-13;http://www.rad.cvm.gov.br/ENETCONSULTA/frmDownloadDocumento.aspx?CodigoInstituicao=1&NumeroSequencialDocumento=151159
28.127.603/0001-78;2025-06-30;2;BANESTES S.A. - BCO EST ESPIRITO SANTO;001155;ITR;151527;2025-08-19;http://www.rad.cvm.gov.br/ENETCONSULTA/frmDownloadDocumento.aspx?CodigoInstituicao=1&NumeroSequencialDocumento=151527
28.127.603/0001-78;2025-09-30;1;BANESTES S.A. - BCO EST ESPIRITO SANTO;001155;ITR;153173;2025-11-13;http://www.rad.cvm.gov.br/ENETCONSULTA/frmDownloadDocumento.aspx?CodigoInstituicao=1&NumeroSequencialDocumento=153173
28.152.650/0001-71;2025-03-31;1;EDP ESPIRITO SANTO DISTRIBUIÇÃO DE ENERGIA S.A.;015342;ITR;146966;2025-05-07;http://www.rad.cvm.gov.br/ENETCONSULTA/frmDownloadDocumento.aspx?CodigoInstituicao=1&NumeroSequencialDocumento=146966
28.152.650/0001-71;2025-06-30;1;EDP ESPIRITO SANTO DISTRIBUIÇÃO DE ENERGIA S.A.;015342;ITR;150286;2025-07-30;http://www.rad.cvm.gov.br/ENETCONSULTA/frmDownloadDocumento.aspx?CodigoInstituicao=1&NumeroSequencialDocumento=150286
28.152.650/0001-71;2025-09-30;1;EDP ESPIRITO SANTO DISTRIBUIÇÃO DE ENERGIA S.A.;015342;ITR;152558;2025-10-30;http://www.rad.cvm.gov.br/ENETCONSULTA/frmDownloadDocumento.aspx?CodigoInstituicao=1&NumeroSequencialDocumento=152558
28.195.667/0001-06;2025-03-31;1;BCO ABC BRASIL S.A.;020958;ITR;147185;2025-05-09;http://www.rad.cvm.gov.br/ENETCONSULTA/frmDownloadDocumento.aspx?CodigoInstituicao=1&NumeroSequencialDocumento=147185
28.195.667/0001-06;2025-03-31;2;BCO ABC BRASIL S.A.;020958;ITR;149265;2025-06-03;http://www.rad.cvm.gov.br/ENETCONSULTA/frmDownloadDocumento.aspx?CodigoInstituicao=1&NumeroSequencialDocumento=149265
28.195.667/0001-06;2025-06-30;1;BCO ABC BRASIL S.A.;020958;ITR;150899;2025-08-12;http://www.rad.cvm.gov.br/ENETCONSULTA/frmDownloadDocumento.aspx?CodigoInstituicao=1&NumeroSequencialDocumento=150899
28.195.667/0001-06;2025-09-30;1;BCO ABC BRASIL S.A.;020958;ITR;152733;2025-11-06;http://www.rad.cvm.gov.br/ENETCONSULTA/frmDownloadDocumento.aspx?CodigoInstituicao=1&NumeroSequencialDocumento=152733
28.201.130/0001-01;2025-03-31;1;ENERGISA TRANSMISSÃO DE ENERGIA S/A;024589;ITR;147154;2025-05-08;http://www.rad.cvm.gov.br/ENETCONSULTA/frmDownloadDocumento.aspx?CodigoInstituicao=1&NumeroSequencialDocumento=147154
28.201.130/0001-01;2025-06-30;1;ENERGISA TRANSMISSÃO DE ENERGIA S/A;024589;ITR;150770;2025-08-07;http://www.rad.cvm.gov.br/ENETCONSULTA/frmDownloadDocumento.aspx?CodigoInstituicao=1&NumeroSequencialDocumento=150770
28.201.130/0001-01;2025-09-30;1;ENERGISA TRANSMISSÃO DE ENERGIA S/A;024589;ITR;152763;2025-11-06;http://www.rad.cvm.gov.br/ENETCONSULTA/frmDownloadDocumento.aspx?CodigoInstituicao=1&NumeroSequencialDocumento=152763
28.367.479/0001-18;2025-03-31;1;QUANTUM PARTICIPAÇÕES S.A;027855;ITR;148163;2025-05-22;http://www.rad.cvm.gov.br/ENETCONSULTA/frmDownloadDocumento.aspx?CodigoInstituicao=1&NumeroSequencialDocumento=148163
28.367.479/0001-18;2025-06-30;1;QUANTUM PARTICIPAÇÕES S.A;027855;ITR;151308;2025-08-14;http://www.rad.cvm.gov.br/ENETCONSULTA/frmDownloadDocumento.aspx?CodigoInstituicao=1&NumeroSequencialDocumento=151308
28.367.479/0001-18;2025-09-30;1;QUANTUM PARTICIPAÇÕES S.A;027855;ITR;152997;2025-11-12;http://www.rad.cvm.gov.br/ENETCONSULTA/frmDownloadDocumento.aspx?CodigoInstituicao=1&NumeroSequencialDocumento=152997
28.594.234/0001-23;2025-03-31;1;AUREN ENERGIA S.A.;026620;ITR;146959;2025-05-07;http://www.rad.cvm.gov.br/ENETCONSULTA/frmDownloadDocumento.aspx?CodigoInstituicao=1&NumeroSequencialDocumento=146959
28.594.234/0001-23;2025-06-30;1;AUREN ENERGIA S.A.;026620;ITR;150738;2025-08-07;http://www.rad.cvm.gov.br/ENETCONSULTA/frmDownloadDocumento.aspx?CodigoInstituicao=1&NumeroSequencialDocumento=150738
28.594.234/0001-23;2025-09-30;1;AUREN ENERGIA S.A.;026620;ITR;153055;2025-11-12;http://www.rad.cvm.gov.br/ENETCONSULTA/frmDownloadDocumento.aspx?CodigoInstituicao=1&NumeroSequencialDocumento=153055
28.925.264/0001-75;2025-03-31;1;COMPANHIA ENERGÉTICA JAGUARA;024422;ITR;147640;2025-05-14;http://www.rad.cvm.gov.br/ENETCONSULTA/frmDownloadDocumento.aspx?CodigoInstituicao=1&NumeroSequencialDocumento=147640
28.925.264/0001-75;2025-03-31;2;COMPANHIA ENERGÉTICA JAGUARA;024422;ITR;147654;2025-05-14;http://www.rad.cvm.gov.br/ENETCONSULTA/frmDownloadDocumento.aspx?CodigoInstituicao=1&NumeroSequencialDocumento=147654
28.925.264/0001-75;2025-06-30;1;COMPANHIA ENERGÉTICA JAGUARA;024422;ITR;151283;2025-08-14;http://www.rad.cvm.gov.br/ENETCONSULTA/frmDownloadDocumento.aspx?CodigoInstituicao=1&NumeroSequencialDocumento=151283
28.925.264/0001-75;2025-09-30;1;COMPANHIA ENERGÉTICA JAGUARA;024422;ITR;153159;2025-11-13;http://www.rad.cvm.gov.br/ENETCONSULTA/frmDownloadDocumento.aspx?CodigoInstituicao=1&NumeroSequencialDocumento=153159
28.942.127/0001-49;2025-03-31;1;COMPANHIA ENERGÉTICA MIRANDA;024430;ITR;147645;2025-05-14;http://www.rad.cvm.gov.br/ENETCONSULTA/frmDownloadDocumento.aspx?CodigoInstituicao=1&NumeroSequencialDocumento=147645
28.942.127/0001-49;2025-03-31;2;COMPANHIA ENERGÉTICA MIRANDA;024430;ITR;147658;2025-05-14;http://www.rad.cvm.gov.br/ENETCONSULTA/frmDownloadDocumento.aspx?CodigoInstituicao=1&NumeroSequencialDocumento=147658
28.942.127/0001-49;2025-06-30;1;COMPANHIA ENERGÉTICA MIRANDA;024430;ITR;151291;2025-08-14;http://www.rad.cvm.gov.br/ENETCONSULTA/frmDownloadDocumento.aspx?CodigoInstituicao=1&NumeroSequencialDocumento=151291
28.942.127/0001-49;2025-09-30;1;COMPANHIA ENERGÉTICA MIRANDA;024430;ITR;153151;2025-11-13;http://www.rad.cvm.gov.br/ENETCONSULTA/frmDownloadDocumento.aspx?CodigoInstituicao=1&NumeroSequencialDocumento=153151
29.780.061/0001-09;2025-03-31;1;SAO CARLOS EMPREEND E PARTICIPACOES S.A.;013781;ITR;147119;2025-05-08;http://www.rad.cvm.gov.br/ENETCONSULTA/frmDownloadDocumento.aspx?CodigoInstituicao=1&NumeroSequencialDocumento=147119
29.780.061/0001-09;2025-06-30;1;SAO CARLOS EMPREEND E PARTICIPACOES S.A.;013781;ITR;151030;2025-08-12;http://www.rad.cvm.gov.br/ENETCONSULTA/frmDownloadDocumento.aspx?CodigoInstituicao=1&NumeroSequencialDocumento=151030
29.780.061/0001-09;2025-09-30;1;SAO CARLOS EMPREEND E PARTICIPACOES S.A.;013781;ITR;153051;2025-11-12;http://www.rad.cvm.gov.br/ENETCONSULTA/frmDownloadDocumento.aspx?CodigoInstituicao=1&NumeroSequencialDocumento=153051
29.884.545/0001-90;2025-03-31;1;ECORIOMINAS CONCESSIONÁRIA DE RODOVIAS S.A.;027456;ITR;147096;2025-05-08;http://www.rad.cvm.gov.br/ENETCONSULTA/frmDownloadDocumento.aspx?CodigoInstituicao=1&NumeroSequencialDocumento=147096
29.884.545/0001-90;2025-06-30;1;ECORIOMINAS CONCESSIONÁRIA DE RODOVIAS S.A.;027456;ITR;150278;2025-07-30;http://www.rad.cvm.gov.br/ENETCONSULTA/frmDownloadDocumento.aspx?CodigoInstituicao=1&NumeroSequencialDocumento=150278
29.884.545/0001-90;2025-09-30;1;ECORIOMINAS CONCESSIONÁRIA DE RODOVIAS S.A.;027456;ITR;152949;2025-11-11;http://www.rad.cvm.gov.br/ENETCONSULTA/frmDownloadDocumento.aspx?CodigoInstituicao=1&NumeroSequencialDocumento=152949
29.950.060/0001-57;2025-03-31;1;NORTEC QUÍMICA S.A.;022985;ITR;147785;2025-05-15;http://www.rad.cvm.gov.br/ENETCONSULTA/frmDownloadDocumento.aspx?CodigoInstituicao=1&NumeroSequencialDocumento=147785
29.980.141/0001-08;2025-03-31;1;OCEÂNICA ENGENHARIA E CONSULTORIA S.A.;026956;ITR;147419;2025-05-12;http://www.rad.cvm.gov.br/ENETCONSULTA/frmDownloadDocumento.aspx?CodigoInstituicao=1&NumeroSequencialDocumento=147419
29.980.141/0001-08;2025-06-30;1;OCEÂNICA ENGENHARIA E CONSULTORIA S.A.;026956;ITR;151406;2025-08-14;http://www.rad.cvm.gov.br/ENETCONSULTA/frmDownloadDocumento.aspx?CodigoInstituicao=1&NumeroSequencialDocumento=151406
29.980.141/0001-08;2025-06-30;2;OCEÂNICA ENGENHARIA E CONSULTORIA S.A.;026956;ITR;151992;2025-09-23;http://www.rad.cvm.gov.br/ENETCONSULTA/frmDownloadDocumento.aspx?CodigoInstituicao=1&NumeroSequencialDocumento=151992
29.980.141/0001-08;2025-09-30;1;OCEÂNICA ENGENHARIA E CONSULTORIA S.A.;026956;ITR;153248;2025-11-13;http://www.rad.cvm.gov.br/ENETCONSULTA/frmDownloadDocumento.aspx?CodigoInstituicao=1&NumeroSequencialDocumento=153248
30.213.493/0001-09;2025-03-31;1;TEGRA INCORPORADORA S.A.;025844;ITR;147497;2025-05-13;http://www.rad.cvm.gov.br/ENETCONSULTA/frmDownloadDocumento.aspx?CodigoInstituicao=1&NumeroSequencialDocumento=147497
30.213.493/0001-09;2025-06-30;1;TEGRA INCORPORADORA S.A.;025844;ITR;151282;2025-08-14;http://www.rad.cvm.gov.br/ENETCONSULTA/frmDownloadDocumento.aspx?CodigoInstituicao=1&NumeroSequencialDocumento=151282
30.213.493/0001-09;2025-09-30;1;TEGRA INCORPORADORA S.A.;025844;ITR;153267;2025-11-14;http://www.rad.cvm.gov.br/ENETCONSULTA/frmDownloadDocumento.aspx?CodigoInstituicao=1&NumeroSequencialDocumento=153267
30.306.294/0001-45;2025-03-31;1;BCO BTG PACTUAL S.A.;022616;ITR;147320;2025-05-12;http://www.rad.cvm.gov.br/ENETCONSULTA/frmDownloadDocumento.aspx?CodigoInstituicao=1&NumeroSequencialDocumento=147320
30.306.294/0001-45;2025-03-31;2;BCO BTG PACTUAL S.A.;022616;ITR;147324;2025-05-12;http://www.rad.cvm.gov.br/ENETCONSULTA/frmDownloadDocumento.aspx?CodigoInstituicao=1&NumeroSequencialDocumento=147324
30.306.294/0001-45;2025-03-31;3;BCO BTG PACTUAL S.A.;022616;ITR;147417;2025-05-12;http://www.rad.cvm.gov.br/ENETCONSULTA/frmDownloadDocumento.aspx?CodigoInstituicao=1&NumeroSequencialDocumento=147417
30.306.294/0001-45;2025-03-31;4;BCO BTG PACTUAL S.A.;022616;ITR;148233;2025-05-23;http://www.rad.cvm.gov.br/ENETCONSULTA/frmDownloadDocumento.aspx?CodigoInstituicao=1&NumeroSequencialDocumento=148233
30.306.294/0001-45;2025-03-31;5;BCO BTG PACTUAL S.A.;022616;ITR;148234;2025-05-23;http://www.rad.cvm.gov.br/ENETCONSULTA/frmDownloadDocumento.aspx?CodigoInstituicao=1&NumeroSequencialDocumento=148234
30.306.294/0001-45;2025-03-31;6;BCO BTG PACTUAL S.A.;022616;ITR;148236;2025-05-23;http://www.rad.cvm.gov.br/ENETCONSULTA/frmDownloadDocumento.aspx?CodigoInstituicao=1&NumeroSequencialDocumento=148236
30.306.294/0001-45;2025-06-30;1;BCO BTG PACTUAL S.A.;022616;ITR;150898;2025-08-12;http://www.rad.cvm.gov.br/ENETCONSULTA/frmDownloadDocumento.aspx?CodigoInstituicao=1&NumeroSequencialDocumento=150898
30.306.294/0001-45;2025-06-30;2;BCO BTG PACTUAL S.A.;022616;ITR;151430;2025-08-14;http://www.rad.cvm.gov.br/ENETCONSULTA/frmDownloadDocumento.aspx?CodigoInstituicao=1&NumeroSequencialDocumento=151430
30.306.294/0001-45;2025-06-30;3;BCO BTG PACTUAL S.A.;022616;ITR;151766;2025-09-04;http://www.rad.cvm.gov.br/ENETCONSULTA/frmDownloadDocumento.aspx?CodigoInstituicao=1&NumeroSequencialDocumento=151766
30.306.294/0001-45;2025-09-30;1;BCO BTG PACTUAL S.A.;022616;ITR;152901;2025-11-11;http://www.rad.cvm.gov.br/ENETCONSULTA/frmDownloadDocumento.aspx?CodigoInstituicao=1&NumeroSequencialDocumento=152901
30.306.294/0001-45;2025-09-30;2;BCO BTG PACTUAL S.A.;022616;ITR;153422;2025-11-14;http://www.rad.cvm.gov.br/ENETCONSULTA/frmDownloadDocumento.aspx?CodigoInstituicao=1&NumeroSequencialDocumento=153422
30.540.991/0001-66;2025-03-31;1;HAGA S.A. INDUSTRIA E COMERCIO;013366;ITR;147442;2025-05-13;http://www.rad.cvm.gov.br/ENETCONSULTA/frmDownloadDocumento.aspx?CodigoInstituicao=1&NumeroSequencialDocumento=147442
30.540.991/0001-66;2025-06-30;1;HAGA S.A. INDUSTRIA E COMERCIO;013366;ITR;151075;2025-08-13;http://www.rad.cvm.gov.br/ENETCONSULTA/frmDownloadDocumento.aspx?CodigoInstituicao=1&NumeroSequencialDocumento=151075
30.540.991/0001-66;2025-09-30;1;HAGA S.A. INDUSTRIA E COMERCIO;013366;ITR;153129;2025-11-13;http://www.rad.cvm.gov.br/ENETCONSULTA/frmDownloadDocumento.aspx?CodigoInstituicao=1&NumeroSequencialDocumento=153129
31.001.230/0001-07;2025-03-31;1;CELEO REDES TRANSMISSÃO DE ENERGIA S.A.;024597;ITR;147858;2025-05-15;http://www.rad.cvm.gov.br/ENETCONSULTA/frmDownloadDocumento.aspx?CodigoInstituicao=1&NumeroSequencialDocumento=147858
31.001.230/0001-07;2025-06-30;1;CELEO REDES TRANSMISSÃO DE ENERGIA S.A.;024597;ITR;150197;2025-07-29;http://www.rad.cvm.gov.br/ENETCONSULTA/frmDownloadDocumento.aspx?CodigoInstituicao=1&NumeroSequencialDocumento=150197
31.001.230/0001-07;2025-09-30;1;CELEO REDES TRANSMISSÃO DE ENERGIA S.A.;024597;ITR;153036;2025-11-12;http://www.rad.cvm.gov.br/ENETCONSULTA/frmDownloadDocumento.aspx?CodigoInstituicao=1&NumeroSequencialDocumento=153036
31.468.139/0001-98;2025-03-31;1;CASA DE PEDRA SECURITIZADORA DE CREDITO S/A;024643;ITR;147755;2025-05-15;http://www.rad.cvm.gov.br/ENETCONSULTA/frmDownloadDocumento.aspx?CodigoInstituicao=1&NumeroSequencialDocumento=147755
31.468.139/0001-98;2025-06-30;1;CASA DE PEDRA SECURITIZADORA DE CREDITO S/A;024643;ITR;151088;2025-08-13;http://www.rad.cvm.gov.br/ENETCONSULTA/frmDownloadDocumento.aspx?CodigoInstituicao=1&NumeroSequencialDocumento=151088
31.468.139/0001-98;2025-09-30;1;CASA DE PEDRA SECURITIZADORA DE CREDITO S/A;024643;ITR;153115;2025-11-13;http://www.rad.cvm.gov.br/ENETCONSULTA/frmDownloadDocumento.aspx?CodigoInstituicao=1&NumeroSequencialDocumento=153115
31.468.139/0001-98;2025-09-30;2;CASA DE PEDRA SECURITIZADORA DE CREDITO S/A;024643;ITR;153146;2025-11-13;http://www.rad.cvm.gov.br/ENETCONSULTA/frmDownloadDocumento.aspx?CodigoInstituicao=1&NumeroSequencialDocumento=153146
31.553.627/0001-01;2025-03-31;1;GRUPO TOKY S.A. - EM RECUPERAÇÃO JUDICIAL;025461;ITR;148413;2025-05-28;http://www.rad.cvm.gov.br/ENETCONSULTA/frmDownloadDocumento.aspx?CodigoInstituicao=1&NumeroSequencialDocumento=148413
31.553.627/0001-01;2025-03-31;2;GRUPO TOKY S.A. - EM RECUPERAÇÃO JUDICIAL;025461;ITR;149291;2025-06-04;http://www.rad.cvm.gov.br/ENETCONSULTA/frmDownloadDocumento.aspx?CodigoInstituicao=1&NumeroSequencialDocumento=149291
31.553.627/0001-01;2025-06-30;1;GRUPO TOKY S.A. - EM RECUPERAÇÃO JUDICIAL;025461;ITR;151669;2025-08-27;http://www.rad.cvm.gov.br/ENETCONSULTA/frmDownloadDocumento.aspx?CodigoInstituicao=1&NumeroSequencialDocumento=151669
31.553.627/0001-01;2025-09-30;1;GRUPO TOKY S.A. - EM RECUPERAÇÃO JUDICIAL;025461;ITR;153432;2025-11-14;http://www.rad.cvm.gov.br/ENETCONSULTA/frmDownloadDocumento.aspx?CodigoInstituicao=1&NumeroSequencialDocumento=153432
31.553.627/0001-01;2025-09-30;2;GRUPO TOKY S.A. - EM RECUPERAÇÃO JUDICIAL;025461;ITR;153433;2025-11-15;http://www.rad.cvm.gov.br/ENETCONSULTA/frmDownloadDocumento.aspx?CodigoInstituicao=1&NumeroSequencialDocumento=153433
31.553.627/0001-01;2025-09-30;3;GRUPO TOKY S.A. - EM RECUPERAÇÃO JUDICIAL;025461;ITR;153435;2025-11-16;http://www.rad.cvm.gov.br/ENETCONSULTA/frmDownloadDocumento.aspx?CodigoInstituicao=1&NumeroSequencialDocumento=153435
31.748.174/0001-60;2025-03-31;1;VERO S.A.;026409;ITR;147548;2025-05-13;http://www.rad.cvm.gov.br/ENETCONSULTA/frmDownloadDocumento.aspx?CodigoInstituicao=1&NumeroSequencialDocumento=147548
31.748.174/0001-60;2025-06-30;1;VERO S.A.;026409;ITR;151107;2025-08-13;http://www.rad.cvm.gov.br/ENETCONSULTA/frmDownloadDocumento.aspx?CodigoInstituicao=1&NumeroSequencialDocumento=151107
31.748.174/0001-60;2025-09-30;1;VERO S.A.;026409;ITR;153088;2025-11-12;http://www.rad.cvm.gov.br/ENETCONSULTA/frmDownloadDocumento.aspx?CodigoInstituicao=1&NumeroSequencialDocumento=153088
32.021.201/0001-61;2025-03-31;1;ORIGEM ENERGIA S.A.;027227;ITR;147255;2025-05-09;http://www.rad.cvm.gov.br/ENETCONSULTA/frmDownloadDocumento.aspx?CodigoInstituicao=1&NumeroSequencialDocumento=147255
32.021.201/0001-61;2025-06-30;1;ORIGEM ENERGIA S.A.;027227;ITR;151397;2025-08-14;http://www.rad.cvm.gov.br/ENETCONSULTA/frmDownloadDocumento.aspx?CodigoInstituicao=1&NumeroSequencialDocumento=151397
32.021.201/0001-61;2025-09-30;1;ORIGEM ENERGIA S.A.;027227;ITR;153044;2025-11-12;http://www.rad.cvm.gov.br/ENETCONSULTA/frmDownloadDocumento.aspx?CodigoInstituicao=1&NumeroSequencialDocumento=153044
32.161.500/0001-00;2025-03-31;1;CONCESSIONÁRIA DAS RODOVIAS INTEGRADAS DO SUL S.A.;025356;ITR;147078;2025-05-08;http://www.rad.cvm.gov.br/ENETCONSULTA/frmDownloadDocumento.aspx?CodigoInstituicao=1&NumeroSequencialDocumento=147078
32.161.500/0001-00;2025-06-30;1;CONCESSIONÁRIA DAS RODOVIAS INTEGRADAS DO SUL S.A.;025356;ITR;150807;2025-08-08;http://www.rad.cvm.gov.br/ENETCONSULTA/frmDownloadDocumento.aspx?CodigoInstituicao=1&NumeroSequencialDocumento=150807
32.161.500/0001-00;2025-09-30;1;CONCESSIONÁRIA DAS RODOVIAS INTEGRADAS DO SUL S.A.;025356;ITR;152870;2025-11-10;http://www.rad.cvm.gov.br/ENETCONSULTA/frmDownloadDocumento.aspx?CodigoInstituicao=1&NumeroSequencialDocumento=152870
32.431.519/0001-10;2025-03-31;1;HÉLIO VALGAS SOLAR PARTICIPAÇÕES S.A.;027332;ITR;146889;2025-05-06;http://www.rad.cvm.gov.br/ENETCONSULTA/frmDownloadDocumento.aspx?CodigoInstituicao=1&NumeroSequencialDocumento=146889
32.431.519/0001-10;2025-06-30;1;HÉLIO VALGAS SOLAR PARTICIPAÇÕES S.A.;027332;ITR;150893;2025-08-11;http://www.rad.cvm.gov.br/ENETCONSULTA/frmDownloadDocumento.aspx?CodigoInstituicao=1&NumeroSequencialDocumento=150893
32.431.519/0001-10;2025-09-30;1;HÉLIO VALGAS SOLAR PARTICIPAÇÕES S.A.;027332;ITR;152712;2025-11-05;http://www.rad.cvm.gov.br/ENETCONSULTA/frmDownloadDocumento.aspx?CodigoInstituicao=1&NumeroSequencialDocumento=152712
32.681.371/0001-72;2025-03-31;1;VIX LOGÍSTICA S.A.;021202;ITR;147632;2025-05-14;http://www.rad.cvm.gov.br/ENETCONSULTA/frmDownloadDocumento.aspx?CodigoInstituicao=1&NumeroSequencialDocumento=147632
32.681.371/0001-72;2025-06-30;1;VIX LOGÍSTICA S.A.;021202;ITR;150935;2025-08-12;http://www.rad.cvm.gov.br/ENETCONSULTA/frmDownloadDocumento.aspx?CodigoInstituicao=1&NumeroSequencialDocumento=150935
32.681.371/0001-72;2025-06-30;2;VIX LOGÍSTICA S.A.;021202;ITR;154237;2026-01-13;http://www.rad.cvm.gov.br/ENETCONSULTA/frmDownloadDocumento.aspx?CodigoInstituicao=1&NumeroSequencialDocumento=154237
32.681.371/0001-72;2025-09-30;1;VIX LOGÍSTICA S.A.;021202;ITR;152935;2025-11-11;http://www.rad.cvm.gov.br/ENETCONSULTA/frmDownloadDocumento.aspx?CodigoInstituicao=1&NumeroSequencialDocumento=152935
32.785.497/0001-97;2025-03-31;1;NATURA &CO HOLDING S.A.;024783;ITR;147422;2025-05-12;http://www.rad.cvm.gov.br/ENETCONSULTA/frmDownloadDocumento.aspx?CodigoInstituicao=1&NumeroSequencialDocumento=147422
32.785.497/0001-97;2025-06-30;1;NATURA &CO HOLDING S.A.;024783;ITR;150876;2025-08-11;http://www.rad.cvm.gov.br/ENETCONSULTA/frmDownloadDocumento.aspx?CodigoInstituicao=1&NumeroSequencialDocumento=150876
33.000.167/0001-01;2025-03-31;1;PETROLEO BRASILEIRO S.A. PETROBRAS;009512;ITR;147406;2025-05-12;http://www.rad.cvm.gov.br/ENETCONSULTA/frmDownloadDocumento.aspx?CodigoInstituicao=1&NumeroSequencialDocumento=147406
33.000.167/0001-01;2025-06-30;1;PETROLEO BRASILEIRO S.A. PETROBRAS;009512;ITR;150783;2025-08-07;http://www.rad.cvm.gov.br/ENETCONSULTA/frmDownloadDocumento.aspx?CodigoInstituicao=1&NumeroSequencialDocumento=150783
33.000.167/0001-01;2025-06-30;2;PETROLEO BRASILEIRO S.A. PETROBRAS;009512;ITR;150784;2025-08-07;http://www.rad.cvm.gov.br/ENETCONSULTA/frmDownloadDocumento.aspx?CodigoInstituicao=1&NumeroSequencialDocumento=150784
33.000.167/0001-01;2025-09-30;1;PETROLEO BRASILEIRO S.A. PETROBRAS;009512;ITR;152792;2025-11-06;http://www.rad.cvm.gov.br/ENETCONSULTA/frmDownloadDocumento.aspx?CodigoInstituicao=1&NumeroSequencialDocumento=152792
33.035.536/0001-00;2025-03-31;1;JOAO FORTES ENGENHARIA S.A. - EM RECUPERAÇÃO JUDICIAL;007811;ITR;147681;2025-05-14;http://www.rad.cvm.gov.br/ENETCONSULTA/frmDownloadDocumento.aspx?CodigoInstituicao=1&NumeroSequencialDocumento=147681
33.035.536/0001-00;2025-06-30;1;JOAO FORTES ENGENHARIA S.A. - EM RECUPERAÇÃO JUDICIAL;007811;ITR;150934;2025-08-12;http://www.rad.cvm.gov.br/ENETCONSULTA/frmDownloadDocumento.aspx?CodigoInstituicao=1&NumeroSequencialDocumento=150934
33.035.536/0001-00;2025-09-30;1;JOAO FORTES ENGENHARIA S.A. - EM RECUPERAÇÃO JUDICIAL;007811;ITR;153087;2025-11-12;http://www.rad.cvm.gov.br/ENETCONSULTA/frmDownloadDocumento.aspx?CodigoInstituicao=1&NumeroSequencialDocumento=153087
33.040.601/0001-87;2025-03-31;1;MERCANTIL FINANCEIRA S.A. - SOC. CRÉDITO, FINANC E INVESTIME;008540;ITR;147559;2025-05-14;http://www.rad.cvm.gov.br/ENETCONSULTA/frmDownloadDocumento.aspx?CodigoInstituicao=1&NumeroSequencialDocumento=147559
33.040.601/0001-87;2025-06-30;1;MERCANTIL FINANCEIRA S.A. - SOC. CRÉDITO, FINANC E INVESTIME;008540;ITR;150623;2025-08-06;http://www.rad.cvm.gov.br/ENETCONSULTA/frmDownloadDocumento.aspx?CodigoInstituicao=1&NumeroSequencialDocumento=150623
33.040.601/0001-87;2025-09-30;1;MERCANTIL FINANCEIRA S.A. - SOC. CRÉDITO, FINANC E INVESTIME;008540;ITR;152667;2025-11-05;http://www.rad.cvm.gov.br/ENETCONSULTA/frmDownloadDocumento.aspx?CodigoInstituicao=1&NumeroSequencialDocumento=152667
33.041.260/0652-90;2025-03-31;1;GRUPO CASAS BAHIA S.A.;006505;ITR;147713;2025-05-14;http://www.rad.cvm.gov.br/ENETCONSULTA/frmDownloadDocumento.aspx?CodigoInstituicao=1&NumeroSequencialDocumento=147713
33.041.260/0652-90;2025-06-30;1;GRUPO CASAS BAHIA S.A.;006505;ITR;151183;2025-08-13;http://www.rad.cvm.gov.br/ENETCONSULTA/frmDownloadDocumento.aspx?CodigoInstituicao=1&NumeroSequencialDocumento=151183
33.041.260/0652-90;2025-09-30;1;GRUPO CASAS BAHIA S.A.;006505;ITR;153070;2025-11-12;http://www.rad.cvm.gov.br/ENETCONSULTA/frmDownloadDocumento.aspx?CodigoInstituicao=1&NumeroSequencialDocumento=153070
33.042.730/0001-04;2025-03-31;1;CIA SIDERURGICA NACIONAL;004030;ITR;147173;2025-05-08;http://www.rad.cvm.gov.br/ENETCONSULTA/frmDownloadDocumento.aspx?CodigoInstituicao=1&NumeroSequencialDocumento=147173
33.042.730/0001-04;2025-06-30;1;CIA SIDERURGICA NACIONAL;004030;ITR;150530;2025-07-31;http://www.rad.cvm.gov.br/ENETCONSULTA/frmDownloadDocumento.aspx?CodigoInstituicao=1&NumeroSequencialDocumento=150530
33.042.730/0001-04;2025-09-30;1;CIA SIDERURGICA NACIONAL;004030;ITR;152664;2025-11-04;http://www.rad.cvm.gov.br/ENETCONSULTA/frmDownloadDocumento.aspx?CodigoInstituicao=1&NumeroSequencialDocumento=152664
33.050.071/0001-58;2025-03-31;1;AMPLA ENERGIA E SERVICOS S.A.;003050;ITR;146655;2025-04-29;http://www.rad.cvm.gov.br/ENETCONSULTA/frmDownloadDocumento.aspx?CodigoInstituicao=1&NumeroSequencialDocumento=146655
33.050.071/0001-58;2025-03-31;2;AMPLA ENERGIA E SERVICOS S.A.;003050;ITR;146704;2025-04-30;http://www.rad.cvm.gov.br/ENETCONSULTA/frmDownloadDocumento.aspx?CodigoInstituicao=1&NumeroSequencialDocumento=146704
33.050.071/0001-58;2025-06-30;1;AMPLA ENERGIA E SERVICOS S.A.;003050;ITR;150209;2025-07-29;http://www.rad.cvm.gov.br/ENETCONSULTA/frmDownloadDocumento.aspx?CodigoInstituicao=1&NumeroSequencialDocumento=150209
33.050.071/0001-58;2025-09-30;1;AMPLA ENERGIA E SERVICOS S.A.;003050;ITR;152542;2025-10-29;http://www.rad.cvm.gov.br/ENETCONSULTA/frmDownloadDocumento.aspx?CodigoInstituicao=1&NumeroSequencialDocumento=152542
33.050.196/0001-88;2025-03-31;1;CIA PAULISTA DE FORCA E LUZ;003824;ITR;147898;2025-05-15;http://www.rad.cvm.gov.br/ENETCONSULTA/frmDownloadDocumento.aspx?CodigoInstituicao=1&NumeroSequencialDocumento=147898
33.050.196/0001-88;2025-06-30;1;CIA PAULISTA DE FORCA E LUZ;003824;ITR;151360;2025-08-14;http://www.rad.cvm.gov.br/ENETCONSULTA/frmDownloadDocumento.aspx?CodigoInstituicao=1&NumeroSequencialDocumento=151360
33.050.196/0001-88;2025-09-30;1;CIA PAULISTA DE FORCA E LUZ;003824;ITR;153169;2025-11-13;http://www.rad.cvm.gov.br/ENETCONSULTA/frmDownloadDocumento.aspx?CodigoInstituicao=1&NumeroSequencialDocumento=153169
33.102.476/0001-92;2025-03-31;1;MONTEIRO ARANHA S.A.;008893;ITR;147881;2025-05-15;http://www.rad.cvm.gov.br/ENETCONSULTA/frmDownloadDocumento.aspx?CodigoInstituicao=1&NumeroSequencialDocumento=147881
33.102.476/0001-92;2025-06-30;1;MONTEIRO ARANHA S.A.;008893;ITR;151324;2025-08-14;http://www.rad.cvm.gov.br/ENETCONSULTA/frmDownloadDocumento.aspx?CodigoInstituicao=1&NumeroSequencialDocumento=151324
33.102.476/0001-92;2025-09-30;1;MONTEIRO ARANHA S.A.;008893;ITR;153219;2025-11-13;http://www.rad.cvm.gov.br/ENETCONSULTA/frmDownloadDocumento.aspx?CodigoInstituicao=1&NumeroSequencialDocumento=153219
33.113.309/0001-47;2025-03-31;1;VALID SOLUÇÕES S.A.;020028;ITR;146970;2025-05-07;http://www.rad.cvm.gov.br/ENETCONSULTA/frmDownloadDocumento.aspx?CodigoInstituicao=1&NumeroSequencialDocumento=146970
33.113.309/0001-47;2025-03-31;2;VALID SOLUÇÕES S.A.;020028;ITR;146995;2025-05-07;http://www.rad.cvm.gov.br/ENETCONSULTA/frmDownloadDocumento.aspx?CodigoInstituicao=1&NumeroSequencialDocumento=146995
33.113.309/0001-47;2025-06-30;1;VALID SOLUÇÕES S.A.;020028;ITR;150646;2025-08-06;http://www.rad.cvm.gov.br/ENETCONSULTA/frmDownloadDocumento.aspx?CodigoInstituicao=1&NumeroSequencialDocumento=150646
33.113.309/0001-47;2025-06-30;2;VALID SOLUÇÕES S.A.;020028;ITR;150675;2025-08-06;http://www.rad.cvm.gov.br/ENETCONSULTA/frmDownloadDocumento.aspx?CodigoInstituicao=1&NumeroSequencialDocumento=150675
33.113.309/0001-47;2025-09-30;1;VALID SOLUÇÕES S.A.;020028;ITR;152703;2025-11-05;http://www.rad.cvm.gov.br/ENETCONSULTA/frmDownloadDocumento.aspx?CodigoInstituicao=1&NumeroSequencialDocumento=152703
33.113.309/0001-47;2025-09-30;2;VALID SOLUÇÕES S.A.;020028;ITR;152759;2025-11-06;http://www.rad.cvm.gov.br/ENETCONSULTA/frmDownloadDocumento.aspx?CodigoInstituicao=1&NumeroSequencialDocumento=152759
33.130.691/0001-05;2025-03-31;1;WILSON SONS S.A.;026247;ITR;146982;2025-05-07;http://www.rad.cvm.gov.br/ENETCONSULTA/frmDownloadDocumento.aspx?CodigoInstituicao=1&NumeroSequencialDocumento=146982
33.130.691/0001-05;2025-06-30;1;WILSON SONS S.A.;026247;ITR;150711;2025-08-07;http://www.rad.cvm.gov.br/ENETCONSULTA/frmDownloadDocumento.aspx?CodigoInstituicao=1&NumeroSequencialDocumento=150711
33.130.691/0001-05;2025-09-30;1;WILSON SONS S.A.;026247;ITR;152636;2025-11-04;http://www.rad.cvm.gov.br/ENETCONSULTA/frmDownloadDocumento.aspx?CodigoInstituicao=1&NumeroSequencialDocumento=152636
33.200.049/0001-47;2025-03-31;1;HOTEIS OTHON S.A. - EM RECUPERAÇÃO JUDICIAL;006700;ITR;147787;2025-05-15;http://www.rad.cvm.gov.br/ENETCONSULTA/frmDownloadDocumento.aspx?CodigoInstituicao=1&NumeroSequencialDocumento=147787
33.200.049/0001-47;2025-06-30;1;HOTEIS OTHON S.A. - EM RECUPERAÇÃO JUDICIAL;006700;ITR;151350;2025-08-14;http://www.rad.cvm.gov.br/ENETCONSULTA/frmDownloadDocumento.aspx?CodigoInstituicao=1&NumeroSequencialDocumento=151350
33.200.049/0001-47;2025-06-30;2;HOTEIS OTHON S.A. - EM RECUPERAÇÃO JUDICIAL;006700;ITR;151448;2025-08-15;http://www.rad.cvm.gov.br/ENETCONSULTA/frmDownloadDocumento.aspx?CodigoInstituicao=1&NumeroSequencialDocumento=151448
33.200.049/0001-47;2025-09-30;1;HOTEIS OTHON S.A. - EM RECUPERAÇÃO JUDICIAL;006700;ITR;153135;2025-11-13;http://www.rad.cvm.gov.br/ENETCONSULTA/frmDownloadDocumento.aspx?CodigoInstituicao=1&NumeroSequencialDocumento=153135
33.228.024/0001-51;2025-03-31;1;WLM PART. E COMÉRCIO DE MÁQUINAS E VEÍCULOS S.A.;011070;ITR;148959;2025-05-30;http://www.rad.cvm.gov.br/ENETCONSULTA/frmDownloadDocumento.aspx?CodigoInstituicao=1&NumeroSequencialDocumento=148959
33.228.024/0001-51;2025-06-30;1;WLM PART. E COMÉRCIO DE MÁQUINAS E VEÍCULOS S.A.;011070;ITR;151316;2025-08-14;http://www.rad.cvm.gov.br/ENETCONSULTA/frmDownloadDocumento.aspx?CodigoInstituicao=1&NumeroSequencialDocumento=151316
33.228.024/0001-51;2025-09-30;1;WLM PART. E COMÉRCIO DE MÁQUINAS E VEÍCULOS S.A.;011070;ITR;153410;2025-11-14;http://www.rad.cvm.gov.br/ENETCONSULTA/frmDownloadDocumento.aspx?CodigoInstituicao=1&NumeroSequencialDocumento=153410
33.256.439/0001-39;2025-03-31;1;ULTRAPAR PARTICIPACOES S.A.;018465;ITR;146983;2025-05-07;http://www.rad.cvm.gov.br/ENETCONSULTA/frmDownloadDocumento.aspx?CodigoInstituicao=1&NumeroSequencialDocumento=146983
33.256.439/0001-39;2025-06-30;1;ULTRAPAR PARTICIPACOES S.A.;018465;ITR;151148;2025-08-13;http://www.rad.cvm.gov.br/ENETCONSULTA/frmDownloadDocumento.aspx?CodigoInstituicao=1&NumeroSequencialDocumento=151148
33.256.439/0001-39;2025-09-30;1;ULTRAPAR PARTICIPACOES S.A.;018465;ITR;153062;2025-11-12;http://www.rad.cvm.gov.br/ENETCONSULTA/frmDownloadDocumento.aspx?CodigoInstituicao=1&NumeroSequencialDocumento=153062
33.352.394/0001-04;2025-03-31;1;CIA ESTADUAL DE ÁGUAS E ESGOTOS - CEDAE;016373;ITR;150236;2025-07-30;http://www.rad.cvm.gov.br/ENETCONSULTA/frmDownloadDocumento.aspx?CodigoInstituicao=1&NumeroSequencialDocumento=150236
33.352.394/0001-04;2025-06-30;1;CIA ESTADUAL DE ÁGUAS E ESGOTOS - CEDAE;016373;ITR;151095;2025-08-13;http://www.rad.cvm.gov.br/ENETCONSULTA/frmDownloadDocumento.aspx?CodigoInstituicao=1&NumeroSequencialDocumento=151095
33.352.394/0001-04;2025-09-30;1;CIA ESTADUAL DE ÁGUAS E ESGOTOS - CEDAE;016373;ITR;153616;2025-11-27;http://www.rad.cvm.gov.br/ENETCONSULTA/frmDownloadDocumento.aspx?CodigoInstituicao=1&NumeroSequencialDocumento=153616
33.376.989/0001-91;2025-03-31;1;IRB - BRASIL RESSEGUROS S.A.;024180;ITR;147421;2025-05-12;http://www.rad.cvm.gov.br/ENETCONSULTA/frmDownloadDocumento.aspx?CodigoInstituicao=1&NumeroSequencialDocumento=147421
33.376.989/0001-91;2025-03-31;2;IRB - BRASIL RESSEGUROS S.A.;024180;ITR;149137;2025-06-02;http://www.rad.cvm.gov.br/ENETCONSULTA/frmDownloadDocumento.aspx?CodigoInstituicao=1&NumeroSequencialDocumento=149137
33.376.989/0001-91;2025-06-30;1;IRB - BRASIL RESSEGUROS S.A.;024180;ITR;151417;2025-08-14;http://www.rad.cvm.gov.br/ENETCONSULTA/frmDownloadDocumento.aspx?CodigoInstituicao=1&NumeroSequencialDocumento=151417
33.376.989/0001-91;2025-09-30;1;IRB - BRASIL RESSEGUROS S.A.;024180;ITR;153235;2025-11-13;http://www.rad.cvm.gov.br/ENETCONSULTA/frmDownloadDocumento.aspx?CodigoInstituicao=1&NumeroSequencialDocumento=153235
33.386.210/0001-19;2025-03-31;1;SONDOTECNICA ENGENHARIA SOLOS S.A.;010880;ITR;147818;2025-05-15;http://www.rad.cvm.gov.br/ENETCONSULTA/frmDownloadDocumento.aspx?CodigoInstituicao=1&NumeroSequencialDocumento=147818
33.386.210/0001-19;2025-06-30;1;SONDOTECNICA ENGENHARIA SOLOS S.A.;010880;ITR;151292;2025-08-14;http://www.rad.cvm.gov.br/ENETCONSULTA/frmDownloadDocumento.aspx?CodigoInstituicao=1&NumeroSequencialDocumento=151292
33.386.210/0001-19;2025-09-30;1;SONDOTECNICA ENGENHARIA SOLOS S.A.;010880;ITR;153343;2025-11-14;http://www.rad.cvm.gov.br/ENETCONSULTA/frmDownloadDocumento.aspx?CodigoInstituicao=1&NumeroSequencialDocumento=153343
33.412.081/0001-96;2025-03-31;1;REFINARIA DE PETROLEOS MANGUINHOS S.A.;009989;ITR;147874;2025-05-15;http://www.rad.cvm.gov.br/ENETCONSULTA/frmDownloadDocumento.aspx?CodigoInstituicao=1&NumeroSequencialDocumento=147874
33.412.081/0001-96;2025-06-30;1;REFINARIA DE PETROLEOS MANGUINHOS S.A.;009989;ITR;151246;2025-08-14;http://www.rad.cvm.gov.br/ENETCONSULTA/frmDownloadDocumento.aspx?CodigoInstituicao=1&NumeroSequencialDocumento=151246
33.453.598/0001-23;2025-06-30;1;RAÍZEN S.A.;025917;ITR;151153;2025-08-13;http://www.rad.cvm.gov.br/ENETCONSULTA/frmDownloadDocumento.aspx?CodigoInstituicao=1&NumeroSequencialDocumento=151153
33.453.598/0001-23;2025-09-30;1;RAÍZEN S.A.;025917;ITR;153335;2025-11-14;http://www.rad.cvm.gov.br/ENETCONSULTA/frmDownloadDocumento.aspx?CodigoInstituicao=1&NumeroSequencialDocumento=153335
33.453.598/0001-23;2025-12-31;1;RAÍZEN S.A.;025917;ITR;154755;2026-02-12;http://www.rad.cvm.gov.br/ENETCONSULTA/frmDownloadDocumento.aspx?CodigoInstituicao=1&NumeroSequencialDocumento=154755
33.467.572/0001-34;2025-03-31;1;TEKNO S.A. - INDUSTRIA E COMERCIO;011231;ITR;147741;2025-05-15;http://www.rad.cvm.gov.br/ENETCONSULTA/frmDownloadDocumento.aspx?CodigoInstituicao=1&NumeroSequencialDocumento=147741
33.467.572/0001-34;2025-06-30;1;TEKNO S.A. - INDUSTRIA E COMERCIO;011231;ITR;151190;2025-08-14;http://www.rad.cvm.gov.br/ENETCONSULTA/frmDownloadDocumento.aspx?CodigoInstituicao=1&NumeroSequencialDocumento=151190
33.467.572/0001-34;2025-09-30;1;TEKNO S.A. - INDUSTRIA E COMERCIO;011231;ITR;152584;2025-10-31;http://www.rad.cvm.gov.br/ENETCONSULTA/frmDownloadDocumento.aspx?CodigoInstituicao=1&NumeroSequencialDocumento=152584
33.541.368/0001-16;2025-03-31;1;AXIA ENERGIA NORDESTE S.A.;003328;ITR;147711;2025-05-14;http://www.rad.cvm.gov.br/ENETCONSULTA/frmDownloadDocumento.aspx?CodigoInstituicao=1&NumeroSequencialDocumento=147711
33.541.368/0001-16;2025-06-30;1;AXIA ENERGIA NORDESTE S.A.;003328;ITR;150692;2025-08-06;http://www.rad.cvm.gov.br/ENETCONSULTA/frmDownloadDocumento.aspx?CodigoInstituicao=1&NumeroSequencialDocumento=150692
33.541.368/0001-16;2025-09-30;1;AXIA ENERGIA NORDESTE S.A.;003328;ITR;152732;2025-11-05;http://www.rad.cvm.gov.br/ENETCONSULTA/frmDownloadDocumento.aspx?CodigoInstituicao=1&NumeroSequencialDocumento=152732
33.572.408/0001-97;2025-03-31;1;RUMO MALHA CENTRAL S.A.;026484;ITR;147544;2025-05-13;http://www.rad.cvm.gov.br/ENETCONSULTA/frmDownloadDocumento.aspx?CodigoInstituicao=1&NumeroSequencialDocumento=147544
33.572.408/0001-97;2025-06-30;1;RUMO MALHA CENTRAL S.A.;026484;ITR;151035;2025-08-12;http://www.rad.cvm.gov.br/ENETCONSULTA/frmDownloadDocumento.aspx?CodigoInstituicao=1&NumeroSequencialDocumento=151035
33.572.408/0001-97;2025-09-30;1;RUMO MALHA CENTRAL S.A.;026484;ITR;153384;2025-11-14;http://www.rad.cvm.gov.br/ENETCONSULTA/frmDownloadDocumento.aspx?CodigoInstituicao=1&NumeroSequencialDocumento=153384
33.592.510/0001-54;2025-03-31;1;VALE S.A.;004170;ITR;146501;2025-04-24;http://www.rad.cvm.gov.br/ENETCONSULTA/frmDownloadDocumento.aspx?CodigoInstituicao=1&NumeroSequencialDocumento=146501
33.592.510/0001-54;2025-03-31;2;VALE S.A.;004170;ITR;146543;2025-04-25;http://www.rad.cvm.gov.br/ENETCONSULTA/frmDownloadDocumento.aspx?CodigoInstituicao=1&NumeroSequencialDocumento=146543
33.592.510/0001-54;2025-06-30;1;VALE S.A.;004170;ITR;150500;2025-07-31;http://www.rad.cvm.gov.br/ENETCONSULTA/frmDownloadDocumento.aspx?CodigoInstituicao=1&NumeroSequencialDocumento=150500
33.592.510/0001-54;2025-09-30;1;VALE S.A.;004170;ITR;152560;2025-10-30;http://www.rad.cvm.gov.br/ENETCONSULTA/frmDownloadDocumento.aspx?CodigoInstituicao=1&NumeroSequencialDocumento=152560
33.611.500/0001-19;2025-03-31;1;GERDAU S.A.;003980;ITR;146586;2025-04-28;http://www.rad.cvm.gov.br/ENETCONSULTA/frmDownloadDocumento.aspx?CodigoInstituicao=1&NumeroSequencialDocumento=146586
33.611.500/0001-19;2025-06-30;1;GERDAU S.A.;003980;ITR;150437;2025-07-31;http://www.rad.cvm.gov.br/ENETCONSULTA/frmDownloadDocumento.aspx?CodigoInstituicao=1&NumeroSequencialDocumento=150437
33.611.500/0001-19;2025-09-30;1;GERDAU S.A.;003980;ITR;152551;2025-10-30;http://www.rad.cvm.gov.br/ENETCONSULTA/frmDownloadDocumento.aspx?CodigoInstituicao=1&NumeroSequencialDocumento=152551
33.839.910/0001-11;2025-03-31;1;VIVARA PARTICIPAÇÕES S.A.;024805;ITR;147005;2025-05-07;http://www.rad.cvm.gov.br/ENETCONSULTA/frmDownloadDocumento.aspx?CodigoInstituicao=1&NumeroSequencialDocumento=147005
33.839.910/0001-11;2025-06-30;1;VIVARA PARTICIPAÇÕES S.A.;024805;ITR;150756;2025-08-07;http://www.rad.cvm.gov.br/ENETCONSULTA/frmDownloadDocumento.aspx?CodigoInstituicao=1&NumeroSequencialDocumento=150756
33.839.910/0001-11;2025-09-30;1;VIVARA PARTICIPAÇÕES S.A.;024805;ITR;152715;2025-11-05;http://www.rad.cvm.gov.br/ENETCONSULTA/frmDownloadDocumento.aspx?CodigoInstituicao=1&NumeroSequencialDocumento=152715
33.938.119/0001-69;2025-03-31;1;CIA DISTRIB DE GAS DO RIO DE JANEIRO-CEG;016616;ITR;147639;2025-05-14;http://www.rad.cvm.gov.br/ENETCONSULTA/frmDownloadDocumento.aspx?CodigoInstituicao=1&NumeroSequencialDocumento=147639
33.938.119/0001-69;2025-06-30;1;CIA DISTRIB DE GAS DO RIO DE JANEIRO-CEG;016616;ITR;151218;2025-08-14;http://www.rad.cvm.gov.br/ENETCONSULTA/frmDownloadDocumento.aspx?CodigoInstituicao=1&NumeroSequencialDocumento=151218
33.938.119/0001-69;2025-09-30;1;CIA DISTRIB DE GAS DO RIO DE JANEIRO-CEG;016616;ITR;153264;2025-11-14;http://www.rad.cvm.gov.br/ENETCONSULTA/frmDownloadDocumento.aspx?CodigoInstituicao=1&NumeroSequencialDocumento=153264
33.958.695/0001-78;2025-03-31;1;UNIPAR CARBOCLORO S.A.;011592;ITR;147074;2025-05-08;http://www.rad.cvm.gov.br/ENETCONSULTA/frmDownloadDocumento.aspx?CodigoInstituicao=1&NumeroSequencialDocumento=147074
33.958.695/0001-78;2025-06-30;1;UNIPAR CARBOCLORO S.A.;011592;ITR;150712;2025-08-07;http://www.rad.cvm.gov.br/ENETCONSULTA/frmDownloadDocumento.aspx?CodigoInstituicao=1&NumeroSequencialDocumento=150712
33.958.695/0001-78;2025-09-30;1;UNIPAR CARBOCLORO S.A.;011592;ITR;153193;2025-11-13;http://www.rad.cvm.gov.br/ENETCONSULTA/frmDownloadDocumento.aspx?CodigoInstituicao=1&NumeroSequencialDocumento=153193
34.169.557/0001-72;2025-03-31;1;BCO MERCANTIL DE INVESTIMENTOS S.A.;001309;ITR;147558;2025-05-14;http://www.rad.cvm.gov.br/ENETCONSULTA/frmDownloadDocumento.aspx?CodigoInstituicao=1&NumeroSequencialDocumento=147558
34.169.557/0001-72;2025-06-30;1;BCO MERCANTIL DE INVESTIMENTOS S.A.;001309;ITR;150622;2025-08-06;http://www.rad.cvm.gov.br/ENETCONSULTA/frmDownloadDocumento.aspx?CodigoInstituicao=1&NumeroSequencialDocumento=150622
34.169.557/0001-72;2025-09-30;1;BCO MERCANTIL DE INVESTIMENTOS S.A.;001309;ITR;152666;2025-11-05;http://www.rad.cvm.gov.br/ENETCONSULTA/frmDownloadDocumento.aspx?CodigoInstituicao=1&NumeroSequencialDocumento=152666
34.274.233/0001-02;2025-03-31;1;VIBRA ENERGIA S/A;024295;ITR;146883;2025-05-06;http://www.rad.cvm.gov.br/ENETCONSULTA/frmDownloadDocumento.aspx?CodigoInstituicao=1&NumeroSequencialDocumento=146883
34.274.233/0001-02;2025-06-30;1;VIBRA ENERGIA S/A;024295;ITR;150879;2025-08-11;http://www.rad.cvm.gov.br/ENETCONSULTA/frmDownloadDocumento.aspx?CodigoInstituicao=1&NumeroSequencialDocumento=150879
34.274.233/0001-02;2025-09-30;1;VIBRA ENERGIA S/A;024295;ITR;152702;2025-11-05;http://www.rad.cvm.gov.br/ENETCONSULTA/frmDownloadDocumento.aspx?CodigoInstituicao=1&NumeroSequencialDocumento=152702
35.522.178/0001-87;2025-03-31;1;CIA SECURITIZADORA DE CRED. FIN. CARTÕES CONSIGNADOS II;026107;ITR;147471;2025-05-13;http://www.rad.cvm.gov.br/ENETCONSULTA/frmDownloadDocumento.aspx?CodigoInstituicao=1&NumeroSequencialDocumento=147471
35.522.178/0001-87;2025-03-31;2;CIA SECURITIZADORA DE CRED. FIN. CARTÕES CONSIGNADOS II;026107;ITR;148598;2025-05-30;http://www.rad.cvm.gov.br/ENETCONSULTA/frmDownloadDocumento.aspx?CodigoInstituicao=1&NumeroSequencialDocumento=148598
35.522.178/0001-87;2025-06-30;1;CIA SECURITIZADORA DE CRED. FIN. CARTÕES CONSIGNADOS II;026107;ITR;150566;2025-08-04;http://www.rad.cvm.gov.br/ENETCONSULTA/frmDownloadDocumento.aspx?CodigoInstituicao=1&NumeroSequencialDocumento=150566
35.522.178/0001-87;2025-09-30;1;CIA SECURITIZADORA DE CRED. FIN. CARTÕES CONSIGNADOS II;026107;ITR;152419;2025-10-21;http://www.rad.cvm.gov.br/ENETCONSULTA/frmDownloadDocumento.aspx?CodigoInstituicao=1&NumeroSequencialDocumento=152419
35.593.905/0001-05;2025-03-31;1;CONCESSIONÁRIA ECOVIAS DO CERRADO S.A.;026581;ITR;147097;2025-05-08;http://www.rad.cvm.gov.br/ENETCONSULTA/frmDownloadDocumento.aspx?CodigoInstituicao=1&NumeroSequencialDocumento=147097
35.593.905/0001-05;2025-06-30;1;CONCESSIONÁRIA ECOVIAS DO CERRADO S.A.;026581;ITR;150276;2025-07-30;http://www.rad.cvm.gov.br/ENETCONSULTA/frmDownloadDocumento.aspx?CodigoInstituicao=1&NumeroSequencialDocumento=150276
35.593.905/0001-05;2025-09-30;1;CONCESSIONÁRIA ECOVIAS DO CERRADO S.A.;026581;ITR;152950;2025-11-11;http://www.rad.cvm.gov.br/ENETCONSULTA/frmDownloadDocumento.aspx?CodigoInstituicao=1&NumeroSequencialDocumento=152950
35.654.688/0001-08;2025-03-31;1;AUTOMOB PARTICIPAÇÕES S.A.;027707;ITR;147027;2025-05-08;http://www.rad.cvm.gov.br/ENETCONSULTA/frmDownloadDocumento.aspx?CodigoInstituicao=1&NumeroSequencialDocumento=147027
35.654.688/0001-08;2025-06-30;1;AUTOMOB PARTICIPAÇÕES S.A.;027707;ITR;150897;2025-08-11;http://www.rad.cvm.gov.br/ENETCONSULTA/frmDownloadDocumento.aspx?CodigoInstituicao=1&NumeroSequencialDocumento=150897
35.654.688/0001-08;2025-09-30;1;AUTOMOB PARTICIPAÇÕES S.A.;027707;ITR;152990;2025-11-11;http://www.rad.cvm.gov.br/ENETCONSULTA/frmDownloadDocumento.aspx?CodigoInstituicao=1&NumeroSequencialDocumento=152990
35.727.157/0001-06;2025-03-31;1;EZ INC INCORPORAÇÕES S.A.;025380;ITR;147848;2025-05-15;http://www.rad.cvm.gov.br/ENETCONSULTA/frmDownloadDocumento.aspx?CodigoInstituicao=1&NumeroSequencialDocumento=147848
35.727.157/0001-06;2025-06-30;1;EZ INC INCORPORAÇÕES S.A.;025380;ITR;150733;2025-08-07;http://www.rad.cvm.gov.br/ENETCONSULTA/frmDownloadDocumento.aspx?CodigoInstituicao=1&NumeroSequencialDocumento=150733
35.727.157/0001-06;2025-09-30;1;EZ INC INCORPORAÇÕES S.A.;025380;ITR;153200;2025-11-13;http://www.rad.cvm.gov.br/ENETCONSULTA/frmDownloadDocumento.aspx?CodigoInstituicao=1&NumeroSequencialDocumento=153200
35.764.708/0001-01;2025-03-31;1;BRASIL TECNOLOGIA E PARTICIPAÇÕES S.A.;027499;ITR;147859;2025-05-15;http://www.rad.cvm.gov.br/ENETCONSULTA/frmDownloadDocumento.aspx?CodigoInstituicao=1&NumeroSequencialDocumento=147859
35.764.708/0001-01;2025-06-30;1;BRASIL TECNOLOGIA E PARTICIPAÇÕES S.A.;027499;ITR;151130;2025-08-13;http://www.rad.cvm.gov.br/ENETCONSULTA/frmDownloadDocumento.aspx?CodigoInstituicao=1&NumeroSequencialDocumento=151130
35.764.708/0001-01;2025-09-30;1;BRASIL TECNOLOGIA E PARTICIPAÇÕES S.A.;027499;ITR;152986;2025-11-11;http://www.rad.cvm.gov.br/ENETCONSULTA/frmDownloadDocumento.aspx?CodigoInstituicao=1&NumeroSequencialDocumento=152986
35.791.391/0001-94;2025-03-31;1;QUALITY SOFTWARE S.A.;023302;ITR;147827;2025-05-15;http://www.rad.cvm.gov.br/ENETCONSULTA/frmDownloadDocumento.aspx?CodigoInstituicao=1&NumeroSequencialDocumento=147827
35.791.391/0001-94;2025-03-31;2;QUALITY SOFTWARE S.A.;023302;ITR;149441;2025-06-12;http://www.rad.cvm.gov.br/ENETCONSULTA/frmDownloadDocumento.aspx?CodigoInstituicao=1&NumeroSequencialDocumento=149441
35.791.391/0001-94;2025-06-30;1;QUALITY SOFTWARE S.A.;023302;ITR;151386;2025-08-14;http://www.rad.cvm.gov.br/ENETCONSULTA/frmDownloadDocumento.aspx?CodigoInstituicao=1&NumeroSequencialDocumento=151386
35.791.391/0001-94;2025-09-30;1;QUALITY SOFTWARE S.A.;023302;ITR;153393;2025-11-14;http://www.rad.cvm.gov.br/ENETCONSULTA/frmDownloadDocumento.aspx?CodigoInstituicao=1&NumeroSequencialDocumento=153393
35.822.503/0001-27;2025-03-31;1;INSPIRALI EDUCAÇÃO S.A.;027251;ITR;147123;2025-05-08;http://www.rad.cvm.gov.br/ENETCONSULTA/frmDownloadDocumento.aspx?CodigoInstituicao=1&NumeroSequencialDocumento=147123
35.822.503/0001-27;2025-06-30;1;INSPIRALI EDUCAÇÃO S.A.;027251;ITR;150741;2025-08-07;http://www.rad.cvm.gov.br/ENETCONSULTA/frmDownloadDocumento.aspx?CodigoInstituicao=1&NumeroSequencialDocumento=150741
35.822.503/0001-27;2025-09-30;1;INSPIRALI EDUCAÇÃO S.A.;027251;ITR;152789;2025-11-06;http://www.rad.cvm.gov.br/ENETCONSULTA/frmDownloadDocumento.aspx?CodigoInstituicao=1&NumeroSequencialDocumento=152789
35.980.592/0001-30;2025-03-31;1;ELEA DIGITAL INFRAESTRUTURA E REDES DE TELECOMUNICAÇÕES S.A.;026948;ITR;147884;2025-05-15;http://www.rad.cvm.gov.br/ENETCONSULTA/frmDownloadDocumento.aspx?CodigoInstituicao=1&NumeroSequencialDocumento=147884
35.980.592/0001-30;2025-06-30;1;ELEA DIGITAL INFRAESTRUTURA E REDES DE TELECOMUNICAÇÕES S.A.;026948;ITR;151339;2025-08-14;http://www.rad.cvm.gov.br/ENETCONSULTA/frmDownloadDocumento.aspx?CodigoInstituicao=1&NumeroSequencialDocumento=151339
35.980.592/0001-30;2025-09-30;1;ELEA DIGITAL INFRAESTRUTURA E REDES DE TELECOMUNICAÇÕES S.A.;026948;ITR;153190;2025-11-13;http://www.rad.cvm.gov.br/ENETCONSULTA/frmDownloadDocumento.aspx?CodigoInstituicao=1&NumeroSequencialDocumento=153190
36.146.575/0001-64;2025-03-31;1;EIXO SP CONCESSIONÁRIA DE RODOVIAS S.A.;026875;ITR;147897;2025-05-15;http://www.rad.cvm.gov.br/ENETCONSULTA/frmDownloadDocumento.aspx?CodigoInstituicao=1&NumeroSequencialDocumento=147897
36.146.575/0001-64;2025-06-30;1;EIXO SP CONCESSIONÁRIA DE RODOVIAS S.A.;026875;ITR;151356;2025-08-14;http://www.rad.cvm.gov.br/ENETCONSULTA/frmDownloadDocumento.aspx?CodigoInstituicao=1&NumeroSequencialDocumento=151356
36.146.575/0001-64;2025-09-30;1;EIXO SP CONCESSIONÁRIA DE RODOVIAS S.A.;026875;ITR;153155;2025-11-13;http://www.rad.cvm.gov.br/ENETCONSULTA/frmDownloadDocumento.aspx?CodigoInstituicao=1&NumeroSequencialDocumento=153155
36.146.575/0001-64;2025-09-30;2;EIXO SP CONCESSIONÁRIA DE RODOVIAS S.A.;026875;ITR;153312;2025-11-14;http://www.rad.cvm.gov.br/ENETCONSULTA/frmDownloadDocumento.aspx?CodigoInstituicao=1&NumeroSequencialDocumento=153312
36.542.025/0001-64;2025-03-31;1;BRQ SOLUCOES EM INFORMATICA S.A.;023817;ITR;147564;2025-05-14;http://www.rad.cvm.gov.br/ENETCONSULTA/frmDownloadDocumento.aspx?CodigoInstituicao=1&NumeroSequencialDocumento=147564
36.542.025/0001-64;2025-03-31;2;BRQ SOLUCOES EM INFORMATICA S.A.;023817;ITR;147568;2025-05-14;http://www.rad.cvm.gov.br/ENETCONSULTA/frmDownloadDocumento.aspx?CodigoInstituicao=1&NumeroSequencialDocumento=147568
36.542.025/0001-64;2025-06-30;1;BRQ SOLUCOES EM INFORMATICA S.A.;023817;ITR;151060;2025-08-13;http://www.rad.cvm.gov.br/ENETCONSULTA/frmDownloadDocumento.aspx?CodigoInstituicao=1&NumeroSequencialDocumento=151060
36.542.025/0001-64;2025-09-30;1;BRQ SOLUCOES EM INFORMATICA S.A.;023817;ITR;153116;2025-11-13;http://www.rad.cvm.gov.br/ENETCONSULTA/frmDownloadDocumento.aspx?CodigoInstituicao=1&NumeroSequencialDocumento=153116
36.763.716/0001-98;2025-03-31;1;CONCESSIONÁRIA CATARINENSE DE RODOVIAS S.A.;026859;ITR;147486;2025-05-13;http://www.rad.cvm.gov.br/ENETCONSULTA/frmDownloadDocumento.aspx?CodigoInstituicao=1&NumeroSequencialDocumento=147486
36.763.716/0001-98;2025-03-31;2;CONCESSIONÁRIA CATARINENSE DE RODOVIAS S.A.;026859;ITR;147520;2025-05-13;http://www.rad.cvm.gov.br/ENETCONSULTA/frmDownloadDocumento.aspx?CodigoInstituicao=1&NumeroSequencialDocumento=147520
36.763.716/0001-98;2025-06-30;1;CONCESSIONÁRIA CATARINENSE DE RODOVIAS S.A.;026859;ITR;150944;2025-08-12;http://www.rad.cvm.gov.br/ENETCONSULTA/frmDownloadDocumento.aspx?CodigoInstituicao=1&NumeroSequencialDocumento=150944
36.763.716/0001-98;2025-09-30;1;CONCESSIONÁRIA CATARINENSE DE RODOVIAS S.A.;026859;ITR;152858;2025-11-10;http://www.rad.cvm.gov.br/ENETCONSULTA/frmDownloadDocumento.aspx?CodigoInstituicao=1&NumeroSequencialDocumento=152858
37.663.076/0001-07;2025-03-31;1;AUREN PARTICIPAÇÕES S.A.;025640;ITR;146979;2025-05-07;http://www.rad.cvm.gov.br/ENETCONSULTA/frmDownloadDocumento.aspx?CodigoInstituicao=1&NumeroSequencialDocumento=146979
37.663.076/0001-07;2025-06-30;1;AUREN PARTICIPAÇÕES S.A.;025640;ITR;150751;2025-08-07;http://www.rad.cvm.gov.br/ENETCONSULTA/frmDownloadDocumento.aspx?CodigoInstituicao=1&NumeroSequencialDocumento=150751
37.663.076/0001-07;2025-09-30;1;AUREN PARTICIPAÇÕES S.A.;025640;ITR;153067;2025-11-12;http://www.rad.cvm.gov.br/ENETCONSULTA/frmDownloadDocumento.aspx?CodigoInstituicao=1&NumeroSequencialDocumento=153067
37.702.340/0001-74;2025-03-31;1;AUSTRAVIAS S.A.;026328;ITR;147737;2025-05-15;http://www.rad.cvm.gov.br/ENETCONSULTA/frmDownloadDocumento.aspx?CodigoInstituicao=1&NumeroSequencialDocumento=147737
37.702.340/0001-74;2025-06-30;1;AUSTRAVIAS S.A.;026328;ITR;151200;2025-08-14;http://www.rad.cvm.gov.br/ENETCONSULTA/frmDownloadDocumento.aspx?CodigoInstituicao=1&NumeroSequencialDocumento=151200
37.702.340/0001-74;2025-09-30;1;AUSTRAVIAS S.A.;026328;ITR;153283;2025-11-14;http://www.rad.cvm.gov.br/ENETCONSULTA/frmDownloadDocumento.aspx?CodigoInstituicao=1&NumeroSequencialDocumento=153283
38.042.694/0001-00;2025-03-31;1;TRAVESSIA SECURITIZADORA DE CRÉDITOS FINANCEIROS S.A.;025240;ITR;147883;2025-05-15;http://www.rad.cvm.gov.br/ENETCONSULTA/frmDownloadDocumento.aspx?CodigoInstituicao=1&NumeroSequencialDocumento=147883
38.042.694/0001-00;2025-06-30;1;TRAVESSIA SECURITIZADORA DE CRÉDITOS FINANCEIROS S.A.;025240;ITR;151313;2025-08-14;http://www.rad.cvm.gov.br/ENETCONSULTA/frmDownloadDocumento.aspx?CodigoInstituicao=1&NumeroSequencialDocumento=151313
38.042.694/0001-00;2025-09-30;1;TRAVESSIA SECURITIZADORA DE CRÉDITOS FINANCEIROS S.A.;025240;ITR;152962;2025-11-11;http://www.rad.cvm.gov.br/ENETCONSULTA/frmDownloadDocumento.aspx?CodigoInstituicao=1&NumeroSequencialDocumento=152962
38.199.406/0001-18;2025-03-31;1;RIO ALTO ENERGIAS RENOVÁVEIS S.A.;025720;ITR;150142;2025-07-25;http://www.rad.cvm.gov.br/ENETCONSULTA/frmDownloadDocumento.aspx?CodigoInstituicao=1&NumeroSequencialDocumento=150142
38.199.406/0001-18;2025-06-30;1;RIO ALTO ENERGIAS RENOVÁVEIS S.A.;025720;ITR;151472;2025-08-15;http://www.rad.cvm.gov.br/ENETCONSULTA/frmDownloadDocumento.aspx?CodigoInstituicao=1&NumeroSequencialDocumento=151472
38.199.406/0001-18;2025-09-30;1;RIO ALTO ENERGIAS RENOVÁVEIS S.A.;025720;ITR;153010;2025-11-12;http://www.rad.cvm.gov.br/ENETCONSULTA/frmDownloadDocumento.aspx?CodigoInstituicao=1&NumeroSequencialDocumento=153010
38.199.406/0001-18;2025-09-30;2;RIO ALTO ENERGIAS RENOVÁVEIS S.A.;025720;ITR;153058;2025-11-12;http://www.rad.cvm.gov.br/ENETCONSULTA/frmDownloadDocumento.aspx?CodigoInstituicao=1&NumeroSequencialDocumento=153058
38.286.323/0001-66;2025-03-31;1;ASSURUÁ 4 E 5 HOLDING ENERGIA S.A.;027545;ITR;147830;2025-05-15;http://www.rad.cvm.gov.br/ENETCONSULTA/frmDownloadDocumento.aspx?CodigoInstituicao=1&NumeroSequencialDocumento=147830
38.286.323/0001-66;2025-06-30;1;ASSURUÁ 4 E 5 HOLDING ENERGIA S.A.;027545;ITR;151465;2025-08-15;http://www.rad.cvm.gov.br/ENETCONSULTA/frmDownloadDocumento.aspx?CodigoInstituicao=1&NumeroSequencialDocumento=151465
38.286.323/0001-66;2025-09-30;1;ASSURUÁ 4 E 5 HOLDING ENERGIA S.A.;027545;ITR;153387;2025-11-14;http://www.rad.cvm.gov.br/ENETCONSULTA/frmDownloadDocumento.aspx?CodigoInstituicao=1&NumeroSequencialDocumento=153387
38.307.135/0001-77;2025-03-31;1;G2D INVESTMENTS, LTD.;080195;ITR;147840;2025-05-15;http://www.rad.cvm.gov.br/ENETCONSULTA/frmDownloadDocumento.aspx?CodigoInstituicao=1&NumeroSequencialDocumento=147840
38.307.135/0001-77;2025-06-30;1;G2D INVESTMENTS, LTD.;080195;ITR;151310;2025-08-14;http://www.rad.cvm.gov.br/ENETCONSULTA/frmDownloadDocumento.aspx?CodigoInstituicao=1&NumeroSequencialDocumento=151310
38.307.135/0001-77;2025-09-30;1;G2D INVESTMENTS, LTD.;080195;ITR;153161;2025-11-13;http://www.rad.cvm.gov.br/ENETCONSULTA/frmDownloadDocumento.aspx?CodigoInstituicao=1&NumeroSequencialDocumento=153161
38.456.921/0001-36;2025-03-31;1;INFRACOMMERCE CXAAS S.A.;025747;ITR;147533;2025-05-13;http://www.rad.cvm.gov.br/ENETCONSULTA/frmDownloadDocumento.aspx?CodigoInstituicao=1&NumeroSequencialDocumento=147533
38.456.921/0001-36;2025-06-30;1;INFRACOMMERCE CXAAS S.A.;025747;ITR;151179;2025-08-13;http://www.rad.cvm.gov.br/ENETCONSULTA/frmDownloadDocumento.aspx?CodigoInstituicao=1&NumeroSequencialDocumento=151179
38.456.921/0001-36;2025-09-30;1;INFRACOMMERCE CXAAS S.A.;025747;ITR;153420;2025-11-14;http://www.rad.cvm.gov.br/ENETCONSULTA/frmDownloadDocumento.aspx?CodigoInstituicao=1&NumeroSequencialDocumento=153420
38.482.780/0001-26;2025-03-31;1;ANEMUS WIND HOLDING S.A.;026832;ITR;148198;2025-05-23;http://www.rad.cvm.gov.br/ENETCONSULTA/frmDownloadDocumento.aspx?CodigoInstituicao=1&NumeroSequencialDocumento=148198
38.482.780/0001-26;2025-06-30;1;ANEMUS WIND HOLDING S.A.;026832;ITR;153509;2025-11-19;http://www.rad.cvm.gov.br/ENETCONSULTA/frmDownloadDocumento.aspx?CodigoInstituicao=1&NumeroSequencialDocumento=153509
38.482.780/0001-26;2025-09-30;1;ANEMUS WIND HOLDING S.A.;026832;ITR;153885;2025-12-17;http://www.rad.cvm.gov.br/ENETCONSULTA/frmDownloadDocumento.aspx?CodigoInstituicao=1&NumeroSequencialDocumento=153885
39.115.514/0001-28;2025-03-31;1;RUMO MALHA OESTE S.A.;017850;ITR;147543;2025-05-13;http://www.rad.cvm.gov.br/ENETCONSULTA/frmDownloadDocumento.aspx?CodigoInstituicao=1&NumeroSequencialDocumento=147543
39.115.514/0001-28;2025-06-30;1;RUMO MALHA OESTE S.A.;017850;ITR;151129;2025-08-13;http://www.rad.cvm.gov.br/ENETCONSULTA/frmDownloadDocumento.aspx?CodigoInstituicao=1&NumeroSequencialDocumento=151129
39.115.514/0001-28;2025-09-30;1;RUMO MALHA OESTE S.A.;017850;ITR;153379;2025-11-14;http://www.rad.cvm.gov.br/ENETCONSULTA/frmDownloadDocumento.aspx?CodigoInstituicao=1&NumeroSequencialDocumento=153379
39.580.673/0001-01;2025-03-31;1;BRK AMBIENTAL - REGIÃO METROPOLITANA DE MACEIÓ S.A.;026999;ITR;147673;2025-05-14;http://www.rad.cvm.gov.br/ENETCONSULTA/frmDownloadDocumento.aspx?CodigoInstituicao=1&NumeroSequencialDocumento=147673
39.580.673/0001-01;2025-06-30;1;BRK AMBIENTAL - REGIÃO METROPOLITANA DE MACEIÓ S.A.;026999;ITR;151113;2025-08-13;http://www.rad.cvm.gov.br/ENETCONSULTA/frmDownloadDocumento.aspx?CodigoInstituicao=1&NumeroSequencialDocumento=151113
39.580.673/0001-01;2025-06-30;2;BRK AMBIENTAL - REGIÃO METROPOLITANA DE MACEIÓ S.A.;026999;ITR;151274;2025-08-14;http://www.rad.cvm.gov.br/ENETCONSULTA/frmDownloadDocumento.aspx?CodigoInstituicao=1&NumeroSequencialDocumento=151274
39.580.673/0001-01;2025-09-30;1;BRK AMBIENTAL - REGIÃO METROPOLITANA DE MACEIÓ S.A.;026999;ITR;153030;2025-11-12;http://www.rad.cvm.gov.br/ENETCONSULTA/frmDownloadDocumento.aspx?CodigoInstituicao=1&NumeroSequencialDocumento=153030
39.881.421/0001-04;2025-03-31;1;COMPANHIA ESTADUAL DE GERAÇÃO DE ENERGIA ELÉTRICA - CEEE-G;027154;ITR;147175;2025-05-08;http://www.rad.cvm.gov.br/ENETCONSULTA/frmDownloadDocumento.aspx?CodigoInstituicao=1&NumeroSequencialDocumento=147175
39.881.421/0001-04;2025-06-30;1;COMPANHIA ESTADUAL DE GERAÇÃO DE ENERGIA ELÉTRICA - CEEE-G;027154;ITR;150526;2025-07-31;http://www.rad.cvm.gov.br/ENETCONSULTA/frmDownloadDocumento.aspx?CodigoInstituicao=1&NumeroSequencialDocumento=150526
39.881.421/0001-04;2025-09-30;1;COMPANHIA ESTADUAL DE GERAÇÃO DE ENERGIA ELÉTRICA - CEEE-G;027154;ITR;152660;2025-11-04;http://www.rad.cvm.gov.br/ENETCONSULTA/frmDownloadDocumento.aspx?CodigoInstituicao=1&NumeroSequencialDocumento=152660
40.159.947/0001-64;2025-03-31;1;HMOBI PARTICIPAÇÕES S.A.;025674;ITR;147849;2025-05-15;http://www.rad.cvm.gov.br/ENETCONSULTA/frmDownloadDocumento.aspx?CodigoInstituicao=1&NumeroSequencialDocumento=147849
40.159.947/0001-64;2025-06-30;1;HMOBI PARTICIPAÇÕES S.A.;025674;ITR;151007;2025-08-12;http://www.rad.cvm.gov.br/ENETCONSULTA/frmDownloadDocumento.aspx?CodigoInstituicao=1&NumeroSequencialDocumento=151007
40.159.947/0001-64;2025-09-30;1;HMOBI PARTICIPAÇÕES S.A.;025674;ITR;153195;2025-11-13;http://www.rad.cvm.gov.br/ENETCONSULTA/frmDownloadDocumento.aspx?CodigoInstituicao=1&NumeroSequencialDocumento=153195
40.263.170/0001-83;2025-03-31;1;SOLVI ESSENCIS AMBIENTAL S.A.;027073;ITR;148523;2025-05-29;http://www.rad.cvm.gov.br/ENETCONSULTA/frmDownloadDocumento.aspx?CodigoInstituicao=1&NumeroSequencialDocumento=148523
40.263.170/0001-83;2025-06-30;1;SOLVI ESSENCIS AMBIENTAL S.A.;027073;ITR;151394;2025-08-14;http://www.rad.cvm.gov.br/ENETCONSULTA/frmDownloadDocumento.aspx?CodigoInstituicao=1&NumeroSequencialDocumento=151394
40.263.170/0001-83;2025-09-30;1;SOLVI ESSENCIS AMBIENTAL S.A.;027073;ITR;153301;2025-11-14;http://www.rad.cvm.gov.br/ENETCONSULTA/frmDownloadDocumento.aspx?CodigoInstituicao=1&NumeroSequencialDocumento=153301
40.337.136/0001-06;2025-03-31;1;TERRA SANTA PROPRIEDADES AGRÍCOLAS S.A.;026000;ITR;147433;2025-05-12;http://www.rad.cvm.gov.br/ENETCONSULTA/frmDownloadDocumento.aspx?CodigoInstituicao=1&NumeroSequencialDocumento=147433
40.337.136/0001-06;2025-06-30;1;TERRA SANTA PROPRIEDADES AGRÍCOLAS S.A.;026000;ITR;150888;2025-08-11;http://www.rad.cvm.gov.br/ENETCONSULTA/frmDownloadDocumento.aspx?CodigoInstituicao=1&NumeroSequencialDocumento=150888
40.337.136/0001-06;2025-09-30;1;TERRA SANTA PROPRIEDADES AGRÍCOLAS S.A.;026000;ITR;153411;2025-11-14;http://www.rad.cvm.gov.br/ENETCONSULTA/frmDownloadDocumento.aspx?CodigoInstituicao=1&NumeroSequencialDocumento=153411
40.480.481/0001-02;2025-03-31;1;RIO ALTO STL HOLDING I S.A.;027006;ITR;152151;2025-10-03;http://www.rad.cvm.gov.br/ENETCONSULTA/frmDownloadDocumento.aspx?CodigoInstituicao=1&NumeroSequencialDocumento=152151
40.480.481/0001-02;2025-06-30;1;RIO ALTO STL HOLDING I S.A.;027006;ITR;152455;2025-10-23;http://www.rad.cvm.gov.br/ENETCONSULTA/frmDownloadDocumento.aspx?CodigoInstituicao=1&NumeroSequencialDocumento=152455
40.593.395/0001-06;2025-03-31;1;IFIN PARTICIPAÇÕES S.A.;026905;ITR;147746;2025-05-15;http://www.rad.cvm.gov.br/ENETCONSULTA/frmDownloadDocumento.aspx?CodigoInstituicao=1&NumeroSequencialDocumento=147746
40.593.395/0001-06;2025-06-30;1;IFIN PARTICIPAÇÕES S.A.;026905;ITR;150941;2025-08-12;http://www.rad.cvm.gov.br/ENETCONSULTA/frmDownloadDocumento.aspx?CodigoInstituicao=1&NumeroSequencialDocumento=150941
40.593.395/0001-06;2025-09-30;1;IFIN PARTICIPAÇÕES S.A.;026905;ITR;153373;2025-11-14;http://www.rad.cvm.gov.br/ENETCONSULTA/frmDownloadDocumento.aspx?CodigoInstituicao=1&NumeroSequencialDocumento=153373
40.997.635/0001-20;2025-03-31;1;TRV XLIII SECURITIZADORA DE CREDITOS MERCANTIS S.A.;026239;ITR;147789;2025-05-15;http://www.rad.cvm.gov.br/ENETCONSULTA/frmDownloadDocumento.aspx?CodigoInstituicao=1&NumeroSequencialDocumento=147789
40.997.635/0001-20;2025-06-30;1;TRV XLIII SECURITIZADORA DE CREDITOS MERCANTIS S.A.;026239;ITR;150985;2025-08-12;http://www.rad.cvm.gov.br/ENETCONSULTA/frmDownloadDocumento.aspx?CodigoInstituicao=1&NumeroSequencialDocumento=150985
40.997.635/0001-20;2025-09-30;1;TRV XLIII SECURITIZADORA DE CREDITOS MERCANTIS S.A.;026239;ITR;153020;2025-11-12;http://www.rad.cvm.gov.br/ENETCONSULTA/frmDownloadDocumento.aspx?CodigoInstituicao=1&NumeroSequencialDocumento=153020
41.052.420/0001-07;2025-03-31;1;SOLAR BEBIDAS S.A.;027014;ITR;147866;2025-05-15;http://www.rad.cvm.gov.br/ENETCONSULTA/frmDownloadDocumento.aspx?CodigoInstituicao=1&NumeroSequencialDocumento=147866
41.052.420/0001-07;2025-06-30;1;SOLAR BEBIDAS S.A.;027014;ITR;151325;2025-08-14;http://www.rad.cvm.gov.br/ENETCONSULTA/frmDownloadDocumento.aspx?CodigoInstituicao=1&NumeroSequencialDocumento=151325
41.052.420/0001-07;2025-09-30;1;SOLAR BEBIDAS S.A.;027014;ITR;153163;2025-11-13;http://www.rad.cvm.gov.br/ENETCONSULTA/frmDownloadDocumento.aspx?CodigoInstituicao=1&NumeroSequencialDocumento=153163
41.096.674/0001-19;2025-03-31;1;CANTU STORE S.A.;026646;ITR;147957;2025-05-15;http://www.rad.cvm.gov.br/ENETCONSULTA/frmDownloadDocumento.aspx?CodigoInstituicao=1&NumeroSequencialDocumento=147957
41.096.674/0001-19;2025-06-30;1;CANTU STORE S.A.;026646;ITR;151432;2025-08-14;http://www.rad.cvm.gov.br/ENETCONSULTA/frmDownloadDocumento.aspx?CodigoInstituicao=1&NumeroSequencialDocumento=151432
41.096.674/0001-19;2025-09-30;1;CANTU STORE S.A.;026646;ITR;153430;2025-11-14;http://www.rad.cvm.gov.br/ENETCONSULTA/frmDownloadDocumento.aspx?CodigoInstituicao=1&NumeroSequencialDocumento=153430
41.096.674/0001-19;2025-09-30;2;CANTU STORE S.A.;026646;ITR;153507;2025-11-19;http://www.rad.cvm.gov.br/ENETCONSULTA/frmDownloadDocumento.aspx?CodigoInstituicao=1&NumeroSequencialDocumento=153507
41.335.131/0001-07;2025-03-31;1;MOTTU I S.A;026344;ITR;147938;2025-05-15;http://www.rad.cvm.gov.br/ENETCONSULTA/frmDownloadDocumento.aspx?CodigoInstituicao=1&NumeroSequencialDocumento=147938
41.335.131/0001-07;2025-06-30;1;MOTTU I S.A;026344;ITR;151396;2025-08-14;http://www.rad.cvm.gov.br/ENETCONSULTA/frmDownloadDocumento.aspx?CodigoInstituicao=1&NumeroSequencialDocumento=151396
41.508.382/0001-46;2025-03-31;1;RODOVIAS DO BRASIL HOLDING S.A.;026352;ITR;147671;2025-05-14;http://www.rad.cvm.gov.br/ENETCONSULTA/frmDownloadDocumento.aspx?CodigoInstituicao=1&NumeroSequencialDocumento=147671
41.508.382/0001-46;2025-06-30;1;RODOVIAS DO BRASIL HOLDING S.A.;026352;ITR;151165;2025-08-13;http://www.rad.cvm.gov.br/ENETCONSULTA/frmDownloadDocumento.aspx?CodigoInstituicao=1&NumeroSequencialDocumento=151165
41.508.382/0001-46;2025-09-30;1;RODOVIAS DO BRASIL HOLDING S.A.;026352;ITR;153254;2025-11-13;http://www.rad.cvm.gov.br/ENETCONSULTA/frmDownloadDocumento.aspx?CodigoInstituicao=1&NumeroSequencialDocumento=153254
41.570.356/0001-48;2025-03-31;1;VRENTAL LOCAÇÃO DE MÁQUINAS E EQUIPAMENTOS S.A.;027235;ITR;147955;2025-05-15;http://www.rad.cvm.gov.br/ENETCONSULTA/frmDownloadDocumento.aspx?CodigoInstituicao=1&NumeroSequencialDocumento=147955
41.570.356/0001-48;2025-06-30;1;VRENTAL LOCAÇÃO DE MÁQUINAS E EQUIPAMENTOS S.A.;027235;ITR;151392;2025-08-14;http://www.rad.cvm.gov.br/ENETCONSULTA/frmDownloadDocumento.aspx?CodigoInstituicao=1&NumeroSequencialDocumento=151392
41.570.356/0001-48;2025-06-30;2;VRENTAL LOCAÇÃO DE MÁQUINAS E EQUIPAMENTOS S.A.;027235;ITR;151549;2025-08-20;http://www.rad.cvm.gov.br/ENETCONSULTA/frmDownloadDocumento.aspx?CodigoInstituicao=1&NumeroSequencialDocumento=151549
41.570.356/0001-48;2025-09-30;1;VRENTAL LOCAÇÃO DE MÁQUINAS E EQUIPAMENTOS S.A.;027235;ITR;153409;2025-11-14;http://www.rad.cvm.gov.br/ENETCONSULTA/frmDownloadDocumento.aspx?CodigoInstituicao=1&NumeroSequencialDocumento=153409
41.886.692/0001-02;2025-03-31;1;CONCESSIONARIA ROTA DE SANTA MARIA S.A;027294;ITR;147911;2025-05-15;http://www.rad.cvm.gov.br/ENETCONSULTA/frmDownloadDocumento.aspx?CodigoInstituicao=1&NumeroSequencialDocumento=147911
41.886.692/0001-02;2025-06-30;1;CONCESSIONARIA ROTA DE SANTA MARIA S.A;027294;ITR;151363;2025-08-14;http://www.rad.cvm.gov.br/ENETCONSULTA/frmDownloadDocumento.aspx?CodigoInstituicao=1&NumeroSequencialDocumento=151363
41.886.692/0001-02;2025-09-30;1;CONCESSIONARIA ROTA DE SANTA MARIA S.A;027294;ITR;153147;2025-11-13;http://www.rad.cvm.gov.br/ENETCONSULTA/frmDownloadDocumento.aspx?CodigoInstituicao=1&NumeroSequencialDocumento=153147
42.150.391/0001-70;2025-03-31;1;BRASKEM S.A.;004820;ITR;147313;2025-05-10;http://www.rad.cvm.gov.br/ENETCONSULTA/frmDownloadDocumento.aspx?CodigoInstituicao=1&NumeroSequencialDocumento=147313
42.150.391/0001-70;2025-06-30;1;BRASKEM S.A.;004820;ITR;150697;2025-08-07;http://www.rad.cvm.gov.br/ENETCONSULTA/frmDownloadDocumento.aspx?CodigoInstituicao=1&NumeroSequencialDocumento=150697
42.150.391/0001-70;2025-09-30;1;BRASKEM S.A.;004820;ITR;152898;2025-11-11;http://www.rad.cvm.gov.br/ENETCONSULTA/frmDownloadDocumento.aspx?CodigoInstituicao=1&NumeroSequencialDocumento=152898
42.150.391/0001-70;2025-09-30;2;BRASKEM S.A.;004820;ITR;153413;2025-11-14;http://www.rad.cvm.gov.br/ENETCONSULTA/frmDownloadDocumento.aspx?CodigoInstituicao=1&NumeroSequencialDocumento=153413
42.233.757/0001-75;2025-03-31;1;ALVAREZ & MARSAL INVESTIMENTOS I S.A.;026433;ITR;147749;2025-05-15;http://www.rad.cvm.gov.br/ENETCONSULTA/frmDownloadDocumento.aspx?CodigoInstituicao=1&NumeroSequencialDocumento=147749
42.233.757/0001-75;2025-06-30;1;ALVAREZ & MARSAL INVESTIMENTOS I S.A.;026433;ITR;151412;2025-08-14;http://www.rad.cvm.gov.br/ENETCONSULTA/frmDownloadDocumento.aspx?CodigoInstituicao=1&NumeroSequencialDocumento=151412
42.233.757/0001-75;2025-09-30;1;ALVAREZ & MARSAL INVESTIMENTOS I S.A.;026433;ITR;153367;2025-11-14;http://www.rad.cvm.gov.br/ENETCONSULTA/frmDownloadDocumento.aspx?CodigoInstituicao=1&NumeroSequencialDocumento=153367
42.278.291/0001-24;2025-03-31;1;LOG-IN LOGISTICA INTERMODAL S.A.;020710;ITR;147615;2025-05-14;http://www.rad.cvm.gov.br/ENETCONSULTA/frmDownloadDocumento.aspx?CodigoInstituicao=1&NumeroSequencialDocumento=147615
42.278.291/0001-24;2025-06-30;1;LOG-IN LOGISTICA INTERMODAL S.A.;020710;ITR;150643;2025-08-06;http://www.rad.cvm.gov.br/ENETCONSULTA/frmDownloadDocumento.aspx?CodigoInstituicao=1&NumeroSequencialDocumento=150643
42.278.291/0001-24;2025-09-30;1;LOG-IN LOGISTICA INTERMODAL S.A.;020710;ITR;152677;2025-11-05;http://www.rad.cvm.gov.br/ENETCONSULTA/frmDownloadDocumento.aspx?CodigoInstituicao=1&NumeroSequencialDocumento=152677
42.278.473/0001-03;2025-03-31;1;WIZ CO PARTICIPAÇÕES E CORRETAGEM DE SEGUROS S.A.;023590;ITR;147126;2025-05-08;http://www.rad.cvm.gov.br/ENETCONSULTA/frmDownloadDocumento.aspx?CodigoInstituicao=1&NumeroSequencialDocumento=147126
42.278.473/0001-03;2025-06-30;1;WIZ CO PARTICIPAÇÕES E CORRETAGEM DE SEGUROS S.A.;023590;ITR;150745;2025-08-07;http://www.rad.cvm.gov.br/ENETCONSULTA/frmDownloadDocumento.aspx?CodigoInstituicao=1&NumeroSequencialDocumento=150745
42.278.473/0001-03;2025-09-30;1;WIZ CO PARTICIPAÇÕES E CORRETAGEM DE SEGUROS S.A.;023590;ITR;152760;2025-11-06;http://www.rad.cvm.gov.br/ENETCONSULTA/frmDownloadDocumento.aspx?CodigoInstituicao=1&NumeroSequencialDocumento=152760
42.292.007/0001-74;2025-03-31;1;RIO+ SANEAMENTO BL 3 S.A.;027146;ITR;147692;2025-05-14;http://www.rad.cvm.gov.br/ENETCONSULTA/frmDownloadDocumento.aspx?CodigoInstituicao=1&NumeroSequencialDocumento=147692
42.292.007/0001-74;2025-06-30;1;RIO+ SANEAMENTO BL 3 S.A.;027146;ITR;151184;2025-08-13;http://www.rad.cvm.gov.br/ENETCONSULTA/frmDownloadDocumento.aspx?CodigoInstituicao=1&NumeroSequencialDocumento=151184
42.292.007/0001-74;2025-09-30;1;RIO+ SANEAMENTO BL 3 S.A.;027146;ITR;153241;2025-11-13;http://www.rad.cvm.gov.br/ENETCONSULTA/frmDownloadDocumento.aspx?CodigoInstituicao=1&NumeroSequencialDocumento=153241
42.310.775/0001-03;2025-03-31;1;ÁGUAS DO RIO 1 SPE S.A.;026735;ITR;146991;2025-05-07;http://www.rad.cvm.gov.br/ENETCONSULTA/frmDownloadDocumento.aspx?CodigoInstituicao=1&NumeroSequencialDocumento=146991
42.310.775/0001-03;2025-06-30;1;ÁGUAS DO RIO 1 SPE S.A.;026735;ITR;150651;2025-08-06;http://www.rad.cvm.gov.br/ENETCONSULTA/frmDownloadDocumento.aspx?CodigoInstituicao=1&NumeroSequencialDocumento=150651
42.310.775/0001-03;2025-09-30;1;ÁGUAS DO RIO 1 SPE S.A.;026735;ITR;152723;2025-11-05;http://www.rad.cvm.gov.br/ENETCONSULTA/frmDownloadDocumento.aspx?CodigoInstituicao=1&NumeroSequencialDocumento=152723
42.331.462/0001-31;2025-03-31;1;EMBPAR PARTICIPAÇÕES S/A;015458;ITR;147448;2025-05-13;http://www.rad.cvm.gov.br/ENETCONSULTA/frmDownloadDocumento.aspx?CodigoInstituicao=1&NumeroSequencialDocumento=147448
42.331.462/0001-31;2025-06-30;1;EMBPAR PARTICIPAÇÕES S/A;015458;ITR;150791;2025-08-08;http://www.rad.cvm.gov.br/ENETCONSULTA/frmDownloadDocumento.aspx?CodigoInstituicao=1&NumeroSequencialDocumento=150791
42.331.462/0001-31;2025-09-30;1;EMBPAR PARTICIPAÇÕES S/A;015458;ITR;152735;2025-11-06;http://www.rad.cvm.gov.br/ENETCONSULTA/frmDownloadDocumento.aspx?CodigoInstituicao=1&NumeroSequencialDocumento=152735
42.353.180/0001-35;2025-03-31;1;IGUÁ RIO DE JANEIRO S.A.;026727;ITR;146880;2025-05-06;http://www.rad.cvm.gov.br/ENETCONSULTA/frmDownloadDocumento.aspx?CodigoInstituicao=1&NumeroSequencialDocumento=146880
42.353.180/0001-35;2025-06-30;1;IGUÁ RIO DE JANEIRO S.A.;026727;ITR;151180;2025-08-13;http://www.rad.cvm.gov.br/ENETCONSULTA/frmDownloadDocumento.aspx?CodigoInstituicao=1&NumeroSequencialDocumento=151180
42.353.180/0001-35;2025-09-30;1;IGUÁ RIO DE JANEIRO S.A.;026727;ITR;153095;2025-11-12;http://www.rad.cvm.gov.br/ENETCONSULTA/frmDownloadDocumento.aspx?CodigoInstituicao=1&NumeroSequencialDocumento=153095
42.500.384/0001-51;2025-03-31;1;SERENA ENERGIA S.A.;026441;ITR;147734;2025-05-15;http://www.rad.cvm.gov.br/ENETCONSULTA/frmDownloadDocumento.aspx?CodigoInstituicao=1&NumeroSequencialDocumento=147734
42.500.384/0001-51;2025-06-30;1;SERENA ENERGIA S.A.;026441;ITR;151403;2025-08-14;http://www.rad.cvm.gov.br/ENETCONSULTA/frmDownloadDocumento.aspx?CodigoInstituicao=1&NumeroSequencialDocumento=151403
42.500.384/0001-51;2025-06-30;2;SERENA ENERGIA S.A.;026441;ITR;151447;2025-08-15;http://www.rad.cvm.gov.br/ENETCONSULTA/frmDownloadDocumento.aspx?CodigoInstituicao=1&NumeroSequencialDocumento=151447
42.500.384/0001-51;2025-09-30;1;SERENA ENERGIA S.A.;026441;ITR;153228;2025-11-13;http://www.rad.cvm.gov.br/ENETCONSULTA/frmDownloadDocumento.aspx?CodigoInstituicao=1&NumeroSequencialDocumento=153228
42.644.220/0001-06;2025-03-31;1;ÁGUAS DO RIO 4 SPE S.A.;026743;ITR;146992;2025-05-07;http://www.rad.cvm.gov.br/ENETCONSULTA/frmDownloadDocumento.aspx?CodigoInstituicao=1&NumeroSequencialDocumento=146992
42.644.220/0001-06;2025-06-30;1;ÁGUAS DO RIO 4 SPE S.A.;026743;ITR;150661;2025-08-06;http://www.rad.cvm.gov.br/ENETCONSULTA/frmDownloadDocumento.aspx?CodigoInstituicao=1&NumeroSequencialDocumento=150661
42.644.220/0001-06;2025-09-30;1;ÁGUAS DO RIO 4 SPE S.A.;026743;ITR;152724;2025-11-05;http://www.rad.cvm.gov.br/ENETCONSULTA/frmDownloadDocumento.aspx?CodigoInstituicao=1&NumeroSequencialDocumento=152724
42.737.954/0001-21;2025-03-31;1;INTER & CO, INC.;080217;ITR;147321;2025-05-12;http://www.rad.cvm.gov.br/ENETCONSULTA/frmDownloadDocumento.aspx?CodigoInstituicao=1&NumeroSequencialDocumento=147321
42.737.954/0001-21;2025-06-30;1;INTER & CO, INC.;080217;ITR;150626;2025-08-06;http://www.rad.cvm.gov.br/ENETCONSULTA/frmDownloadDocumento.aspx?CodigoInstituicao=1&NumeroSequencialDocumento=150626
42.737.954/0001-21;2025-09-30;1;INTER & CO, INC.;080217;ITR;153111;2025-11-13;http://www.rad.cvm.gov.br/ENETCONSULTA/frmDownloadDocumento.aspx?CodigoInstituicao=1&NumeroSequencialDocumento=153111
42.737.954/0001-21;2025-09-30;2;INTER & CO, INC.;080217;ITR;153278;2025-11-14;http://www.rad.cvm.gov.br/ENETCONSULTA/frmDownloadDocumento.aspx?CodigoInstituicao=1&NumeroSequencialDocumento=153278
42.771.949/0001-35;2025-03-31;1;ALLIANÇA SAÚDE E PARTICIPAÇÕES S.A.;024058;ITR;147906;2025-05-15;http://www.rad.cvm.gov.br/ENETCONSULTA/frmDownloadDocumento.aspx?CodigoInstituicao=1&NumeroSequencialDocumento=147906
42.771.949/0001-35;2025-06-30;1;ALLIANÇA SAÚDE E PARTICIPAÇÕES S.A.;024058;ITR;151415;2025-08-14;http://www.rad.cvm.gov.br/ENETCONSULTA/frmDownloadDocumento.aspx?CodigoInstituicao=1&NumeroSequencialDocumento=151415
42.771.949/0001-35;2025-09-30;1;ALLIANÇA SAÚDE E PARTICIPAÇÕES S.A.;024058;ITR;153262;2025-11-14;http://www.rad.cvm.gov.br/ENETCONSULTA/frmDownloadDocumento.aspx?CodigoInstituicao=1&NumeroSequencialDocumento=153262
43.283.811/0001-50;2025-03-31;1;KALUNGA S.A;025631;ITR;147539;2025-05-13;http://www.rad.cvm.gov.br/ENETCONSULTA/frmDownloadDocumento.aspx?CodigoInstituicao=1&NumeroSequencialDocumento=147539
43.283.811/0001-50;2025-06-30;1;KALUNGA S.A;025631;ITR;151474;2025-08-15;http://www.rad.cvm.gov.br/ENETCONSULTA/frmDownloadDocumento.aspx?CodigoInstituicao=1&NumeroSequencialDocumento=151474
43.283.811/0001-50;2025-09-30;1;KALUNGA S.A;025631;ITR;152970;2025-11-11;http://www.rad.cvm.gov.br/ENETCONSULTA/frmDownloadDocumento.aspx?CodigoInstituicao=1&NumeroSequencialDocumento=152970
43.335.774/0001-86;2025-03-31;1;TRAVESSIA SECURITIZADORA DE CRÉDITOS MERCANTIS VI S.A.;026824;ITR;147828;2025-05-15;http://www.rad.cvm.gov.br/ENETCONSULTA/frmDownloadDocumento.aspx?CodigoInstituicao=1&NumeroSequencialDocumento=147828
43.335.774/0001-86;2025-03-31;2;TRAVESSIA SECURITIZADORA DE CRÉDITOS MERCANTIS VI S.A.;026824;ITR;151395;2025-08-14;http://www.rad.cvm.gov.br/ENETCONSULTA/frmDownloadDocumento.aspx?CodigoInstituicao=1&NumeroSequencialDocumento=151395
43.335.774/0001-86;2025-06-30;1;TRAVESSIA SECURITIZADORA DE CRÉDITOS MERCANTIS VI S.A.;026824;ITR;151385;2025-08-14;http://www.rad.cvm.gov.br/ENETCONSULTA/frmDownloadDocumento.aspx?CodigoInstituicao=1&NumeroSequencialDocumento=151385
43.335.774/0001-86;2025-09-30;1;TRAVESSIA SECURITIZADORA DE CRÉDITOS MERCANTIS VI S.A.;026824;ITR;153256;2025-11-13;http://www.rad.cvm.gov.br/ENETCONSULTA/frmDownloadDocumento.aspx?CodigoInstituicao=1&NumeroSequencialDocumento=153256
43.470.988/0001-65;2025-03-31;1;EVEN CONSTRUTORA E INCORPORADORA S.A.;020524;ITR;147416;2025-05-12;http://www.rad.cvm.gov.br/ENETCONSULTA/frmDownloadDocumento.aspx?CodigoInstituicao=1&NumeroSequencialDocumento=147416
43.470.988/0001-65;2025-03-31;2;EVEN CONSTRUTORA E INCORPORADORA S.A.;020524;ITR;148627;2025-05-30;http://www.rad.cvm.gov.br/ENETCONSULTA/frmDownloadDocumento.aspx?CodigoInstituicao=1&NumeroSequencialDocumento=148627
43.470.988/0001-65;2025-06-30;1;EVEN CONSTRUTORA E INCORPORADORA S.A.;020524;ITR;150851;2025-08-11;http://www.rad.cvm.gov.br/ENETCONSULTA/frmDownloadDocumento.aspx?CodigoInstituicao=1&NumeroSequencialDocumento=150851
43.470.988/0001-65;2025-09-30;1;EVEN CONSTRUTORA E INCORPORADORA S.A.;020524;ITR;152857;2025-11-10;http://www.rad.cvm.gov.br/ENETCONSULTA/frmDownloadDocumento.aspx?CodigoInstituicao=1&NumeroSequencialDocumento=152857
43.514.079/0001-81;2025-03-31;1;CLI SUL S.A.;027243;ITR;147271;2025-05-09;http://www.rad.cvm.gov.br/ENETCONSULTA/frmDownloadDocumento.aspx?CodigoInstituicao=1&NumeroSequencialDocumento=147271
43.514.079/0001-81;2025-06-30;1;CLI SUL S.A.;027243;ITR;151093;2025-08-13;http://www.rad.cvm.gov.br/ENETCONSULTA/frmDownloadDocumento.aspx?CodigoInstituicao=1&NumeroSequencialDocumento=151093
43.514.079/0001-81;2025-09-30;1;CLI SUL S.A.;027243;ITR;152987;2025-11-11;http://www.rad.cvm.gov.br/ENETCONSULTA/frmDownloadDocumento.aspx?CodigoInstituicao=1&NumeroSequencialDocumento=152987
43.776.517/0001-80;2025-03-31;1;CIA SANEAMENTO BASICO EST SAO PAULO;014443;ITR;147418;2025-05-12;http://www.rad.cvm.gov.br/ENETCONSULTA/frmDownloadDocumento.aspx?CodigoInstituicao=1&NumeroSequencialDocumento=147418
43.776.517/0001-80;2025-06-30;1;CIA SANEAMENTO BASICO EST SAO PAULO;014443;ITR;150895;2025-08-11;http://www.rad.cvm.gov.br/ENETCONSULTA/frmDownloadDocumento.aspx?CodigoInstituicao=1&NumeroSequencialDocumento=150895
43.776.517/0001-80;2025-06-30;2;CIA SANEAMENTO BASICO EST SAO PAULO;014443;ITR;151443;2025-08-15;http://www.rad.cvm.gov.br/ENETCONSULTA/frmDownloadDocumento.aspx?CodigoInstituicao=1&NumeroSequencialDocumento=151443
43.776.517/0001-80;2025-09-30;1;CIA SANEAMENTO BASICO EST SAO PAULO;014443;ITR;152894;2025-11-10;http://www.rad.cvm.gov.br/ENETCONSULTA/frmDownloadDocumento.aspx?CodigoInstituicao=1&NumeroSequencialDocumento=152894
43.948.405/0001-69;2025-03-31;1;LUPO S.A.;026506;ITR;147481;2025-05-13;http://www.rad.cvm.gov.br/ENETCONSULTA/frmDownloadDocumento.aspx?CodigoInstituicao=1&NumeroSequencialDocumento=147481
43.948.405/0001-69;2025-06-30;1;LUPO S.A.;026506;ITR;151092;2025-08-13;http://www.rad.cvm.gov.br/ENETCONSULTA/frmDownloadDocumento.aspx?CodigoInstituicao=1&NumeroSequencialDocumento=151092
43.948.405/0001-69;2025-09-30;1;LUPO S.A.;026506;ITR;153346;2025-11-14;http://www.rad.cvm.gov.br/ENETCONSULTA/frmDownloadDocumento.aspx?CodigoInstituicao=1&NumeroSequencialDocumento=153346
44.067.725/0001-72;2025-03-31;1;VIA BRASIL BR 163 CONCESSIONÁRIA DE RODOVIAS S.A.;026913;ITR;148291;2025-05-26;http://www.rad.cvm.gov.br/ENETCONSULTA/frmDownloadDocumento.aspx?CodigoInstituicao=1&NumeroSequencialDocumento=148291
44.067.725/0001-72;2025-03-31;2;VIA BRASIL BR 163 CONCESSIONÁRIA DE RODOVIAS S.A.;026913;ITR;149280;2025-06-04;http://www.rad.cvm.gov.br/ENETCONSULTA/frmDownloadDocumento.aspx?CodigoInstituicao=1&NumeroSequencialDocumento=149280
44.067.725/0001-72;2025-06-30;1;VIA BRASIL BR 163 CONCESSIONÁRIA DE RODOVIAS S.A.;026913;ITR;151238;2025-08-14;http://www.rad.cvm.gov.br/ENETCONSULTA/frmDownloadDocumento.aspx?CodigoInstituicao=1&NumeroSequencialDocumento=151238
44.067.725/0001-72;2025-09-30;1;VIA BRASIL BR 163 CONCESSIONÁRIA DE RODOVIAS S.A.;026913;ITR;153314;2025-11-14;http://www.rad.cvm.gov.br/ENETCONSULTA/frmDownloadDocumento.aspx?CodigoInstituicao=1&NumeroSequencialDocumento=153314
44.319.688/0001-42;2025-03-31;1;CONCESSIONÁRIA DO SISTEMA RODOVIÁRIO RIO-SÃO PAULO S.A;027421;ITR;147487;2025-05-13;http://www.rad.cvm.gov.br/ENETCONSULTA/frmDownloadDocumento.aspx?CodigoInstituicao=1&NumeroSequencialDocumento=147487
44.319.688/0001-42;2025-06-30;1;CONCESSIONÁRIA DO SISTEMA RODOVIÁRIO RIO-SÃO PAULO S.A;027421;ITR;150948;2025-08-12;http://www.rad.cvm.gov.br/ENETCONSULTA/frmDownloadDocumento.aspx?CodigoInstituicao=1&NumeroSequencialDocumento=150948
44.319.688/0001-42;2025-09-30;1;CONCESSIONÁRIA DO SISTEMA RODOVIÁRIO RIO-SÃO PAULO S.A;027421;ITR;152856;2025-11-10;http://www.rad.cvm.gov.br/ENETCONSULTA/frmDownloadDocumento.aspx?CodigoInstituicao=1&NumeroSequencialDocumento=152856
44.854.238/0001-50;2025-03-31;1;PARSAN S.A.;027448;ITR;146990;2025-05-07;http://www.rad.cvm.gov.br/ENETCONSULTA/frmDownloadDocumento.aspx?CodigoInstituicao=1&NumeroSequencialDocumento=146990
44.854.238/0001-50;2025-03-31;2;PARSAN S.A.;027448;ITR;148740;2025-05-30;http://www.rad.cvm.gov.br/ENETCONSULTA/frmDownloadDocumento.aspx?CodigoInstituicao=1&NumeroSequencialDocumento=148740
44.854.238/0001-50;2025-06-30;1;PARSAN S.A.;027448;ITR;150659;2025-08-06;http://www.rad.cvm.gov.br/ENETCONSULTA/frmDownloadDocumento.aspx?CodigoInstituicao=1&NumeroSequencialDocumento=150659
44.854.238/0001-50;2025-06-30;2;PARSAN S.A.;027448;ITR;150686;2025-08-06;http://www.rad.cvm.gov.br/ENETCONSULTA/frmDownloadDocumento.aspx?CodigoInstituicao=1&NumeroSequencialDocumento=150686
44.854.238/0001-50;2025-09-30;1;PARSAN S.A.;027448;ITR;152725;2025-11-05;http://www.rad.cvm.gov.br/ENETCONSULTA/frmDownloadDocumento.aspx?CodigoInstituicao=1&NumeroSequencialDocumento=152725
45.242.914/0001-05;2025-03-31;1;C&A MODAS S.A.;024848;ITR;146987;2025-05-07;http://www.rad.cvm.gov.br/ENETCONSULTA/frmDownloadDocumento.aspx?CodigoInstituicao=1&NumeroSequencialDocumento=146987
45.242.914/0001-05;2025-06-30;1;C&A MODAS S.A.;024848;ITR;150672;2025-08-06;http://www.rad.cvm.gov.br/ENETCONSULTA/frmDownloadDocumento.aspx?CodigoInstituicao=1&NumeroSequencialDocumento=150672
45.242.914/0001-05;2025-09-30;1;C&A MODAS S.A.;024848;ITR;152650;2025-11-04;http://www.rad.cvm.gov.br/ENETCONSULTA/frmDownloadDocumento.aspx?CodigoInstituicao=1&NumeroSequencialDocumento=152650
45.365.558/0001-09;2025-03-31;1;VITTIA S.A.;025763;ITR;147522;2025-05-13;http://www.rad.cvm.gov.br/ENETCONSULTA/frmDownloadDocumento.aspx?CodigoInstituicao=1&NumeroSequencialDocumento=147522
45.365.558/0001-09;2025-06-30;1;VITTIA S.A.;025763;ITR;151150;2025-08-13;http://www.rad.cvm.gov.br/ENETCONSULTA/frmDownloadDocumento.aspx?CodigoInstituicao=1&NumeroSequencialDocumento=151150
45.365.558/0001-09;2025-06-30;2;VITTIA S.A.;025763;ITR;151226;2025-08-14;http://www.rad.cvm.gov.br/ENETCONSULTA/frmDownloadDocumento.aspx?CodigoInstituicao=1&NumeroSequencialDocumento=151226
45.365.558/0001-09;2025-09-30;1;VITTIA S.A.;025763;ITR;153082;2025-11-12;http://www.rad.cvm.gov.br/ENETCONSULTA/frmDownloadDocumento.aspx?CodigoInstituicao=1&NumeroSequencialDocumento=153082
45.453.214/0001-51;2025-03-31;1;PROFARMA DISTRIB PROD FARMACEUTICOS S.A.;020346;ITR;146806;2025-05-05;http://www.rad.cvm.gov.br/ENETCONSULTA/frmDownloadDocumento.aspx?CodigoInstituicao=1&NumeroSequencialDocumento=146806
45.453.214/0001-51;2025-06-30;1;PROFARMA DISTRIB PROD FARMACEUTICOS S.A.;020346;ITR;150303;2025-07-30;http://www.rad.cvm.gov.br/ENETCONSULTA/frmDownloadDocumento.aspx?CodigoInstituicao=1&NumeroSequencialDocumento=150303
45.453.214/0001-51;2025-09-30;1;PROFARMA DISTRIB PROD FARMACEUTICOS S.A.;020346;ITR;152539;2025-10-29;http://www.rad.cvm.gov.br/ENETCONSULTA/frmDownloadDocumento.aspx?CodigoInstituicao=1&NumeroSequencialDocumento=152539
45.456.117/0001-12;2025-03-31;1;ÁGUAS DO SERTÃO S.A.;027359;ITR;147963;2025-05-15;http://www.rad.cvm.gov.br/ENETCONSULTA/frmDownloadDocumento.aspx?CodigoInstituicao=1&NumeroSequencialDocumento=147963
45.456.117/0001-12;2025-06-30;1;ÁGUAS DO SERTÃO S.A.;027359;ITR;151235;2025-08-14;http://www.rad.cvm.gov.br/ENETCONSULTA/frmDownloadDocumento.aspx?CodigoInstituicao=1&NumeroSequencialDocumento=151235
45.456.117/0001-12;2025-09-30;1;ÁGUAS DO SERTÃO S.A.;027359;ITR;153318;2025-11-14;http://www.rad.cvm.gov.br/ENETCONSULTA/frmDownloadDocumento.aspx?CodigoInstituicao=1&NumeroSequencialDocumento=153318
45.736.131/0001-70;2025-03-31;1;UNIDAS LOCADORA S.A.;027162;ITR;147411;2025-05-12;http://www.rad.cvm.gov.br/ENETCONSULTA/frmDownloadDocumento.aspx?CodigoInstituicao=1&NumeroSequencialDocumento=147411
45.736.131/0001-70;2025-06-30;1;UNIDAS LOCADORA S.A.;027162;ITR;150878;2025-08-11;http://www.rad.cvm.gov.br/ENETCONSULTA/frmDownloadDocumento.aspx?CodigoInstituicao=1&NumeroSequencialDocumento=150878
45.736.131/0001-70;2025-09-30;1;UNIDAS LOCADORA S.A.;027162;ITR;152963;2025-11-11;http://www.rad.cvm.gov.br/ENETCONSULTA/frmDownloadDocumento.aspx?CodigoInstituicao=1&NumeroSequencialDocumento=152963
45.736.131/0001-70;2025-09-30;2;UNIDAS LOCADORA S.A.;027162;ITR;153465;2025-11-18;http://www.rad.cvm.gov.br/ENETCONSULTA/frmDownloadDocumento.aspx?CodigoInstituicao=1&NumeroSequencialDocumento=153465
45.987.245/0001-92;2025-03-31;1;BIOMA EDUCAÇÃO S.A.;000701;ITR;147937;2025-05-15;http://www.rad.cvm.gov.br/ENETCONSULTA/frmDownloadDocumento.aspx?CodigoInstituicao=1&NumeroSequencialDocumento=147937
45.987.245/0001-92;2025-06-30;1;BIOMA EDUCAÇÃO S.A.;000701;ITR;151434;2025-08-14;http://www.rad.cvm.gov.br/ENETCONSULTA/frmDownloadDocumento.aspx?CodigoInstituicao=1&NumeroSequencialDocumento=151434
45.987.245/0001-92;2025-09-30;1;BIOMA EDUCAÇÃO S.A.;000701;ITR;153403;2025-11-14;http://www.rad.cvm.gov.br/ENETCONSULTA/frmDownloadDocumento.aspx?CodigoInstituicao=1&NumeroSequencialDocumento=153403
46.119.855/0001-37;2025-03-31;1;SOCIEDADE ABASTECIMENTO DE ÁGUA E SANEAMENTO S.A - SANASA;016241;ITR;147743;2025-05-15;http://www.rad.cvm.gov.br/ENETCONSULTA/frmDownloadDocumento.aspx?CodigoInstituicao=1&NumeroSequencialDocumento=147743
46.119.855/0001-37;2025-06-30;1;SOCIEDADE ABASTECIMENTO DE ÁGUA E SANEAMENTO S.A - SANASA;016241;ITR;151233;2025-08-14;http://www.rad.cvm.gov.br/ENETCONSULTA/frmDownloadDocumento.aspx?CodigoInstituicao=1&NumeroSequencialDocumento=151233
46.119.855/0001-37;2025-09-30;1;SOCIEDADE ABASTECIMENTO DE ÁGUA E SANEAMENTO S.A - SANASA;016241;ITR;153317;2025-11-14;http://www.rad.cvm.gov.br/ENETCONSULTA/frmDownloadDocumento.aspx?CodigoInstituicao=1&NumeroSequencialDocumento=153317
46.568.486/0001-60;2025-03-31;1;MANTIQUEIRA HOLDING S.A.;027952;ITR;152375;2025-10-17;http://www.rad.cvm.gov.br/ENETCONSULTA/frmDownloadDocumento.aspx?CodigoInstituicao=1&NumeroSequencialDocumento=152375
46.568.486/0001-60;2025-06-30;1;MANTIQUEIRA HOLDING S.A.;027952;ITR;152376;2025-10-17;http://www.rad.cvm.gov.br/ENETCONSULTA/frmDownloadDocumento.aspx?CodigoInstituicao=1&NumeroSequencialDocumento=152376
46.568.486/0001-60;2025-09-30;1;MANTIQUEIRA HOLDING S.A.;027952;ITR;153560;2025-11-25;http://www.rad.cvm.gov.br/ENETCONSULTA/frmDownloadDocumento.aspx?CodigoInstituicao=1&NumeroSequencialDocumento=153560
46.573.272/0001-81;2025-03-31;1;PORTO SAÚDE PARTICIPAÇÕES S.A.;027618;ITR;147189;2025-05-09;http://www.rad.cvm.gov.br/ENETCONSULTA/frmDownloadDocumento.aspx?CodigoInstituicao=1&NumeroSequencialDocumento=147189
46.573.272/0001-81;2025-06-30;1;PORTO SAÚDE PARTICIPAÇÕES S.A.;027618;ITR;151054;2025-08-13;http://www.rad.cvm.gov.br/ENETCONSULTA/frmDownloadDocumento.aspx?CodigoInstituicao=1&NumeroSequencialDocumento=151054
46.573.272/0001-81;2025-09-30;1;PORTO SAÚDE PARTICIPAÇÕES S.A.;027618;ITR;152903;2025-11-11;http://www.rad.cvm.gov.br/ENETCONSULTA/frmDownloadDocumento.aspx?CodigoInstituicao=1&NumeroSequencialDocumento=152903
47.155.252/0001-53;2025-03-31;1;VIA ARAUCÁRIA CONCESSIONÁRIA DE RODOVIAS S.A.;027936;ITR;149657;2025-06-30;http://www.rad.cvm.gov.br/ENETCONSULTA/frmDownloadDocumento.aspx?CodigoInstituicao=1&NumeroSequencialDocumento=149657
47.155.252/0001-53;2025-06-30;1;VIA ARAUCÁRIA CONCESSIONÁRIA DE RODOVIAS S.A.;027936;ITR;151496;2025-08-18;http://www.rad.cvm.gov.br/ENETCONSULTA/frmDownloadDocumento.aspx?CodigoInstituicao=1&NumeroSequencialDocumento=151496
47.155.252/0001-53;2025-09-30;1;VIA ARAUCÁRIA CONCESSIONÁRIA DE RODOVIAS S.A.;027936;ITR;153222;2025-11-13;http://www.rad.cvm.gov.br/ENETCONSULTA/frmDownloadDocumento.aspx?CodigoInstituicao=1&NumeroSequencialDocumento=153222
47.508.411/0001-56;2025-03-31;1;CIA BRASILEIRA DE DISTRIBUICAO;014826;ITR;146798;2025-05-05;http://www.rad.cvm.gov.br/ENETCONSULTA/frmDownloadDocumento.aspx?CodigoInstituicao=1&NumeroSequencialDocumento=146798
47.508.411/0001-56;2025-06-30;1;CIA BRASILEIRA DE DISTRIBUICAO;014826;ITR;150603;2025-08-05;http://www.rad.cvm.gov.br/ENETCONSULTA/frmDownloadDocumento.aspx?CodigoInstituicao=1&NumeroSequencialDocumento=150603
47.508.411/0001-56;2025-09-30;1;CIA BRASILEIRA DE DISTRIBUICAO;014826;ITR;152659;2025-11-04;http://www.rad.cvm.gov.br/ENETCONSULTA/frmDownloadDocumento.aspx?CodigoInstituicao=1&NumeroSequencialDocumento=152659
47.509.120/0001-82;2025-03-31;1;BRADESCO LEASING S.A. ARREND MERCANTIL;019640;ITR;147667;2025-05-14;http://www.rad.cvm.gov.br/ENETCONSULTA/frmDownloadDocumento.aspx?CodigoInstituicao=1&NumeroSequencialDocumento=147667
47.509.120/0001-82;2025-06-30;1;BRADESCO LEASING S.A. ARREND MERCANTIL;019640;ITR;151051;2025-08-13;http://www.rad.cvm.gov.br/ENETCONSULTA/frmDownloadDocumento.aspx?CodigoInstituicao=1&NumeroSequencialDocumento=151051
47.509.120/0001-82;2025-09-30;1;BRADESCO LEASING S.A. ARREND MERCANTIL;019640;ITR;152770;2025-11-06;http://www.rad.cvm.gov.br/ENETCONSULTA/frmDownloadDocumento.aspx?CodigoInstituicao=1&NumeroSequencialDocumento=152770
47.586.663/0001-01;2025-03-31;1;NOVA SOCIEDADE DE NAVEGAÇÃO S.A.;027081;ITR;147949;2025-05-15;http://www.rad.cvm.gov.br/ENETCONSULTA/frmDownloadDocumento.aspx?CodigoInstituicao=1&NumeroSequencialDocumento=147949
47.586.663/0001-01;2025-06-30;1;NOVA SOCIEDADE DE NAVEGAÇÃO S.A.;027081;ITR;151156;2025-08-13;http://www.rad.cvm.gov.br/ENETCONSULTA/frmDownloadDocumento.aspx?CodigoInstituicao=1&NumeroSequencialDocumento=151156
47.586.663/0001-01;2025-09-30;1;NOVA SOCIEDADE DE NAVEGAÇÃO S.A.;027081;ITR;153069;2025-11-12;http://www.rad.cvm.gov.br/ENETCONSULTA/frmDownloadDocumento.aspx?CodigoInstituicao=1&NumeroSequencialDocumento=153069
47.815.827/0001-17;2025-03-31;1;CAMINHOS DA SERRA GAUCHA S/A;027871;ITR;149668;2025-06-30;http://www.rad.cvm.gov.br/ENETCONSULTA/frmDownloadDocumento.aspx?CodigoInstituicao=1&NumeroSequencialDocumento=149668
47.815.827/0001-17;2025-06-30;1;CAMINHOS DA SERRA GAUCHA S/A;027871;ITR;151240;2025-08-14;http://www.rad.cvm.gov.br/ENETCONSULTA/frmDownloadDocumento.aspx?CodigoInstituicao=1&NumeroSequencialDocumento=151240
47.815.827/0001-17;2025-09-30;1;CAMINHOS DA SERRA GAUCHA S/A;027871;ITR;153012;2025-11-12;http://www.rad.cvm.gov.br/ENETCONSULTA/frmDownloadDocumento.aspx?CodigoInstituicao=1&NumeroSequencialDocumento=153012
47.960.950/0001-21;2025-03-31;1;MAGAZINE LUIZA S.A.;022470;ITR;147120;2025-05-08;http://www.rad.cvm.gov.br/ENETCONSULTA/frmDownloadDocumento.aspx?CodigoInstituicao=1&NumeroSequencialDocumento=147120
47.960.950/0001-21;2025-06-30;1;MAGAZINE LUIZA S.A.;022470;ITR;150749;2025-08-07;http://www.rad.cvm.gov.br/ENETCONSULTA/frmDownloadDocumento.aspx?CodigoInstituicao=1&NumeroSequencialDocumento=150749
47.960.950/0001-21;2025-09-30;1;MAGAZINE LUIZA S.A.;022470;ITR;152782;2025-11-06;http://www.rad.cvm.gov.br/ENETCONSULTA/frmDownloadDocumento.aspx?CodigoInstituicao=1&NumeroSequencialDocumento=152782
48.127.008/0001-40;2025-03-31;1;CONCESSIONÁRIA RODOVIAS DO SUL DE MINAS SPE S.A.;027596;ITR;147914;2025-05-15;http://www.rad.cvm.gov.br/ENETCONSULTA/frmDownloadDocumento.aspx?CodigoInstituicao=1&NumeroSequencialDocumento=147914
48.127.008/0001-40;2025-06-30;1;CONCESSIONÁRIA RODOVIAS DO SUL DE MINAS SPE S.A.;027596;ITR;151345;2025-08-14;http://www.rad.cvm.gov.br/ENETCONSULTA/frmDownloadDocumento.aspx?CodigoInstituicao=1&NumeroSequencialDocumento=151345
48.127.008/0001-40;2025-09-30;1;CONCESSIONÁRIA RODOVIAS DO SUL DE MINAS SPE S.A.;027596;ITR;153340;2025-11-14;http://www.rad.cvm.gov.br/ENETCONSULTA/frmDownloadDocumento.aspx?CodigoInstituicao=1&NumeroSequencialDocumento=153340
48.127.012/0001-08;2025-03-31;1;CONCESSIONÁRIA RODOVIAS DO TRIÂNGULO SPE S.A.;027537;ITR;147893;2025-05-15;http://www.rad.cvm.gov.br/ENETCONSULTA/frmDownloadDocumento.aspx?CodigoInstituicao=1&NumeroSequencialDocumento=147893
48.127.012/0001-08;2025-06-30;1;CONCESSIONÁRIA RODOVIAS DO TRIÂNGULO SPE S.A.;027537;ITR;151340;2025-08-14;http://www.rad.cvm.gov.br/ENETCONSULTA/frmDownloadDocumento.aspx?CodigoInstituicao=1&NumeroSequencialDocumento=151340
48.127.012/0001-08;2025-09-30;1;CONCESSIONÁRIA RODOVIAS DO TRIÂNGULO SPE S.A.;027537;ITR;153331;2025-11-14;http://www.rad.cvm.gov.br/ENETCONSULTA/frmDownloadDocumento.aspx?CodigoInstituicao=1&NumeroSequencialDocumento=153331
48.127.012/0001-08;2025-09-30;2;CONCESSIONÁRIA RODOVIAS DO TRIÂNGULO SPE S.A.;027537;ITR;153708;2025-12-04;http://www.rad.cvm.gov.br/ENETCONSULTA/frmDownloadDocumento.aspx?CodigoInstituicao=1&NumeroSequencialDocumento=153708
48.710.127/0001-20;2025-03-31;1;SPE NOVO NORTE AEROPORTOS S.A;027758;ITR;147643;2025-05-14;http://www.rad.cvm.gov.br/ENETCONSULTA/frmDownloadDocumento.aspx?CodigoInstituicao=1&NumeroSequencialDocumento=147643
48.710.127/0001-20;2025-06-30;1;SPE NOVO NORTE AEROPORTOS S.A;027758;ITR;150914;2025-08-12;http://www.rad.cvm.gov.br/ENETCONSULTA/frmDownloadDocumento.aspx?CodigoInstituicao=1&NumeroSequencialDocumento=150914
48.710.127/0001-20;2025-09-30;1;SPE NOVO NORTE AEROPORTOS S.A;027758;ITR;153232;2025-11-13;http://www.rad.cvm.gov.br/ENETCONSULTA/frmDownloadDocumento.aspx?CodigoInstituicao=1&NumeroSequencialDocumento=153232
48.851.242/0001-15;2025-03-31;1;CONCESSIONARIA DAS RODOVIAS DO LESTE MS S/A;027790;ITR;147863;2025-05-15;http://www.rad.cvm.gov.br/ENETCONSULTA/frmDownloadDocumento.aspx?CodigoInstituicao=1&NumeroSequencialDocumento=147863
48.851.242/0001-15;2025-06-30;1;CONCESSIONARIA DAS RODOVIAS DO LESTE MS S/A;027790;ITR;151475;2025-08-15;http://www.rad.cvm.gov.br/ENETCONSULTA/frmDownloadDocumento.aspx?CodigoInstituicao=1&NumeroSequencialDocumento=151475
48.851.242/0001-15;2025-09-30;1;CONCESSIONARIA DAS RODOVIAS DO LESTE MS S/A;027790;ITR;153338;2025-11-14;http://www.rad.cvm.gov.br/ENETCONSULTA/frmDownloadDocumento.aspx?CodigoInstituicao=1&NumeroSequencialDocumento=153338
49.115.815/0001-05;2025-03-31;1;JBS N.V.;080233;ITR;148327;2025-05-27;http://www.rad.cvm.gov.br/ENETCONSULTA/frmDownloadDocumento.aspx?CodigoInstituicao=1&NumeroSequencialDocumento=148327
49.115.815/0001-05;2025-06-30;1;JBS N.V.;080233;ITR;151146;2025-08-13;http://www.rad.cvm.gov.br/ENETCONSULTA/frmDownloadDocumento.aspx?CodigoInstituicao=1&NumeroSequencialDocumento=151146
49.115.815/0001-05;2025-06-30;2;JBS N.V.;080233;ITR;151163;2025-08-13;http://www.rad.cvm.gov.br/ENETCONSULTA/frmDownloadDocumento.aspx?CodigoInstituicao=1&NumeroSequencialDocumento=151163
49.115.815/0001-05;2025-09-30;1;JBS N.V.;080233;ITR;153210;2025-11-13;http://www.rad.cvm.gov.br/ENETCONSULTA/frmDownloadDocumento.aspx?CodigoInstituicao=1&NumeroSequencialDocumento=153210
49.263.189/0001-02;2025-03-31;1;HELBOR EMPREENDIMENTOS S.A.;020877;ITR;147540;2025-05-13;http://www.rad.cvm.gov.br/ENETCONSULTA/frmDownloadDocumento.aspx?CodigoInstituicao=1&NumeroSequencialDocumento=147540
49.263.189/0001-02;2025-06-30;1;HELBOR EMPREENDIMENTOS S.A.;020877;ITR;150952;2025-08-12;http://www.rad.cvm.gov.br/ENETCONSULTA/frmDownloadDocumento.aspx?CodigoInstituicao=1&NumeroSequencialDocumento=150952
49.263.189/0001-02;2025-09-30;1;HELBOR EMPREENDIMENTOS S.A.;020877;ITR;152961;2025-11-11;http://www.rad.cvm.gov.br/ENETCONSULTA/frmDownloadDocumento.aspx?CodigoInstituicao=1&NumeroSequencialDocumento=152961
49.314.049/0001-08;2025-03-31;1;CONCESSIONÁRIA DE RODOVIAS NOROESTE PAULISTA S.A;027464;ITR;147102;2025-05-08;http://www.rad.cvm.gov.br/ENETCONSULTA/frmDownloadDocumento.aspx?CodigoInstituicao=1&NumeroSequencialDocumento=147102
49.314.049/0001-08;2025-06-30;1;CONCESSIONÁRIA DE RODOVIAS NOROESTE PAULISTA S.A;027464;ITR;150277;2025-07-30;http://www.rad.cvm.gov.br/ENETCONSULTA/frmDownloadDocumento.aspx?CodigoInstituicao=1&NumeroSequencialDocumento=150277
49.314.049/0001-08;2025-09-30;1;CONCESSIONÁRIA DE RODOVIAS NOROESTE PAULISTA S.A;027464;ITR;152952;2025-11-11;http://www.rad.cvm.gov.br/ENETCONSULTA/frmDownloadDocumento.aspx?CodigoInstituicao=1&NumeroSequencialDocumento=152952
49.669.856/0001-43;2025-03-31;1;VESTE S.A. ESTILO;021440;ITR;147514;2025-05-13;http://www.rad.cvm.gov.br/ENETCONSULTA/frmDownloadDocumento.aspx?CodigoInstituicao=1&NumeroSequencialDocumento=147514
49.669.856/0001-43;2025-06-30;1;VESTE S.A. ESTILO;021440;ITR;150954;2025-08-12;http://www.rad.cvm.gov.br/ENETCONSULTA/frmDownloadDocumento.aspx?CodigoInstituicao=1&NumeroSequencialDocumento=150954
49.669.856/0001-43;2025-09-30;1;VESTE S.A. ESTILO;021440;ITR;153204;2025-11-13;http://www.rad.cvm.gov.br/ENETCONSULTA/frmDownloadDocumento.aspx?CodigoInstituicao=1&NumeroSequencialDocumento=153204
49.703.913/0001-63;2025-03-31;1;PLATÃO CAPITAL S.A.;027995;ITR;152440;2025-10-22;http://www.rad.cvm.gov.br/ENETCONSULTA/frmDownloadDocumento.aspx?CodigoInstituicao=1&NumeroSequencialDocumento=152440
49.703.913/0001-63;2025-06-30;1;PLATÃO CAPITAL S.A.;027995;ITR;153797;2025-12-10;http://www.rad.cvm.gov.br/ENETCONSULTA/frmDownloadDocumento.aspx?CodigoInstituicao=1&NumeroSequencialDocumento=153797
49.703.913/0001-63;2025-09-30;1;PLATÃO CAPITAL S.A.;027995;ITR;153798;2025-12-10;http://www.rad.cvm.gov.br/ENETCONSULTA/frmDownloadDocumento.aspx?CodigoInstituicao=1&NumeroSequencialDocumento=153798
50.399.553/0001-37;2025-03-31;1;CONCESSIONÁRIA RODOANEL NORTE SPE S.A.;027782;ITR;147947;2025-05-15;http://www.rad.cvm.gov.br/ENETCONSULTA/frmDownloadDocumento.aspx?CodigoInstituicao=1&NumeroSequencialDocumento=147947
50.399.553/0001-37;2025-06-30;1;CONCESSIONÁRIA RODOANEL NORTE SPE S.A.;027782;ITR;151426;2025-08-14;http://www.rad.cvm.gov.br/ENETCONSULTA/frmDownloadDocumento.aspx?CodigoInstituicao=1&NumeroSequencialDocumento=151426
50.399.553/0001-37;2025-09-30;1;CONCESSIONÁRIA RODOANEL NORTE SPE S.A.;027782;ITR;153588;2025-11-26;http://www.rad.cvm.gov.br/ENETCONSULTA/frmDownloadDocumento.aspx?CodigoInstituicao=1&NumeroSequencialDocumento=153588
50.564.053/0001-03;2025-03-31;1;BOMBRIL S.A. - EM RECUPERAÇÃO JUDICIAL;012190;ITR;155853;2026-03-30;http://www.rad.cvm.gov.br/ENETCONSULTA/frmDownloadDocumento.aspx?CodigoInstituicao=1&NumeroSequencialDocumento=155853
50.564.053/0001-03;2025-06-30;1;BOMBRIL S.A. - EM RECUPERAÇÃO JUDICIAL;012190;ITR;156291;2026-04-17;http://www.rad.cvm.gov.br/ENETCONSULTA/frmDownloadDocumento.aspx?CodigoInstituicao=1&NumeroSequencialDocumento=156291
50.564.053/0001-03;2025-09-30;1;BOMBRIL S.A. - EM RECUPERAÇÃO JUDICIAL;012190;ITR;156292;2026-04-17;http://www.rad.cvm.gov.br/ENETCONSULTA/frmDownloadDocumento.aspx?CodigoInstituicao=1&NumeroSequencialDocumento=156292
50.746.577/0001-15;2025-03-31;1;COSAN S.A.;019836;ITR;147908;2025-05-15;http://www.rad.cvm.gov.br/ENETCONSULTA/frmDownloadDocumento.aspx?CodigoInstituicao=1&NumeroSequencialDocumento=147908
50.746.577/0001-15;2025-06-30;1;COSAN S.A.;019836;ITR;151381;2025-08-14;http://www.rad.cvm.gov.br/ENETCONSULTA/frmDownloadDocumento.aspx?CodigoInstituicao=1&NumeroSequencialDocumento=151381
50.746.577/0001-15;2025-09-30;1;COSAN S.A.;019836;ITR;153383;2025-11-14;http://www.rad.cvm.gov.br/ENETCONSULTA/frmDownloadDocumento.aspx?CodigoInstituicao=1&NumeroSequencialDocumento=153383
50.926.955/0001-42;2025-03-31;1;VULCABRAS S.A.;011762;ITR;146860;2025-05-06;http://www.rad.cvm.gov.br/ENETCONSULTA/frmDownloadDocumento.aspx?CodigoInstituicao=1&NumeroSequencialDocumento=146860
50.926.955/0001-42;2025-06-30;1;VULCABRAS S.A.;011762;ITR;151342;2025-08-14;http://www.rad.cvm.gov.br/ENETCONSULTA/frmDownloadDocumento.aspx?CodigoInstituicao=1&NumeroSequencialDocumento=151342
50.926.955/0001-42;2025-06-30;2;VULCABRAS S.A.;011762;ITR;151382;2025-08-14;http://www.rad.cvm.gov.br/ENETCONSULTA/frmDownloadDocumento.aspx?CodigoInstituicao=1&NumeroSequencialDocumento=151382
50.926.955/0001-42;2025-09-30;1;VULCABRAS S.A.;011762;ITR;152566;2025-10-30;http://www.rad.cvm.gov.br/ENETCONSULTA/frmDownloadDocumento.aspx?CodigoInstituicao=1&NumeroSequencialDocumento=152566
51.128.999/0001-90;2025-03-31;1;NUTRIPLANT INDUSTRIA E COMERCIO S.A.;021334;ITR;147445;2025-05-13;http://www.rad.cvm.gov.br/ENETCONSULTA/frmDownloadDocumento.aspx?CodigoInstituicao=1&NumeroSequencialDocumento=147445
51.128.999/0001-90;2025-06-30;1;NUTRIPLANT INDUSTRIA E COMERCIO S.A.;021334;ITR;150901;2025-08-12;http://www.rad.cvm.gov.br/ENETCONSULTA/frmDownloadDocumento.aspx?CodigoInstituicao=1&NumeroSequencialDocumento=150901
51.128.999/0001-90;2025-09-30;1;NUTRIPLANT INDUSTRIA E COMERCIO S.A.;021334;ITR;152907;2025-11-11;http://www.rad.cvm.gov.br/ENETCONSULTA/frmDownloadDocumento.aspx?CodigoInstituicao=1&NumeroSequencialDocumento=152907
51.136.974/0001-38;2025-03-31;1;EPR INFRAESTRUTURA PR S.A.;027715;ITR;147925;2025-05-15;http://www.rad.cvm.gov.br/ENETCONSULTA/frmDownloadDocumento.aspx?CodigoInstituicao=1&NumeroSequencialDocumento=147925
51.136.974/0001-38;2025-06-30;1;EPR INFRAESTRUTURA PR S.A.;027715;ITR;151357;2025-08-14;http://www.rad.cvm.gov.br/ENETCONSULTA/frmDownloadDocumento.aspx?CodigoInstituicao=1&NumeroSequencialDocumento=151357
51.136.974/0001-38;2025-06-30;2;EPR INFRAESTRUTURA PR S.A.;027715;ITR;151364;2025-08-14;http://www.rad.cvm.gov.br/ENETCONSULTA/frmDownloadDocumento.aspx?CodigoInstituicao=1&NumeroSequencialDocumento=151364
51.136.974/0001-38;2025-09-30;1;EPR INFRAESTRUTURA PR S.A.;027715;ITR;153366;2025-11-14;http://www.rad.cvm.gov.br/ENETCONSULTA/frmDownloadDocumento.aspx?CodigoInstituicao=1&NumeroSequencialDocumento=153366
51.137.031/0001-20;2025-03-31;1;EPR LITORAL PIONEIRO S.A.;027723;ITR;147903;2025-05-15;http://www.rad.cvm.gov.br/ENETCONSULTA/frmDownloadDocumento.aspx?CodigoInstituicao=1&NumeroSequencialDocumento=147903
51.137.031/0001-20;2025-06-30;1;EPR LITORAL PIONEIRO S.A.;027723;ITR;151351;2025-08-14;http://www.rad.cvm.gov.br/ENETCONSULTA/frmDownloadDocumento.aspx?CodigoInstituicao=1&NumeroSequencialDocumento=151351
51.137.031/0001-20;2025-09-30;1;EPR LITORAL PIONEIRO S.A.;027723;ITR;153355;2025-11-14;http://www.rad.cvm.gov.br/ENETCONSULTA/frmDownloadDocumento.aspx?CodigoInstituicao=1&NumeroSequencialDocumento=153355
51.218.147/0001-93;2025-03-31;1;IGUATEMI EMPRESA DE SHOPPING CENTERS S.A;020494;ITR;146645;2025-04-29;http://www.rad.cvm.gov.br/ENETCONSULTA/frmDownloadDocumento.aspx?CodigoInstituicao=1&NumeroSequencialDocumento=146645
51.218.147/0001-93;2025-06-30;1;IGUATEMI EMPRESA DE SHOPPING CENTERS S.A;020494;ITR;150609;2025-08-05;http://www.rad.cvm.gov.br/ENETCONSULTA/frmDownloadDocumento.aspx?CodigoInstituicao=1&NumeroSequencialDocumento=150609
51.218.147/0001-93;2025-09-30;1;IGUATEMI EMPRESA DE SHOPPING CENTERS S.A;020494;ITR;152652;2025-11-04;http://www.rad.cvm.gov.br/ENETCONSULTA/frmDownloadDocumento.aspx?CodigoInstituicao=1&NumeroSequencialDocumento=152652
51.430.503/0001-38;2025-03-31;1;PORTO SERVIÇO S.A;027600;ITR;147190;2025-05-09;http://www.rad.cvm.gov.br/ENETCONSULTA/frmDownloadDocumento.aspx?CodigoInstituicao=1&NumeroSequencialDocumento=147190
51.430.503/0001-38;2025-06-30;1;PORTO SERVIÇO S.A;027600;ITR;151055;2025-08-13;http://www.rad.cvm.gov.br/ENETCONSULTA/frmDownloadDocumento.aspx?CodigoInstituicao=1&NumeroSequencialDocumento=151055
51.430.503/0001-38;2025-09-30;1;PORTO SERVIÇO S.A;027600;ITR;152904;2025-11-11;http://www.rad.cvm.gov.br/ENETCONSULTA/frmDownloadDocumento.aspx?CodigoInstituicao=1&NumeroSequencialDocumento=152904
51.466.860/0001-56;2025-06-30;1;SAO MARTINHO S.A.;020516;ITR;150871;2025-08-11;http://www.rad.cvm.gov.br/ENETCONSULTA/frmDownloadDocumento.aspx?CodigoInstituicao=1&NumeroSequencialDocumento=150871
51.466.860/0001-56;2025-09-30;1;SAO MARTINHO S.A.;020516;ITR;152896;2025-11-10;http://www.rad.cvm.gov.br/ENETCONSULTA/frmDownloadDocumento.aspx?CodigoInstituicao=1&NumeroSequencialDocumento=152896
51.466.860/0001-56;2025-12-31;1;SAO MARTINHO S.A.;020516;ITR;154656;2026-02-09;http://www.rad.cvm.gov.br/ENETCONSULTA/frmDownloadDocumento.aspx?CodigoInstituicao=1&NumeroSequencialDocumento=154656
51.742.485/0001-20;2025-03-31;1;CONCESSIONÁRIA RODOVIAS DO CAFÉ SPE S.A.;027588;ITR;147921;2025-05-15;http://www.rad.cvm.gov.br/ENETCONSULTA/frmDownloadDocumento.aspx?CodigoInstituicao=1&NumeroSequencialDocumento=147921
51.742.485/0001-20;2025-06-30;1;CONCESSIONÁRIA RODOVIAS DO CAFÉ SPE S.A.;027588;ITR;151348;2025-08-14;http://www.rad.cvm.gov.br/ENETCONSULTA/frmDownloadDocumento.aspx?CodigoInstituicao=1&NumeroSequencialDocumento=151348
51.742.485/0001-20;2025-09-30;1;CONCESSIONÁRIA RODOVIAS DO CAFÉ SPE S.A.;027588;ITR;153344;2025-11-14;http://www.rad.cvm.gov.br/ENETCONSULTA/frmDownloadDocumento.aspx?CodigoInstituicao=1&NumeroSequencialDocumento=153344
51.928.174/0001-50;2025-03-31;1;PLASCAR PARTICIPACOES INDUSTRIAIS S.A.;013471;ITR;147443;2025-05-13;http://www.rad.cvm.gov.br/ENETCONSULTA/frmDownloadDocumento.aspx?CodigoInstituicao=1&NumeroSequencialDocumento=147443
51.928.174/0001-50;2025-06-30;1;PLASCAR PARTICIPACOES INDUSTRIAIS S.A.;013471;ITR;151090;2025-08-13;http://www.rad.cvm.gov.br/ENETCONSULTA/frmDownloadDocumento.aspx?CodigoInstituicao=1&NumeroSequencialDocumento=151090
51.928.174/0001-50;2025-09-30;1;PLASCAR PARTICIPACOES INDUSTRIAIS S.A.;013471;ITR;153024;2025-11-12;http://www.rad.cvm.gov.br/ENETCONSULTA/frmDownloadDocumento.aspx?CodigoInstituicao=1&NumeroSequencialDocumento=153024
52.017.473/0001-03;2025-03-31;1;AZEVEDO & TRAVASSOS ENERGIA S.A.;027626;ITR;147926;2025-05-15;http://www.rad.cvm.gov.br/ENETCONSULTA/frmDownloadDocumento.aspx?CodigoInstituicao=1&NumeroSequencialDocumento=147926
52.017.473/0001-03;2025-06-30;1;AZEVEDO & TRAVASSOS ENERGIA S.A.;027626;ITR;151400;2025-08-14;http://www.rad.cvm.gov.br/ENETCONSULTA/frmDownloadDocumento.aspx?CodigoInstituicao=1&NumeroSequencialDocumento=151400
52.017.473/0001-03;2025-09-30;1;AZEVEDO & TRAVASSOS ENERGIA S.A.;027626;ITR;153412;2025-11-14;http://www.rad.cvm.gov.br/ENETCONSULTA/frmDownloadDocumento.aspx?CodigoInstituicao=1&NumeroSequencialDocumento=153412
52.017.473/0001-03;2025-09-30;2;AZEVEDO & TRAVASSOS ENERGIA S.A.;027626;ITR;153415;2025-11-14;http://www.rad.cvm.gov.br/ENETCONSULTA/frmDownloadDocumento.aspx?CodigoInstituicao=1&NumeroSequencialDocumento=153415
52.017.473/0001-03;2025-09-30;3;AZEVEDO & TRAVASSOS ENERGIA S.A.;027626;ITR;153516;2025-11-19;http://www.rad.cvm.gov.br/ENETCONSULTA/frmDownloadDocumento.aspx?CodigoInstituicao=1&NumeroSequencialDocumento=153516
52.270.350/0001-71;2025-03-31;1;B100 S.A.;027634;ITR;152881;2025-11-10;http://www.rad.cvm.gov.br/ENETCONSULTA/frmDownloadDocumento.aspx?CodigoInstituicao=1&NumeroSequencialDocumento=152881
52.270.350/0001-71;2025-06-30;1;B100 S.A.;027634;ITR;153541;2025-11-24;http://www.rad.cvm.gov.br/ENETCONSULTA/frmDownloadDocumento.aspx?CodigoInstituicao=1&NumeroSequencialDocumento=153541
52.270.350/0001-71;2025-06-30;2;B100 S.A.;027634;ITR;153542;2025-11-24;http://www.rad.cvm.gov.br/ENETCONSULTA/frmDownloadDocumento.aspx?CodigoInstituicao=1&NumeroSequencialDocumento=153542
52.270.350/0001-71;2025-09-30;1;B100 S.A.;027634;ITR;153684;2025-12-03;http://www.rad.cvm.gov.br/ENETCONSULTA/frmDownloadDocumento.aspx?CodigoInstituicao=1&NumeroSequencialDocumento=153684
52.475.549/0001-36;2025-03-31;1;R/HOLDINGS S.A.;027685;ITR;147837;2025-05-15;http://www.rad.cvm.gov.br/ENETCONSULTA/frmDownloadDocumento.aspx?CodigoInstituicao=1&NumeroSequencialDocumento=147837
52.475.549/0001-36;2025-06-30;1;R/HOLDINGS S.A.;027685;ITR;151234;2025-08-14;http://www.rad.cvm.gov.br/ENETCONSULTA/frmDownloadDocumento.aspx?CodigoInstituicao=1&NumeroSequencialDocumento=151234
52.475.549/0001-36;2025-09-30;1;R/HOLDINGS S.A.;027685;ITR;152479;2025-10-24;http://www.rad.cvm.gov.br/ENETCONSULTA/frmDownloadDocumento.aspx?CodigoInstituicao=1&NumeroSequencialDocumento=152479
52.548.435/0001-79;2025-03-31;1;JSL S.A.;022020;ITR;146871;2025-05-06;http://www.rad.cvm.gov.br/ENETCONSULTA/frmDownloadDocumento.aspx?CodigoInstituicao=1&NumeroSequencialDocumento=146871
52.548.435/0001-79;2025-06-30;1;JSL S.A.;022020;ITR;150655;2025-08-06;http://www.rad.cvm.gov.br/ENETCONSULTA/frmDownloadDocumento.aspx?CodigoInstituicao=1&NumeroSequencialDocumento=150655
52.548.435/0001-79;2025-09-30;1;JSL S.A.;022020;ITR;152885;2025-11-10;http://www.rad.cvm.gov.br/ENETCONSULTA/frmDownloadDocumento.aspx?CodigoInstituicao=1&NumeroSequencialDocumento=152885
52.805.925/0001-03;2025-03-31;1;BELORA RDVC CITY DESENVOLVIMENTO IMOBILIÁRIO S.A.;027570;ITR;147918;2025-05-15;http://www.rad.cvm.gov.br/ENETCONSULTA/frmDownloadDocumento.aspx?CodigoInstituicao=1&NumeroSequencialDocumento=147918
52.805.925/0001-03;2025-06-30;1;BELORA RDVC CITY DESENVOLVIMENTO IMOBILIÁRIO S.A.;027570;ITR;151317;2025-08-14;http://www.rad.cvm.gov.br/ENETCONSULTA/frmDownloadDocumento.aspx?CodigoInstituicao=1&NumeroSequencialDocumento=151317
52.805.925/0001-03;2025-09-30;1;BELORA RDVC CITY DESENVOLVIMENTO IMOBILIÁRIO S.A.;027570;ITR;152742;2025-11-06;http://www.rad.cvm.gov.br/ENETCONSULTA/frmDownloadDocumento.aspx?CodigoInstituicao=1&NumeroSequencialDocumento=152742
52.810.883/0001-07;2025-03-31;1;REVEE MCO S.A.;027561;ITR;147808;2025-05-15;http://www.rad.cvm.gov.br/ENETCONSULTA/frmDownloadDocumento.aspx?CodigoInstituicao=1&NumeroSequencialDocumento=147808
52.810.883/0001-07;2025-06-30;1;REVEE MCO S.A.;027561;ITR;151326;2025-08-14;http://www.rad.cvm.gov.br/ENETCONSULTA/frmDownloadDocumento.aspx?CodigoInstituicao=1&NumeroSequencialDocumento=151326
52.810.883/0001-07;2025-09-30;1;REVEE MCO S.A.;027561;ITR;152480;2025-10-24;http://www.rad.cvm.gov.br/ENETCONSULTA/frmDownloadDocumento.aspx?CodigoInstituicao=1&NumeroSequencialDocumento=152480
52.841.191/0001-18;2025-03-31;1;REVEE S.A.;027650;ITR;147806;2025-05-15;http://www.rad.cvm.gov.br/ENETCONSULTA/frmDownloadDocumento.aspx?CodigoInstituicao=1&NumeroSequencialDocumento=147806
52.841.191/0001-18;2025-03-31;2;REVEE S.A.;027650;ITR;147824;2025-05-15;http://www.rad.cvm.gov.br/ENETCONSULTA/frmDownloadDocumento.aspx?CodigoInstituicao=1&NumeroSequencialDocumento=147824
52.841.191/0001-18;2025-06-30;1;REVEE S.A.;027650;ITR;151223;2025-08-14;http://www.rad.cvm.gov.br/ENETCONSULTA/frmDownloadDocumento.aspx?CodigoInstituicao=1&NumeroSequencialDocumento=151223
52.841.191/0001-18;2025-09-30;1;REVEE S.A.;027650;ITR;152548;2025-10-30;http://www.rad.cvm.gov.br/ENETCONSULTA/frmDownloadDocumento.aspx?CodigoInstituicao=1&NumeroSequencialDocumento=152548
53.113.791/0001-22;2025-03-31;1;TOTVS S.A.;019992;ITR;147118;2025-05-08;http://www.rad.cvm.gov.br/ENETCONSULTA/frmDownloadDocumento.aspx?CodigoInstituicao=1&NumeroSequencialDocumento=147118
53.113.791/0001-22;2025-06-30;1;TOTVS S.A.;019992;ITR;150669;2025-08-06;http://www.rad.cvm.gov.br/ENETCONSULTA/frmDownloadDocumento.aspx?CodigoInstituicao=1&NumeroSequencialDocumento=150669
53.113.791/0001-22;2025-09-30;1;TOTVS S.A.;019992;ITR;152679;2025-11-05;http://www.rad.cvm.gov.br/ENETCONSULTA/frmDownloadDocumento.aspx?CodigoInstituicao=1&NumeroSequencialDocumento=152679
53.153.938/0001-08;2025-03-31;1;UNIÃO PET PARTICIPAÇÕES S.A.;027766;ITR;147679;2025-05-14;http://www.rad.cvm.gov.br/ENETCONSULTA/frmDownloadDocumento.aspx?CodigoInstituicao=1&NumeroSequencialDocumento=147679
53.153.938/0001-08;2025-06-30;1;UNIÃO PET PARTICIPAÇÕES S.A.;027766;ITR;151138;2025-08-13;http://www.rad.cvm.gov.br/ENETCONSULTA/frmDownloadDocumento.aspx?CodigoInstituicao=1&NumeroSequencialDocumento=151138
53.153.938/0001-08;2025-09-30;1;UNIÃO PET PARTICIPAÇÕES S.A.;027766;ITR;153198;2025-11-13;http://www.rad.cvm.gov.br/ENETCONSULTA/frmDownloadDocumento.aspx?CodigoInstituicao=1&NumeroSequencialDocumento=153198
53.153.938/0001-08;2025-09-30;2;UNIÃO PET PARTICIPAÇÕES S.A.;027766;ITR;153701;2025-12-04;http://www.rad.cvm.gov.br/ENETCONSULTA/frmDownloadDocumento.aspx?CodigoInstituicao=1&NumeroSequencialDocumento=153701
55.231.969/0001-65;2025-03-31;1;EPR VIA MINEIRA S.A.;027863;ITR;149526;2025-06-18;http://www.rad.cvm.gov.br/ENETCONSULTA/frmDownloadDocumento.aspx?CodigoInstituicao=1&NumeroSequencialDocumento=149526
55.231.969/0001-65;2025-06-30;1;EPR VIA MINEIRA S.A.;027863;ITR;151368;2025-08-14;http://www.rad.cvm.gov.br/ENETCONSULTA/frmDownloadDocumento.aspx?CodigoInstituicao=1&NumeroSequencialDocumento=151368
55.231.969/0001-65;2025-09-30;1;EPR VIA MINEIRA S.A.;027863;ITR;153359;2025-11-14;http://www.rad.cvm.gov.br/ENETCONSULTA/frmDownloadDocumento.aspx?CodigoInstituicao=1&NumeroSequencialDocumento=153359
56.444.250/0001-75;2025-03-31;1;HAUSCENTER SA;014850;ITR;147786;2025-05-15;http://www.rad.cvm.gov.br/ENETCONSULTA/frmDownloadDocumento.aspx?CodigoInstituicao=1&NumeroSequencialDocumento=147786
56.444.250/0001-75;2025-06-30;1;HAUSCENTER SA;014850;ITR;151207;2025-08-14;http://www.rad.cvm.gov.br/ENETCONSULTA/frmDownloadDocumento.aspx?CodigoInstituicao=1&NumeroSequencialDocumento=151207
56.444.250/0001-75;2025-09-30;1;HAUSCENTER SA;014850;ITR;153277;2025-11-14;http://www.rad.cvm.gov.br/ENETCONSULTA/frmDownloadDocumento.aspx?CodigoInstituicao=1&NumeroSequencialDocumento=153277
56.643.018/0001-66;2025-03-31;1;EUCATEX S.A. INDUSTRIA E COMERCIO;005770;ITR;147624;2025-05-14;http://www.rad.cvm.gov.br/ENETCONSULTA/frmDownloadDocumento.aspx?CodigoInstituicao=1&NumeroSequencialDocumento=147624
56.643.018/0001-66;2025-06-30;1;EUCATEX S.A. INDUSTRIA E COMERCIO;005770;ITR;151112;2025-08-13;http://www.rad.cvm.gov.br/ENETCONSULTA/frmDownloadDocumento.aspx?CodigoInstituicao=1&NumeroSequencialDocumento=151112
56.643.018/0001-66;2025-09-30;1;EUCATEX S.A. INDUSTRIA E COMERCIO;005770;ITR;153106;2025-11-13;http://www.rad.cvm.gov.br/ENETCONSULTA/frmDownloadDocumento.aspx?CodigoInstituicao=1&NumeroSequencialDocumento=153106
56.643.018/0001-66;2025-09-30;2;EUCATEX S.A. INDUSTRIA E COMERCIO;005770;ITR;153137;2025-11-13;http://www.rad.cvm.gov.br/ENETCONSULTA/frmDownloadDocumento.aspx?CodigoInstituicao=1&NumeroSequencialDocumento=153137
56.720.428/0001-63;2025-03-31;1;ROMI S.A.;007510;ITR;146393;2025-04-15;http://www.rad.cvm.gov.br/ENETCONSULTA/frmDownloadDocumento.aspx?CodigoInstituicao=1&NumeroSequencialDocumento=146393
56.720.428/0001-63;2025-06-30;1;ROMI S.A.;007510;ITR;149953;2025-07-16;http://www.rad.cvm.gov.br/ENETCONSULTA/frmDownloadDocumento.aspx?CodigoInstituicao=1&NumeroSequencialDocumento=149953
56.720.428/0001-63;2025-06-30;2;ROMI S.A.;007510;ITR;149967;2025-07-16;http://www.rad.cvm.gov.br/ENETCONSULTA/frmDownloadDocumento.aspx?CodigoInstituicao=1&NumeroSequencialDocumento=149967
56.720.428/0001-63;2025-09-30;1;ROMI S.A.;007510;ITR;152432;2025-10-21;http://www.rad.cvm.gov.br/ENETCONSULTA/frmDownloadDocumento.aspx?CodigoInstituicao=1&NumeroSequencialDocumento=152432
56.992.423/0001-90;2025-03-31;1;BICICLETAS MONARK S.A.;001694;ITR;147449;2025-05-13;http://www.rad.cvm.gov.br/ENETCONSULTA/frmDownloadDocumento.aspx?CodigoInstituicao=1&NumeroSequencialDocumento=147449
56.992.423/0001-90;2025-06-30;1;BICICLETAS MONARK S.A.;001694;ITR;151081;2025-08-13;http://www.rad.cvm.gov.br/ENETCONSULTA/frmDownloadDocumento.aspx?CodigoInstituicao=1&NumeroSequencialDocumento=151081
56.992.423/0001-90;2025-09-30;1;BICICLETAS MONARK S.A.;001694;ITR;152995;2025-11-12;http://www.rad.cvm.gov.br/ENETCONSULTA/frmDownloadDocumento.aspx?CodigoInstituicao=1&NumeroSequencialDocumento=152995
58.056.046/0001-02;2025-03-31;1;EPR IGUAÇU S.A.;027928;ITR;150183;2025-07-28;http://www.rad.cvm.gov.br/ENETCONSULTA/frmDownloadDocumento.aspx?CodigoInstituicao=1&NumeroSequencialDocumento=150183
58.056.046/0001-02;2025-06-30;1;EPR IGUAÇU S.A.;027928;ITR;151885;2025-09-12;http://www.rad.cvm.gov.br/ENETCONSULTA/frmDownloadDocumento.aspx?CodigoInstituicao=1&NumeroSequencialDocumento=151885
58.056.046/0001-02;2025-09-30;1;EPR IGUAÇU S.A.;027928;ITR;153364;2025-11-14;http://www.rad.cvm.gov.br/ENETCONSULTA/frmDownloadDocumento.aspx?CodigoInstituicao=1&NumeroSequencialDocumento=153364
58.070.452/0001-20;2025-03-31;1;IGUÁ SERGIPE S.A.;027812;ITR;148221;2025-05-23;http://www.rad.cvm.gov.br/ENETCONSULTA/frmDownloadDocumento.aspx?CodigoInstituicao=1&NumeroSequencialDocumento=148221
58.070.452/0001-20;2025-06-30;1;IGUÁ SERGIPE S.A.;027812;ITR;151182;2025-08-13;http://www.rad.cvm.gov.br/ENETCONSULTA/frmDownloadDocumento.aspx?CodigoInstituicao=1&NumeroSequencialDocumento=151182
58.070.452/0001-20;2025-09-30;1;IGUÁ SERGIPE S.A.;027812;ITR;153096;2025-11-12;http://www.rad.cvm.gov.br/ENETCONSULTA/frmDownloadDocumento.aspx?CodigoInstituicao=1&NumeroSequencialDocumento=153096
58.119.199/0001-51;2025-03-31;1;BRADSAÚDE S.A.;020125;ITR;146840;2025-05-06;http://www.rad.cvm.gov.br/ENETCONSULTA/frmDownloadDocumento.aspx?CodigoInstituicao=1&NumeroSequencialDocumento=146840
58.119.199/0001-51;2025-06-30;1;BRADSAÚDE S.A.;020125;ITR;150597;2025-08-05;http://www.rad.cvm.gov.br/ENETCONSULTA/frmDownloadDocumento.aspx?CodigoInstituicao=1&NumeroSequencialDocumento=150597
58.119.199/0001-51;2025-09-30;1;BRADSAÚDE S.A.;020125;ITR;152635;2025-11-04;http://www.rad.cvm.gov.br/ENETCONSULTA/frmDownloadDocumento.aspx?CodigoInstituicao=1&NumeroSequencialDocumento=152635
58.430.828/0001-60;2025-03-31;1;BLAU FARMACÊUTICA S.A.;024627;ITR;146896;2025-05-06;http://www.rad.cvm.gov.br/ENETCONSULTA/frmDownloadDocumento.aspx?CodigoInstituicao=1&NumeroSequencialDocumento=146896
58.430.828/0001-60;2025-06-30;1;BLAU FARMACÊUTICA S.A.;024627;ITR;150606;2025-08-05;http://www.rad.cvm.gov.br/ENETCONSULTA/frmDownloadDocumento.aspx?CodigoInstituicao=1&NumeroSequencialDocumento=150606
58.430.828/0001-60;2025-06-30;2;BLAU FARMACÊUTICA S.A.;024627;ITR;150620;2025-08-06;http://www.rad.cvm.gov.br/ENETCONSULTA/frmDownloadDocumento.aspx?CodigoInstituicao=1&NumeroSequencialDocumento=150620
58.430.828/0001-60;2025-09-30;1;BLAU FARMACÊUTICA S.A.;024627;ITR;152655;2025-11-04;http://www.rad.cvm.gov.br/ENETCONSULTA/frmDownloadDocumento.aspx?CodigoInstituicao=1&NumeroSequencialDocumento=152655
59.105.999/0001-86;2025-03-31;1;WHIRLPOOL S.A.;014346;ITR;147636;2025-05-14;http://www.rad.cvm.gov.br/ENETCONSULTA/frmDownloadDocumento.aspx?CodigoInstituicao=1&NumeroSequencialDocumento=147636
59.105.999/0001-86;2025-06-30;1;WHIRLPOOL S.A.;014346;ITR;151124;2025-08-13;http://www.rad.cvm.gov.br/ENETCONSULTA/frmDownloadDocumento.aspx?CodigoInstituicao=1&NumeroSequencialDocumento=151124
59.105.999/0001-86;2025-09-30;1;WHIRLPOOL S.A.;014346;ITR;153148;2025-11-13;http://www.rad.cvm.gov.br/ENETCONSULTA/frmDownloadDocumento.aspx?CodigoInstituicao=1&NumeroSequencialDocumento=153148
59.115.685/0001-64;2025-03-31;1;TUPI ENERGIAS RENOVÁVEIS S.A.;027944;ITR;150925;2025-08-12;http://www.rad.cvm.gov.br/ENETCONSULTA/frmDownloadDocumento.aspx?CodigoInstituicao=1&NumeroSequencialDocumento=150925
59.115.685/0001-64;2025-06-30;1;TUPI ENERGIAS RENOVÁVEIS S.A.;027944;ITR;150926;2025-08-12;http://www.rad.cvm.gov.br/ENETCONSULTA/frmDownloadDocumento.aspx?CodigoInstituicao=1&NumeroSequencialDocumento=150926
59.115.685/0001-64;2025-09-30;1;TUPI ENERGIAS RENOVÁVEIS S.A.;027944;ITR;153121;2025-11-13;http://www.rad.cvm.gov.br/ENETCONSULTA/frmDownloadDocumento.aspx?CodigoInstituicao=1&NumeroSequencialDocumento=153121
59.196.897/0001-13;2025-03-31;1;CONCESSIONÁRIA DE RODOVIAS PRVIAS S.A.;027898;ITR;149509;2025-06-17;http://www.rad.cvm.gov.br/ENETCONSULTA/frmDownloadDocumento.aspx?CodigoInstituicao=1&NumeroSequencialDocumento=149509
59.196.897/0001-13;2025-06-30;1;CONCESSIONÁRIA DE RODOVIAS PRVIAS S.A.;027898;ITR;151409;2025-08-14;http://www.rad.cvm.gov.br/ENETCONSULTA/frmDownloadDocumento.aspx?CodigoInstituicao=1&NumeroSequencialDocumento=151409
59.196.897/0001-13;2025-09-30;1;CONCESSIONÁRIA DE RODOVIAS PRVIAS S.A.;027898;ITR;152860;2025-11-10;http://www.rad.cvm.gov.br/ENETCONSULTA/frmDownloadDocumento.aspx?CodigoInstituicao=1&NumeroSequencialDocumento=152860
59.285.411/0001-13;2025-03-31;1;BCO PAN S.A.;021199;ITR;147186;2025-05-09;http://www.rad.cvm.gov.br/ENETCONSULTA/frmDownloadDocumento.aspx?CodigoInstituicao=1&NumeroSequencialDocumento=147186
59.285.411/0001-13;2025-06-30;1;BCO PAN S.A.;021199;ITR;150830;2025-08-11;http://www.rad.cvm.gov.br/ENETCONSULTA/frmDownloadDocumento.aspx?CodigoInstituicao=1&NumeroSequencialDocumento=150830
59.285.411/0001-13;2025-09-30;1;BCO PAN S.A.;021199;ITR;152899;2025-11-11;http://www.rad.cvm.gov.br/ENETCONSULTA/frmDownloadDocumento.aspx?CodigoInstituicao=1&NumeroSequencialDocumento=152899
59.418.806/0001-47;2025-03-31;1;TRACK & FIELD CO S.A.;025208;ITR;147430;2025-05-12;http://www.rad.cvm.gov.br/ENETCONSULTA/frmDownloadDocumento.aspx?CodigoInstituicao=1&NumeroSequencialDocumento=147430
59.418.806/0001-47;2025-06-30;1;TRACK & FIELD CO S.A.;025208;ITR;151377;2025-08-14;http://www.rad.cvm.gov.br/ENETCONSULTA/frmDownloadDocumento.aspx?CodigoInstituicao=1&NumeroSequencialDocumento=151377
59.418.806/0001-47;2025-09-30;1;TRACK & FIELD CO S.A.;025208;ITR;153229;2025-11-13;http://www.rad.cvm.gov.br/ENETCONSULTA/frmDownloadDocumento.aspx?CodigoInstituicao=1&NumeroSequencialDocumento=153229
59.546.515/0001-34;2025-03-31;1;FISIA COMÉRCIO DE PRODUTOS ESPORTIVOS S.A.;027529;ITR;147382;2025-05-12;http://www.rad.cvm.gov.br/ENETCONSULTA/frmDownloadDocumento.aspx?CodigoInstituicao=1&NumeroSequencialDocumento=147382
59.546.515/0001-34;2025-06-30;1;FISIA COMÉRCIO DE PRODUTOS ESPORTIVOS S.A.;027529;ITR;150864;2025-08-11;http://www.rad.cvm.gov.br/ENETCONSULTA/frmDownloadDocumento.aspx?CodigoInstituicao=1&NumeroSequencialDocumento=150864
59.546.515/0001-34;2025-09-30;1;FISIA COMÉRCIO DE PRODUTOS ESPORTIVOS S.A.;027529;ITR;152884;2025-11-10;http://www.rad.cvm.gov.br/ENETCONSULTA/frmDownloadDocumento.aspx?CodigoInstituicao=1&NumeroSequencialDocumento=152884
59.693.110/0001-29;2025-03-31;1;ORANJEBTC S.A. - EDUCAÇÃO E INVESTIMENTO;027910;ITR;149842;2025-07-08;http://www.rad.cvm.gov.br/ENETCONSULTA/frmDownloadDocumento.aspx?CodigoInstituicao=1&NumeroSequencialDocumento=149842
59.693.110/0001-29;2025-06-30;1;ORANJEBTC S.A. - EDUCAÇÃO E INVESTIMENTO;027910;ITR;151730;2025-09-02;http://www.rad.cvm.gov.br/ENETCONSULTA/frmDownloadDocumento.aspx?CodigoInstituicao=1&NumeroSequencialDocumento=151730
59.693.110/0001-29;2025-09-30;1;ORANJEBTC S.A. - EDUCAÇÃO E INVESTIMENTO;027910;ITR;153418;2025-11-14;http://www.rad.cvm.gov.br/ENETCONSULTA/frmDownloadDocumento.aspx?CodigoInstituicao=1&NumeroSequencialDocumento=153418
59.717.553/0001-02;2025-03-31;1;GRUPO MULTILASER S.A.;026034;ITR;147022;2025-05-07;http://www.rad.cvm.gov.br/ENETCONSULTA/frmDownloadDocumento.aspx?CodigoInstituicao=1&NumeroSequencialDocumento=147022
59.717.553/0001-02;2025-06-30;1;GRUPO MULTILASER S.A.;026034;ITR;150991;2025-08-12;http://www.rad.cvm.gov.br/ENETCONSULTA/frmDownloadDocumento.aspx?CodigoInstituicao=1&NumeroSequencialDocumento=150991
59.717.553/0001-02;2025-09-30;1;GRUPO MULTILASER S.A.;026034;ITR;153081;2025-11-12;http://www.rad.cvm.gov.br/ENETCONSULTA/frmDownloadDocumento.aspx?CodigoInstituicao=1&NumeroSequencialDocumento=153081
59.789.545/0001-71;2025-03-31;1;POLPAR S.A.;013447;ITR;147683;2025-05-14;http://www.rad.cvm.gov.br/ENETCONSULTA/frmDownloadDocumento.aspx?CodigoInstituicao=1&NumeroSequencialDocumento=147683
59.789.545/0001-71;2025-06-30;1;POLPAR S.A.;013447;ITR;151266;2025-08-14;http://www.rad.cvm.gov.br/ENETCONSULTA/frmDownloadDocumento.aspx?CodigoInstituicao=1&NumeroSequencialDocumento=151266
59.789.545/0001-71;2025-09-30;1;POLPAR S.A.;013447;ITR;153158;2025-11-13;http://www.rad.cvm.gov.br/ENETCONSULTA/frmDownloadDocumento.aspx?CodigoInstituicao=1&NumeroSequencialDocumento=153158
59.981.829/0001-65;2025-03-31;1;RODOBENS SA;025801;ITR;147845;2025-05-15;http://www.rad.cvm.gov.br/ENETCONSULTA/frmDownloadDocumento.aspx?CodigoInstituicao=1&NumeroSequencialDocumento=147845
59.981.829/0001-65;2025-06-30;1;RODOBENS SA;025801;ITR;151277;2025-08-14;http://www.rad.cvm.gov.br/ENETCONSULTA/frmDownloadDocumento.aspx?CodigoInstituicao=1&NumeroSequencialDocumento=151277
59.981.829/0001-65;2025-09-30;1;RODOBENS SA;025801;ITR;153353;2025-11-14;http://www.rad.cvm.gov.br/ENETCONSULTA/frmDownloadDocumento.aspx?CodigoInstituicao=1&NumeroSequencialDocumento=153353
60.398.369/0004-79;2025-03-31;1;PARANAPANEMA S.A. - EM RECUPERAÇÃO JUDICIAL;009393;ITR;147247;2025-05-09;http://www.rad.cvm.gov.br/ENETCONSULTA/frmDownloadDocumento.aspx?CodigoInstituicao=1&NumeroSequencialDocumento=147247
60.398.369/0004-79;2025-06-30;1;PARANAPANEMA S.A. - EM RECUPERAÇÃO JUDICIAL;009393;ITR;150808;2025-08-08;http://www.rad.cvm.gov.br/ENETCONSULTA/frmDownloadDocumento.aspx?CodigoInstituicao=1&NumeroSequencialDocumento=150808
60.398.369/0004-79;2025-09-30;1;PARANAPANEMA S.A. - EM RECUPERAÇÃO JUDICIAL;009393;ITR;155725;2026-03-26;http://www.rad.cvm.gov.br/ENETCONSULTA/frmDownloadDocumento.aspx?CodigoInstituicao=1&NumeroSequencialDocumento=155725
60.444.437/0001-46;2025-03-31;1;LIGHT SERVICOS DE ELETRICIDADE S.A.;008036;ITR;147701;2025-05-14;http://www.rad.cvm.gov.br/ENETCONSULTA/frmDownloadDocumento.aspx?CodigoInstituicao=1&NumeroSequencialDocumento=147701
60.444.437/0001-46;2025-06-30;1;LIGHT SERVICOS DE ELETRICIDADE S.A.;008036;ITR;150957;2025-08-12;http://www.rad.cvm.gov.br/ENETCONSULTA/frmDownloadDocumento.aspx?CodigoInstituicao=1&NumeroSequencialDocumento=150957
60.444.437/0001-46;2025-09-30;1;LIGHT SERVICOS DE ELETRICIDADE S.A.;008036;ITR;153208;2025-11-13;http://www.rad.cvm.gov.br/ENETCONSULTA/frmDownloadDocumento.aspx?CodigoInstituicao=1&NumeroSequencialDocumento=153208
60.476.884/0001-87;2025-03-31;1;MAHLE METAL LEVE S.A.;008575;ITR;147613;2025-05-14;http://www.rad.cvm.gov.br/ENETCONSULTA/frmDownloadDocumento.aspx?CodigoInstituicao=1&NumeroSequencialDocumento=147613
60.476.884/0001-87;2025-06-30;1;MAHLE METAL LEVE S.A.;008575;ITR;150639;2025-08-06;http://www.rad.cvm.gov.br/ENETCONSULTA/frmDownloadDocumento.aspx?CodigoInstituicao=1&NumeroSequencialDocumento=150639
60.476.884/0001-87;2025-09-30;1;MAHLE METAL LEVE S.A.;008575;ITR;153039;2025-11-12;http://www.rad.cvm.gov.br/ENETCONSULTA/frmDownloadDocumento.aspx?CodigoInstituicao=1&NumeroSequencialDocumento=153039
60.537.263/0001-66;2025-03-31;1;ALLPARK EMPREENDIMENTOS, PARTICIPAÇÕES E SERVIÇOS S.A.;024953;ITR;147018;2025-05-07;http://www.rad.cvm.gov.br/ENETCONSULTA/frmDownloadDocumento.aspx?CodigoInstituicao=1&NumeroSequencialDocumento=147018
60.537.263/0001-66;2025-06-30;1;ALLPARK EMPREENDIMENTOS, PARTICIPAÇÕES E SERVIÇOS S.A.;024953;ITR;150656;2025-08-06;http://www.rad.cvm.gov.br/ENETCONSULTA/frmDownloadDocumento.aspx?CodigoInstituicao=1&NumeroSequencialDocumento=150656
60.537.263/0001-66;2025-09-30;1;ALLPARK EMPREENDIMENTOS, PARTICIPAÇÕES E SERVIÇOS S.A.;024953;ITR;152699;2025-11-05;http://www.rad.cvm.gov.br/ENETCONSULTA/frmDownloadDocumento.aspx?CodigoInstituicao=1&NumeroSequencialDocumento=152699
60.543.816/0001-93;2025-03-31;1;IGUATEMI S.A.;008672;ITR;146644;2025-04-29;http://www.rad.cvm.gov.br/ENETCONSULTA/frmDownloadDocumento.aspx?CodigoInstituicao=1&NumeroSequencialDocumento=146644
60.543.816/0001-93;2025-03-31;2;IGUATEMI S.A.;008672;ITR;149335;2025-06-06;http://www.rad.cvm.gov.br/ENETCONSULTA/frmDownloadDocumento.aspx?CodigoInstituicao=1&NumeroSequencialDocumento=149335
60.543.816/0001-93;2025-06-30;1;IGUATEMI S.A.;008672;ITR;150608;2025-08-05;http://www.rad.cvm.gov.br/ENETCONSULTA/frmDownloadDocumento.aspx?CodigoInstituicao=1&NumeroSequencialDocumento=150608
60.543.816/0001-93;2025-09-30;1;IGUATEMI S.A.;008672;ITR;152651;2025-11-04;http://www.rad.cvm.gov.br/ENETCONSULTA/frmDownloadDocumento.aspx?CodigoInstituicao=1&NumeroSequencialDocumento=152651
60.651.809/0001-05;2025-03-31;1;SUZANO HOLDING S.A.;009067;ITR;147621;2025-05-14;http://www.rad.cvm.gov.br/ENETCONSULTA/frmDownloadDocumento.aspx?CodigoInstituicao=1&NumeroSequencialDocumento=147621
60.651.809/0001-05;2025-06-30;1;SUZANO HOLDING S.A.;009067;ITR;151264;2025-08-14;http://www.rad.cvm.gov.br/ENETCONSULTA/frmDownloadDocumento.aspx?CodigoInstituicao=1&NumeroSequencialDocumento=151264
60.651.809/0001-05;2025-09-30;1;SUZANO HOLDING S.A.;009067;ITR;153164;2025-11-13;http://www.rad.cvm.gov.br/ENETCONSULTA/frmDownloadDocumento.aspx?CodigoInstituicao=1&NumeroSequencialDocumento=153164
60.665.981/0001-18;2025-03-31;1;UNIÃO QUÍMICA FARMACÊUTICA NACIONAL S.A.;026867;ITR;147537;2025-05-13;http://www.rad.cvm.gov.br/ENETCONSULTA/frmDownloadDocumento.aspx?CodigoInstituicao=1&NumeroSequencialDocumento=147537
60.665.981/0001-18;2025-06-30;1;UNIÃO QUÍMICA FARMACÊUTICA NACIONAL S.A.;026867;ITR;151063;2025-08-13;http://www.rad.cvm.gov.br/ENETCONSULTA/frmDownloadDocumento.aspx?CodigoInstituicao=1&NumeroSequencialDocumento=151063
60.665.981/0001-18;2025-09-30;1;UNIÃO QUÍMICA FARMACÊUTICA NACIONAL S.A.;026867;ITR;153143;2025-11-13;http://www.rad.cvm.gov.br/ENETCONSULTA/frmDownloadDocumento.aspx?CodigoInstituicao=1&NumeroSequencialDocumento=153143
60.730.348/0001-66;2025-03-31;1;CIA MELHORAMENTOS DE SAO PAULO;003654;ITR;147279;2025-05-09;http://www.rad.cvm.gov.br/ENETCONSULTA/frmDownloadDocumento.aspx?CodigoInstituicao=1&NumeroSequencialDocumento=147279
60.730.348/0001-66;2025-06-30;1;CIA MELHORAMENTOS DE SAO PAULO;003654;ITR;151329;2025-08-14;http://www.rad.cvm.gov.br/ENETCONSULTA/frmDownloadDocumento.aspx?CodigoInstituicao=1&NumeroSequencialDocumento=151329
60.730.348/0001-66;2025-09-30;1;CIA MELHORAMENTOS DE SAO PAULO;003654;ITR;153375;2025-11-14;http://www.rad.cvm.gov.br/ENETCONSULTA/frmDownloadDocumento.aspx?CodigoInstituicao=1&NumeroSequencialDocumento=153375
60.746.948/0001-12;2025-03-31;1;BCO BRADESCO S.A.;000906;ITR;146976;2025-05-07;http://www.rad.cvm.gov.br/ENETCONSULTA/frmDownloadDocumento.aspx?CodigoInstituicao=1&NumeroSequencialDocumento=146976
60.746.948/0001-12;2025-06-30;1;BCO BRADESCO S.A.;000906;ITR;150264;2025-07-30;http://www.rad.cvm.gov.br/ENETCONSULTA/frmDownloadDocumento.aspx?CodigoInstituicao=1&NumeroSequencialDocumento=150264
60.746.948/0001-12;2025-09-30;1;BCO BRADESCO S.A.;000906;ITR;152524;2025-10-29;http://www.rad.cvm.gov.br/ENETCONSULTA/frmDownloadDocumento.aspx?CodigoInstituicao=1&NumeroSequencialDocumento=152524
60.840.055/0001-31;2025-03-31;1;FLEURY S.A.;021881;ITR;147086;2025-05-08;http://www.rad.cvm.gov.br/ENETCONSULTA/frmDownloadDocumento.aspx?CodigoInstituicao=1&NumeroSequencialDocumento=147086
60.840.055/0001-31;2025-06-30;1;FLEURY S.A.;021881;ITR;150714;2025-08-07;http://www.rad.cvm.gov.br/ENETCONSULTA/frmDownloadDocumento.aspx?CodigoInstituicao=1&NumeroSequencialDocumento=150714
60.840.055/0001-31;2025-09-30;1;FLEURY S.A.;021881;ITR;152746;2025-11-06;http://www.rad.cvm.gov.br/ENETCONSULTA/frmDownloadDocumento.aspx?CodigoInstituicao=1&NumeroSequencialDocumento=152746
60.851.615/0001-53;2025-03-31;1;BARDELLA S.A. INDUSTRIAS MECANICAS EM RECUPERAÇÃO JUDICIAL;001520;ITR;147662;2025-05-14;http://www.rad.cvm.gov.br/ENETCONSULTA/frmDownloadDocumento.aspx?CodigoInstituicao=1&NumeroSequencialDocumento=147662
60.851.615/0001-53;2025-06-30;1;BARDELLA S.A. INDUSTRIAS MECANICAS EM RECUPERAÇÃO JUDICIAL;001520;ITR;151335;2025-08-14;http://www.rad.cvm.gov.br/ENETCONSULTA/frmDownloadDocumento.aspx?CodigoInstituicao=1&NumeroSequencialDocumento=151335
60.851.615/0001-53;2025-09-30;1;BARDELLA S.A. INDUSTRIAS MECANICAS EM RECUPERAÇÃO JUDICIAL;001520;ITR;153397;2025-11-14;http://www.rad.cvm.gov.br/ENETCONSULTA/frmDownloadDocumento.aspx?CodigoInstituicao=1&NumeroSequencialDocumento=153397
60.872.504/0001-23;2025-03-31;1;ITAU UNIBANCO HOLDING S.A.;019348;ITR;147122;2025-05-08;http://www.rad.cvm.gov.br/ENETCONSULTA/frmDownloadDocumento.aspx?CodigoInstituicao=1&NumeroSequencialDocumento=147122
60.872.504/0001-23;2025-06-30;1;ITAU UNIBANCO HOLDING S.A.;019348;ITR;150600;2025-08-05;http://www.rad.cvm.gov.br/ENETCONSULTA/frmDownloadDocumento.aspx?CodigoInstituicao=1&NumeroSequencialDocumento=150600
60.872.504/0001-23;2025-09-30;1;ITAU UNIBANCO HOLDING S.A.;019348;ITR;152641;2025-11-04;http://www.rad.cvm.gov.br/ENETCONSULTA/frmDownloadDocumento.aspx?CodigoInstituicao=1&NumeroSequencialDocumento=152641
60.884.319/0001-59;2025-03-31;1;NORDON INDUSTRIAS METALURGICAS S.A.;009083;ITR;147832;2025-05-15;http://www.rad.cvm.gov.br/ENETCONSULTA/frmDownloadDocumento.aspx?CodigoInstituicao=1&NumeroSequencialDocumento=147832
60.884.319/0001-59;2025-06-30;1;NORDON INDUSTRIAS METALURGICAS S.A.;009083;ITR;151290;2025-08-14;http://www.rad.cvm.gov.br/ENETCONSULTA/frmDownloadDocumento.aspx?CodigoInstituicao=1&NumeroSequencialDocumento=151290
60.884.319/0001-59;2025-09-30;1;NORDON INDUSTRIAS METALURGICAS S.A.;009083;ITR;153933;2025-12-19;http://www.rad.cvm.gov.br/ENETCONSULTA/frmDownloadDocumento.aspx?CodigoInstituicao=1&NumeroSequencialDocumento=153933
60.894.730/0001-05;2025-03-31;1;USINAS SID DE MINAS GERAIS S.A.-USIMINAS;014320;ITR;146466;2025-04-24;http://www.rad.cvm.gov.br/ENETCONSULTA/frmDownloadDocumento.aspx?CodigoInstituicao=1&NumeroSequencialDocumento=146466
60.894.730/0001-05;2025-06-30;1;USINAS SID DE MINAS GERAIS S.A.-USIMINAS;014320;ITR;150128;2025-07-25;http://www.rad.cvm.gov.br/ENETCONSULTA/frmDownloadDocumento.aspx?CodigoInstituicao=1&NumeroSequencialDocumento=150128
60.894.730/0001-05;2025-09-30;1;USINAS SID DE MINAS GERAIS S.A.-USIMINAS;014320;ITR;152464;2025-10-24;http://www.rad.cvm.gov.br/ENETCONSULTA/frmDownloadDocumento.aspx?CodigoInstituicao=1&NumeroSequencialDocumento=152464
60.933.603/0001-78;2025-03-31;1;CESP - CIA ENERGETICA DE SAO PAULO;002577;ITR;146971;2025-05-07;http://www.rad.cvm.gov.br/ENETCONSULTA/frmDownloadDocumento.aspx?CodigoInstituicao=1&NumeroSequencialDocumento=146971
60.933.603/0001-78;2025-06-30;1;CESP - CIA ENERGETICA DE SAO PAULO;002577;ITR;150755;2025-08-07;http://www.rad.cvm.gov.br/ENETCONSULTA/frmDownloadDocumento.aspx?CodigoInstituicao=1&NumeroSequencialDocumento=150755
60.933.603/0001-78;2025-09-30;1;CESP - CIA ENERGETICA DE SAO PAULO;002577;ITR;153059;2025-11-12;http://www.rad.cvm.gov.br/ENETCONSULTA/frmDownloadDocumento.aspx?CodigoInstituicao=1&NumeroSequencialDocumento=153059
61.022.042/0001-18;2025-03-31;1;CONSTRUTORA ADOLPHO LINDENBERG S.A.;004723;ITR;147308;2025-05-09;http://www.rad.cvm.gov.br/ENETCONSULTA/frmDownloadDocumento.aspx?CodigoInstituicao=1&NumeroSequencialDocumento=147308
61.022.042/0001-18;2025-06-30;1;CONSTRUTORA ADOLPHO LINDENBERG S.A.;004723;ITR;150776;2025-08-07;http://www.rad.cvm.gov.br/ENETCONSULTA/frmDownloadDocumento.aspx?CodigoInstituicao=1&NumeroSequencialDocumento=150776
61.022.042/0001-18;2025-09-30;1;CONSTRUTORA ADOLPHO LINDENBERG S.A.;004723;ITR;152837;2025-11-07;http://www.rad.cvm.gov.br/ENETCONSULTA/frmDownloadDocumento.aspx?CodigoInstituicao=1&NumeroSequencialDocumento=152837
61.065.298/0001-02;2025-03-31;1;MANGELS INDUSTRIAL S.A.;008397;ITR;147527;2025-05-13;http://www.rad.cvm.gov.br/ENETCONSULTA/frmDownloadDocumento.aspx?CodigoInstituicao=1&NumeroSequencialDocumento=147527
61.065.298/0001-02;2025-06-30;1;MANGELS INDUSTRIAL S.A.;008397;ITR;150976;2025-08-12;http://www.rad.cvm.gov.br/ENETCONSULTA/frmDownloadDocumento.aspx?CodigoInstituicao=1&NumeroSequencialDocumento=150976
61.065.298/0001-02;2025-09-30;1;MANGELS INDUSTRIAL S.A.;008397;ITR;152707;2025-11-05;http://www.rad.cvm.gov.br/ENETCONSULTA/frmDownloadDocumento.aspx?CodigoInstituicao=1&NumeroSequencialDocumento=152707
61.065.751/0001-80;2025-03-31;1;ROSSI RESIDENCIAL S.A. - EM RECUPERAÇÃO JUDICIAL;016306;ITR;158482;2026-05-29;http://www.rad.cvm.gov.br/ENETCONSULTA/frmDownloadDocumento.aspx?CodigoInstituicao=1&NumeroSequencialDocumento=158482
61.065.751/0001-80;2025-03-31;2;ROSSI RESIDENCIAL S.A. - EM RECUPERAÇÃO JUDICIAL;016306;ITR;158952;2026-06-03;http://www.rad.cvm.gov.br/ENETCONSULTA/frmDownloadDocumento.aspx?CodigoInstituicao=1&NumeroSequencialDocumento=158952
61.067.901/0001-95;2025-06-30;1;ÁGUAS DO PARÁ A SPE S.A;027979;ITR;152136;2025-10-02;http://www.rad.cvm.gov.br/ENETCONSULTA/frmDownloadDocumento.aspx?CodigoInstituicao=1&NumeroSequencialDocumento=152136
61.067.901/0001-95;2025-09-30;1;ÁGUAS DO PARÁ A SPE S.A;027979;ITR;153971;2025-12-22;http://www.rad.cvm.gov.br/ENETCONSULTA/frmDownloadDocumento.aspx?CodigoInstituicao=1&NumeroSequencialDocumento=153971
61.067.902/0001-30;2025-06-30;1;ÁGUAS DO PARÁ B SPE S.A.;027960;ITR;152132;2025-10-02;http://www.rad.cvm.gov.br/ENETCONSULTA/frmDownloadDocumento.aspx?CodigoInstituicao=1&NumeroSequencialDocumento=152132
61.067.902/0001-30;2025-09-30;1;ÁGUAS DO PARÁ B SPE S.A.;027960;ITR;153970;2025-12-22;http://www.rad.cvm.gov.br/ENETCONSULTA/frmDownloadDocumento.aspx?CodigoInstituicao=1&NumeroSequencialDocumento=153970
61.067.904/0001-29;2025-06-30;1;ÁGUAS DO PARÁ D SPE S.A.;027987;ITR;152125;2025-10-02;http://www.rad.cvm.gov.br/ENETCONSULTA/frmDownloadDocumento.aspx?CodigoInstituicao=1&NumeroSequencialDocumento=152125
61.067.904/0001-29;2025-09-30;1;ÁGUAS DO PARÁ D SPE S.A.;027987;ITR;153972;2025-12-22;http://www.rad.cvm.gov.br/ENETCONSULTA/frmDownloadDocumento.aspx?CodigoInstituicao=1&NumeroSequencialDocumento=153972
61.079.117/0001-05;2025-03-31;1;ALPARGATAS S.A.;010456;ITR;147169;2025-05-08;http://www.rad.cvm.gov.br/ENETCONSULTA/frmDownloadDocumento.aspx?CodigoInstituicao=1&NumeroSequencialDocumento=147169
61.079.117/0001-05;2025-06-30;1;ALPARGATAS S.A.;010456;ITR;150744;2025-08-07;http://www.rad.cvm.gov.br/ENETCONSULTA/frmDownloadDocumento.aspx?CodigoInstituicao=1&NumeroSequencialDocumento=150744
61.079.117/0001-05;2025-09-30;1;ALPARGATAS S.A.;010456;ITR;152778;2025-11-06;http://www.rad.cvm.gov.br/ENETCONSULTA/frmDownloadDocumento.aspx?CodigoInstituicao=1&NumeroSequencialDocumento=152778
61.080.313/0001-91;2025-03-31;1;COBRASMA S.A.;004448;ITR;147771;2025-05-15;http://www.rad.cvm.gov.br/ENETCONSULTA/frmDownloadDocumento.aspx?CodigoInstituicao=1&NumeroSequencialDocumento=147771
61.080.313/0001-91;2025-06-30;1;COBRASMA S.A.;004448;ITR;151454;2025-08-15;http://www.rad.cvm.gov.br/ENETCONSULTA/frmDownloadDocumento.aspx?CodigoInstituicao=1&NumeroSequencialDocumento=151454
61.080.313/0001-91;2025-09-30;1;COBRASMA S.A.;004448;ITR;153398;2025-11-14;http://www.rad.cvm.gov.br/ENETCONSULTA/frmDownloadDocumento.aspx?CodigoInstituicao=1&NumeroSequencialDocumento=153398
61.082.004/0001-50;2025-03-31;1;MANUFATURA DE BRINQUEDOS ESTRELA S.A.;008427;ITR;147920;2025-05-15;http://www.rad.cvm.gov.br/ENETCONSULTA/frmDownloadDocumento.aspx?CodigoInstituicao=1&NumeroSequencialDocumento=147920
61.082.004/0001-50;2025-06-30;1;MANUFATURA DE BRINQUEDOS ESTRELA S.A.;008427;ITR;151306;2025-08-14;http://www.rad.cvm.gov.br/ENETCONSULTA/frmDownloadDocumento.aspx?CodigoInstituicao=1&NumeroSequencialDocumento=151306
61.082.004/0001-50;2025-09-30;1;MANUFATURA DE BRINQUEDOS ESTRELA S.A.;008427;ITR;153683;2025-12-03;http://www.rad.cvm.gov.br/ENETCONSULTA/frmDownloadDocumento.aspx?CodigoInstituicao=1&NumeroSequencialDocumento=153683
61.088.894/0001-08;2025-03-31;1;CAMBUCI S.A.;002100;ITR;146793;2025-05-05;http://www.rad.cvm.gov.br/ENETCONSULTA/frmDownloadDocumento.aspx?CodigoInstituicao=1&NumeroSequencialDocumento=146793
61.088.894/0001-08;2025-03-31;2;CAMBUCI S.A.;002100;ITR;149408;2025-06-11;http://www.rad.cvm.gov.br/ENETCONSULTA/frmDownloadDocumento.aspx?CodigoInstituicao=1&NumeroSequencialDocumento=149408
61.088.894/0001-08;2025-06-30;1;CAMBUCI S.A.;002100;ITR;150584;2025-08-04;http://www.rad.cvm.gov.br/ENETCONSULTA/frmDownloadDocumento.aspx?CodigoInstituicao=1&NumeroSequencialDocumento=150584
61.088.894/0001-08;2025-09-30;1;CAMBUCI S.A.;002100;ITR;152623;2025-11-03;http://www.rad.cvm.gov.br/ENETCONSULTA/frmDownloadDocumento.aspx?CodigoInstituicao=1&NumeroSequencialDocumento=152623
61.092.037/0001-81;2025-03-31;1;ETERNIT S.A.;005762;ITR;147555;2025-05-13;http://www.rad.cvm.gov.br/ENETCONSULTA/frmDownloadDocumento.aspx?CodigoInstituicao=1&NumeroSequencialDocumento=147555
61.092.037/0001-81;2025-06-30;1;ETERNIT S.A.;005762;ITR;150619;2025-08-05;http://www.rad.cvm.gov.br/ENETCONSULTA/frmDownloadDocumento.aspx?CodigoInstituicao=1&NumeroSequencialDocumento=150619
61.092.037/0001-81;2025-09-30;1;ETERNIT S.A.;005762;ITR;152994;2025-11-11;http://www.rad.cvm.gov.br/ENETCONSULTA/frmDownloadDocumento.aspx?CodigoInstituicao=1&NumeroSequencialDocumento=152994
61.156.113/0001-75;2025-03-31;1;IOCHPE MAXION S.A.;011932;ITR;146949;2025-05-07;http://www.rad.cvm.gov.br/ENETCONSULTA/frmDownloadDocumento.aspx?CodigoInstituicao=1&NumeroSequencialDocumento=146949
61.156.113/0001-75;2025-06-30;1;IOCHPE MAXION S.A.;011932;ITR;150642;2025-08-06;http://www.rad.cvm.gov.br/ENETCONSULTA/frmDownloadDocumento.aspx?CodigoInstituicao=1&NumeroSequencialDocumento=150642
61.156.113/0001-75;2025-09-30;1;IOCHPE MAXION S.A.;011932;ITR;152692;2025-11-05;http://www.rad.cvm.gov.br/ENETCONSULTA/frmDownloadDocumento.aspx?CodigoInstituicao=1&NumeroSequencialDocumento=152692
61.156.931/0001-78;2025-03-31;1;ALIPERTI S.A.;012823;ITR;147927;2025-05-15;http://www.rad.cvm.gov.br/ENETCONSULTA/frmDownloadDocumento.aspx?CodigoInstituicao=1&NumeroSequencialDocumento=147927
61.156.931/0001-78;2025-06-30;1;ALIPERTI S.A.;012823;ITR;150938;2025-08-12;http://www.rad.cvm.gov.br/ENETCONSULTA/frmDownloadDocumento.aspx?CodigoInstituicao=1&NumeroSequencialDocumento=150938
61.156.931/0001-78;2025-09-30;1;ALIPERTI S.A.;012823;ITR;152796;2025-11-07;http://www.rad.cvm.gov.br/ENETCONSULTA/frmDownloadDocumento.aspx?CodigoInstituicao=1&NumeroSequencialDocumento=152796
61.186.680/0001-74;2025-03-31;1;BANCO BMG S/A;024600;ITR;147661;2025-05-14;http://www.rad.cvm.gov.br/ENETCONSULTA/frmDownloadDocumento.aspx?CodigoInstituicao=1&NumeroSequencialDocumento=147661
61.186.680/0001-74;2025-03-31;2;BANCO BMG S/A;024600;ITR;148405;2025-05-28;http://www.rad.cvm.gov.br/ENETCONSULTA/frmDownloadDocumento.aspx?CodigoInstituicao=1&NumeroSequencialDocumento=148405
61.186.680/0001-74;2025-06-30;1;BANCO BMG S/A;024600;ITR;151320;2025-08-14;http://www.rad.cvm.gov.br/ENETCONSULTA/frmDownloadDocumento.aspx?CodigoInstituicao=1&NumeroSequencialDocumento=151320
61.186.680/0001-74;2025-09-30;1;BANCO BMG S/A;024600;ITR;153172;2025-11-13;http://www.rad.cvm.gov.br/ENETCONSULTA/frmDownloadDocumento.aspx?CodigoInstituicao=1&NumeroSequencialDocumento=153172
61.189.288/0001-89;2025-03-31;1;MARISA LOJAS S.A.;022055;ITR;147889;2025-05-15;http://www.rad.cvm.gov.br/ENETCONSULTA/frmDownloadDocumento.aspx?CodigoInstituicao=1&NumeroSequencialDocumento=147889
61.189.288/0001-89;2025-06-30;1;MARISA LOJAS S.A.;022055;ITR;150868;2025-08-11;http://www.rad.cvm.gov.br/ENETCONSULTA/frmDownloadDocumento.aspx?CodigoInstituicao=1&NumeroSequencialDocumento=150868
61.189.288/0001-89;2025-09-30;1;MARISA LOJAS S.A.;022055;ITR;153360;2025-11-14;http://www.rad.cvm.gov.br/ENETCONSULTA/frmDownloadDocumento.aspx?CodigoInstituicao=1&NumeroSequencialDocumento=153360
61.190.096/0001-92;2025-03-31;1;EUROFARMA LABORATÓRIOS S.A.;026700;ITR;147811;2025-05-15;http://www.rad.cvm.gov.br/ENETCONSULTA/frmDownloadDocumento.aspx?CodigoInstituicao=1&NumeroSequencialDocumento=147811
61.190.096/0001-92;2025-03-31;2;EUROFARMA LABORATÓRIOS S.A.;026700;ITR;151712;2025-09-01;http://www.rad.cvm.gov.br/ENETCONSULTA/frmDownloadDocumento.aspx?CodigoInstituicao=1&NumeroSequencialDocumento=151712
61.190.096/0001-92;2025-06-30;1;EUROFARMA LABORATÓRIOS S.A.;026700;ITR;151588;2025-08-21;http://www.rad.cvm.gov.br/ENETCONSULTA/frmDownloadDocumento.aspx?CodigoInstituicao=1&NumeroSequencialDocumento=151588
61.190.096/0001-92;2025-09-30;1;EUROFARMA LABORATÓRIOS S.A.;026700;ITR;153266;2025-11-14;http://www.rad.cvm.gov.br/ENETCONSULTA/frmDownloadDocumento.aspx?CodigoInstituicao=1&NumeroSequencialDocumento=153266
61.351.532/0001-68;2025-03-31;1;AZEVEDO E TRAVASSOS S.A.;011975;ITR;147875;2025-05-15;http://www.rad.cvm.gov.br/ENETCONSULTA/frmDownloadDocumento.aspx?CodigoInstituicao=1&NumeroSequencialDocumento=147875
61.351.532/0001-68;2025-06-30;1;AZEVEDO E TRAVASSOS S.A.;011975;ITR;151369;2025-08-14;http://www.rad.cvm.gov.br/ENETCONSULTA/frmDownloadDocumento.aspx?CodigoInstituicao=1&NumeroSequencialDocumento=151369
61.351.532/0001-68;2025-09-30;1;AZEVEDO E TRAVASSOS S.A.;011975;ITR;153356;2025-11-14;http://www.rad.cvm.gov.br/ENETCONSULTA/frmDownloadDocumento.aspx?CodigoInstituicao=1&NumeroSequencialDocumento=153356
61.374.161/0001-30;2025-03-31;1;BAUMER S.A.;001562;ITR;147857;2025-05-15;http://www.rad.cvm.gov.br/ENETCONSULTA/frmDownloadDocumento.aspx?CodigoInstituicao=1&NumeroSequencialDocumento=147857
61.374.161/0001-30;2025-06-30;1;BAUMER S.A.;001562;ITR;151380;2025-08-14;http://www.rad.cvm.gov.br/ENETCONSULTA/frmDownloadDocumento.aspx?CodigoInstituicao=1&NumeroSequencialDocumento=151380
61.374.161/0001-30;2025-09-30;1;BAUMER S.A.;001562;ITR;153392;2025-11-14;http://www.rad.cvm.gov.br/ENETCONSULTA/frmDownloadDocumento.aspx?CodigoInstituicao=1&NumeroSequencialDocumento=153392
61.409.892/0001-73;2025-03-31;1;COMPANHIA BRASILEIRA DE ALUMÍNIO;025984;ITR;147161;2025-05-08;http://www.rad.cvm.gov.br/ENETCONSULTA/frmDownloadDocumento.aspx?CodigoInstituicao=1&NumeroSequencialDocumento=147161
61.409.892/0001-73;2025-06-30;1;COMPANHIA BRASILEIRA DE ALUMÍNIO;025984;ITR;150680;2025-08-06;http://www.rad.cvm.gov.br/ENETCONSULTA/frmDownloadDocumento.aspx?CodigoInstituicao=1&NumeroSequencialDocumento=150680
61.409.892/0001-73;2025-09-30;1;COMPANHIA BRASILEIRA DE ALUMÍNIO;025984;ITR;152706;2025-11-05;http://www.rad.cvm.gov.br/ENETCONSULTA/frmDownloadDocumento.aspx?CodigoInstituicao=1&NumeroSequencialDocumento=152706
61.486.650/0001-83;2025-03-31;1;DIAGNOSTICOS DA AMERICA S.A.;019623;ITR;147700;2025-05-14;http://www.rad.cvm.gov.br/ENETCONSULTA/frmDownloadDocumento.aspx?CodigoInstituicao=1&NumeroSequencialDocumento=147700
61.486.650/0001-83;2025-03-31;2;DIAGNOSTICOS DA AMERICA S.A.;019623;ITR;149445;2025-06-12;http://www.rad.cvm.gov.br/ENETCONSULTA/frmDownloadDocumento.aspx?CodigoInstituicao=1&NumeroSequencialDocumento=149445
61.486.650/0001-83;2025-06-30;1;DIAGNOSTICOS DA AMERICA S.A.;019623;ITR;151408;2025-08-14;http://www.rad.cvm.gov.br/ENETCONSULTA/frmDownloadDocumento.aspx?CodigoInstituicao=1&NumeroSequencialDocumento=151408
61.486.650/0001-83;2025-09-30;1;DIAGNOSTICOS DA AMERICA S.A.;019623;ITR;153220;2025-11-13;http://www.rad.cvm.gov.br/ENETCONSULTA/frmDownloadDocumento.aspx?CodigoInstituicao=1&NumeroSequencialDocumento=153220
61.532.644/0001-15;2025-03-31;1;ITAÚSA S.A.;007617;ITR;147407;2025-05-12;http://www.rad.cvm.gov.br/ENETCONSULTA/frmDownloadDocumento.aspx?CodigoInstituicao=1&NumeroSequencialDocumento=147407
61.532.644/0001-15;2025-03-31;2;ITAÚSA S.A.;007617;ITR;149242;2025-06-03;http://www.rad.cvm.gov.br/ENETCONSULTA/frmDownloadDocumento.aspx?CodigoInstituicao=1&NumeroSequencialDocumento=149242
61.532.644/0001-15;2025-06-30;1;ITAÚSA S.A.;007617;ITR;150869;2025-08-11;http://www.rad.cvm.gov.br/ENETCONSULTA/frmDownloadDocumento.aspx?CodigoInstituicao=1&NumeroSequencialDocumento=150869
61.532.644/0001-15;2025-09-30;1;ITAÚSA S.A.;007617;ITR;152876;2025-11-10;http://www.rad.cvm.gov.br/ENETCONSULTA/frmDownloadDocumento.aspx?CodigoInstituicao=1&NumeroSequencialDocumento=152876
61.584.140/0001-49;2025-03-31;1;REDE ENERGIA PARTICIPAÇÕES S.A.;003190;ITR;147150;2025-05-08;http://www.rad.cvm.gov.br/ENETCONSULTA/frmDownloadDocumento.aspx?CodigoInstituicao=1&NumeroSequencialDocumento=147150
61.584.140/0001-49;2025-06-30;1;REDE ENERGIA PARTICIPAÇÕES S.A.;003190;ITR;150769;2025-08-07;http://www.rad.cvm.gov.br/ENETCONSULTA/frmDownloadDocumento.aspx?CodigoInstituicao=1&NumeroSequencialDocumento=150769
61.584.140/0001-49;2025-09-30;1;REDE ENERGIA PARTICIPAÇÕES S.A.;003190;ITR;152764;2025-11-06;http://www.rad.cvm.gov.br/ENETCONSULTA/frmDownloadDocumento.aspx?CodigoInstituicao=1&NumeroSequencialDocumento=152764
61.585.865/0001-51;2025-03-31;1;RAIA DROGASIL S.A.;005258;ITR;146891;2025-05-06;http://www.rad.cvm.gov.br/ENETCONSULTA/frmDownloadDocumento.aspx?CodigoInstituicao=1&NumeroSequencialDocumento=146891
61.585.865/0001-51;2025-06-30;1;RAIA DROGASIL S.A.;005258;ITR;150610;2025-08-05;http://www.rad.cvm.gov.br/ENETCONSULTA/frmDownloadDocumento.aspx?CodigoInstituicao=1&NumeroSequencialDocumento=150610
61.585.865/0001-51;2025-09-30;1;RAIA DROGASIL S.A.;005258;ITR;152662;2025-11-04;http://www.rad.cvm.gov.br/ENETCONSULTA/frmDownloadDocumento.aspx?CodigoInstituicao=1&NumeroSequencialDocumento=152662
61.695.227/0001-93;2025-03-31;1;ELETROPAULO METROP. ELET. SAO PAULO S.A.;014176;ITR;146656;2025-04-29;http://www.rad.cvm.gov.br/ENETCONSULTA/frmDownloadDocumento.aspx?CodigoInstituicao=1&NumeroSequencialDocumento=146656
61.695.227/0001-93;2025-06-30;1;ELETROPAULO METROP. ELET. SAO PAULO S.A.;014176;ITR;150215;2025-07-29;http://www.rad.cvm.gov.br/ENETCONSULTA/frmDownloadDocumento.aspx?CodigoInstituicao=1&NumeroSequencialDocumento=150215
61.695.227/0001-93;2025-09-30;1;ELETROPAULO METROP. ELET. SAO PAULO S.A.;014176;ITR;152541;2025-10-29;http://www.rad.cvm.gov.br/ENETCONSULTA/frmDownloadDocumento.aspx?CodigoInstituicao=1&NumeroSequencialDocumento=152541
61.856.571/0001-17;2025-03-31;1;CIA GAS DE SAO PAULO - COMGAS;015636;ITR;147133;2025-05-08;http://www.rad.cvm.gov.br/ENETCONSULTA/frmDownloadDocumento.aspx?CodigoInstituicao=1&NumeroSequencialDocumento=147133
61.856.571/0001-17;2025-06-30;1;CIA GAS DE SAO PAULO - COMGAS;015636;ITR;150731;2025-08-07;http://www.rad.cvm.gov.br/ENETCONSULTA/frmDownloadDocumento.aspx?CodigoInstituicao=1&NumeroSequencialDocumento=150731
61.856.571/0001-17;2025-09-30;1;CIA GAS DE SAO PAULO - COMGAS;015636;ITR;153342;2025-11-14;http://www.rad.cvm.gov.br/ENETCONSULTA/frmDownloadDocumento.aspx?CodigoInstituicao=1&NumeroSequencialDocumento=153342
62.002.886/0001-60;2025-03-31;1;SAO PAULO TURISMO S.A.;009415;ITR;147608;2025-05-14;http://www.rad.cvm.gov.br/ENETCONSULTA/frmDownloadDocumento.aspx?CodigoInstituicao=1&NumeroSequencialDocumento=147608
62.002.886/0001-60;2025-06-30;1;SAO PAULO TURISMO S.A.;009415;ITR;151205;2025-08-14;http://www.rad.cvm.gov.br/ENETCONSULTA/frmDownloadDocumento.aspx?CodigoInstituicao=1&NumeroSequencialDocumento=151205
62.002.886/0001-60;2025-09-30;1;SAO PAULO TURISMO S.A.;009415;ITR;153285;2025-11-14;http://www.rad.cvm.gov.br/ENETCONSULTA/frmDownloadDocumento.aspx?CodigoInstituicao=1&NumeroSequencialDocumento=153285
62.070.362/0001-06;2025-03-31;1;COMPANHIA DO METROPOLITANO DE SÃO PAULO - METRÔ;027065;ITR;147218;2025-05-09;http://www.rad.cvm.gov.br/ENETCONSULTA/frmDownloadDocumento.aspx?CodigoInstituicao=1&NumeroSequencialDocumento=147218
62.070.362/0001-06;2025-06-30;1;COMPANHIA DO METROPOLITANO DE SÃO PAULO - METRÔ;027065;ITR;150700;2025-08-07;http://www.rad.cvm.gov.br/ENETCONSULTA/frmDownloadDocumento.aspx?CodigoInstituicao=1&NumeroSequencialDocumento=150700
62.070.362/0001-06;2025-09-30;1;COMPANHIA DO METROPOLITANO DE SÃO PAULO - METRÔ;027065;ITR;153000;2025-11-12;http://www.rad.cvm.gov.br/ENETCONSULTA/frmDownloadDocumento.aspx?CodigoInstituicao=1&NumeroSequencialDocumento=153000
62.144.175/0001-20;2025-03-31;1;BCO PINE S.A;020567;ITR;147729;2025-05-15;http://www.rad.cvm.gov.br/ENETCONSULTA/frmDownloadDocumento.aspx?CodigoInstituicao=1&NumeroSequencialDocumento=147729
62.144.175/0001-20;2025-03-31;2;BCO PINE S.A;020567;ITR;149504;2025-06-17;http://www.rad.cvm.gov.br/ENETCONSULTA/frmDownloadDocumento.aspx?CodigoInstituicao=1&NumeroSequencialDocumento=149504
62.144.175/0001-20;2025-06-30;1;BCO PINE S.A;020567;ITR;151053;2025-08-13;http://www.rad.cvm.gov.br/ENETCONSULTA/frmDownloadDocumento.aspx?CodigoInstituicao=1&NumeroSequencialDocumento=151053
62.144.175/0001-20;2025-06-30;2;BCO PINE S.A;020567;ITR;151962;2025-09-19;http://www.rad.cvm.gov.br/ENETCONSULTA/frmDownloadDocumento.aspx?CodigoInstituicao=1&NumeroSequencialDocumento=151962
62.144.175/0001-20;2025-06-30;3;BCO PINE S.A;020567;ITR;151988;2025-09-22;http://www.rad.cvm.gov.br/ENETCONSULTA/frmDownloadDocumento.aspx?CodigoInstituicao=1&NumeroSequencialDocumento=151988
62.144.175/0001-20;2025-09-30;1;BCO PINE S.A;020567;ITR;152996;2025-11-12;http://www.rad.cvm.gov.br/ENETCONSULTA/frmDownloadDocumento.aspx?CodigoInstituicao=1&NumeroSequencialDocumento=152996
62.232.889/0001-90;2025-03-31;1;BCO DAYCOVAL S.A.;020796;ITR;147707;2025-05-14;http://www.rad.cvm.gov.br/ENETCONSULTA/frmDownloadDocumento.aspx?CodigoInstituicao=1&NumeroSequencialDocumento=147707
62.232.889/0001-90;2025-03-31;2;BCO DAYCOVAL S.A.;020796;ITR;148974;2025-05-30;http://www.rad.cvm.gov.br/ENETCONSULTA/frmDownloadDocumento.aspx?CodigoInstituicao=1&NumeroSequencialDocumento=148974
62.232.889/0001-90;2025-06-30;1;BCO DAYCOVAL S.A.;020796;ITR;151174;2025-08-13;http://www.rad.cvm.gov.br/ENETCONSULTA/frmDownloadDocumento.aspx?CodigoInstituicao=1&NumeroSequencialDocumento=151174
62.232.889/0001-90;2025-06-30;2;BCO DAYCOVAL S.A.;020796;ITR;151681;2025-08-28;http://www.rad.cvm.gov.br/ENETCONSULTA/frmDownloadDocumento.aspx?CodigoInstituicao=1&NumeroSequencialDocumento=151681
62.232.889/0001-90;2025-09-30;1;BCO DAYCOVAL S.A.;020796;ITR;153032;2025-11-12;http://www.rad.cvm.gov.br/ENETCONSULTA/frmDownloadDocumento.aspx?CodigoInstituicao=1&NumeroSequencialDocumento=153032
62.232.889/0001-90;2025-09-30;2;BCO DAYCOVAL S.A.;020796;ITR;153639;2025-11-28;http://www.rad.cvm.gov.br/ENETCONSULTA/frmDownloadDocumento.aspx?CodigoInstituicao=1&NumeroSequencialDocumento=153639
62.258.884/0001-36;2025-03-31;1;INTERCEMENT BRASIL S.A. - EM RECUPERAÇÃO JUDICIAL;025992;ITR;147680;2025-05-14;http://www.rad.cvm.gov.br/ENETCONSULTA/frmDownloadDocumento.aspx?CodigoInstituicao=1&NumeroSequencialDocumento=147680
62.258.884/0001-36;2025-06-30;1;INTERCEMENT BRASIL S.A. - EM RECUPERAÇÃO JUDICIAL;025992;ITR;152277;2025-10-10;http://www.rad.cvm.gov.br/ENETCONSULTA/frmDownloadDocumento.aspx?CodigoInstituicao=1&NumeroSequencialDocumento=152277
62.258.884/0001-36;2025-09-30;1;INTERCEMENT BRASIL S.A. - EM RECUPERAÇÃO JUDICIAL;025992;ITR;153213;2025-11-13;http://www.rad.cvm.gov.br/ENETCONSULTA/frmDownloadDocumento.aspx?CodigoInstituicao=1&NumeroSequencialDocumento=153213
62.307.848/0001-15;2025-03-31;1;BANCO RCI BRASIL S.A.;021466;ITR;147758;2025-05-15;http://www.rad.cvm.gov.br/ENETCONSULTA/frmDownloadDocumento.aspx?CodigoInstituicao=1&NumeroSequencialDocumento=147758
62.307.848/0001-15;2025-06-30;1;BANCO RCI BRASIL S.A.;021466;ITR;151436;2025-08-15;http://www.rad.cvm.gov.br/ENETCONSULTA/frmDownloadDocumento.aspx?CodigoInstituicao=1&NumeroSequencialDocumento=151436
62.307.848/0001-15;2025-09-30;1;BANCO RCI BRASIL S.A.;021466;ITR;153286;2025-11-14;http://www.rad.cvm.gov.br/ENETCONSULTA/frmDownloadDocumento.aspx?CodigoInstituicao=1&NumeroSequencialDocumento=153286
62.984.091/0001-02;2025-03-31;1;CRUZEIRO DO SUL EDUCACIONAL S.A.;025526;ITR;147804;2025-05-15;http://www.rad.cvm.gov.br/ENETCONSULTA/frmDownloadDocumento.aspx?CodigoInstituicao=1&NumeroSequencialDocumento=147804
62.984.091/0001-02;2025-06-30;1;CRUZEIRO DO SUL EDUCACIONAL S.A.;025526;ITR;151257;2025-08-14;http://www.rad.cvm.gov.br/ENETCONSULTA/frmDownloadDocumento.aspx?CodigoInstituicao=1&NumeroSequencialDocumento=151257
62.984.091/0001-02;2025-09-30;1;CRUZEIRO DO SUL EDUCACIONAL S.A.;025526;ITR;152980;2025-11-11;http://www.rad.cvm.gov.br/ENETCONSULTA/frmDownloadDocumento.aspx?CodigoInstituicao=1&NumeroSequencialDocumento=152980
62.984.091/0001-02;2025-09-30;2;CRUZEIRO DO SUL EDUCACIONAL S.A.;025526;ITR;152992;2025-11-11;http://www.rad.cvm.gov.br/ENETCONSULTA/frmDownloadDocumento.aspx?CodigoInstituicao=1&NumeroSequencialDocumento=152992
64.904.295/0001-03;2025-05-31;1;CAMIL ALIMENTOS S.A.;024228;ITR;149949;2025-07-15;http://www.rad.cvm.gov.br/ENETCONSULTA/frmDownloadDocumento.aspx?CodigoInstituicao=1&NumeroSequencialDocumento=149949
64.904.295/0001-03;2025-08-31;1;CAMIL ALIMENTOS S.A.;024228;ITR;152245;2025-10-09;http://www.rad.cvm.gov.br/ENETCONSULTA/frmDownloadDocumento.aspx?CodigoInstituicao=1&NumeroSequencialDocumento=152245
64.904.295/0001-03;2025-11-30;1;CAMIL ALIMENTOS S.A.;024228;ITR;154312;2026-01-14;http://www.rad.cvm.gov.br/ENETCONSULTA/frmDownloadDocumento.aspx?CodigoInstituicao=1&NumeroSequencialDocumento=154312
65.654.303/0001-73;2025-03-31;1;DIBENS LEASING S.A. - ARREND.MERCANTIL;014214;ITR;147269;2025-05-09;http://www.rad.cvm.gov.br/ENETCONSULTA/frmDownloadDocumento.aspx?CodigoInstituicao=1&NumeroSequencialDocumento=147269
65.654.303/0001-73;2025-06-30;1;DIBENS LEASING S.A. - ARREND.MERCANTIL;014214;ITR;150816;2025-08-08;http://www.rad.cvm.gov.br/ENETCONSULTA/frmDownloadDocumento.aspx?CodigoInstituicao=1&NumeroSequencialDocumento=150816
65.654.303/0001-73;2025-09-30;1;DIBENS LEASING S.A. - ARREND.MERCANTIL;014214;ITR;152815;2025-11-07;http://www.rad.cvm.gov.br/ENETCONSULTA/frmDownloadDocumento.aspx?CodigoInstituicao=1&NumeroSequencialDocumento=152815
67.010.660/0001-24;2025-03-31;1;RNI NEGÓCIOS IMOBILIÁRIOS S.A.;020451;ITR;147873;2025-05-15;http://www.rad.cvm.gov.br/ENETCONSULTA/frmDownloadDocumento.aspx?CodigoInstituicao=1&NumeroSequencialDocumento=147873
67.010.660/0001-24;2025-06-30;1;RNI NEGÓCIOS IMOBILIÁRIOS S.A.;020451;ITR;151399;2025-08-14;http://www.rad.cvm.gov.br/ENETCONSULTA/frmDownloadDocumento.aspx?CodigoInstituicao=1&NumeroSequencialDocumento=151399
67.010.660/0001-24;2025-09-30;1;RNI NEGÓCIOS IMOBILIÁRIOS S.A.;020451;ITR;153064;2025-11-12;http://www.rad.cvm.gov.br/ENETCONSULTA/frmDownloadDocumento.aspx?CodigoInstituicao=1&NumeroSequencialDocumento=153064
67.571.414/0001-41;2025-03-31;1;VIVER INCORPORADORA E CONSTRUTORA S.A.;020702;ITR;151936;2025-09-17;http://www.rad.cvm.gov.br/ENETCONSULTA/frmDownloadDocumento.aspx?CodigoInstituicao=1&NumeroSequencialDocumento=151936
67.571.414/0001-41;2025-06-30;1;VIVER INCORPORADORA E CONSTRUTORA S.A.;020702;ITR;152182;2025-10-06;http://www.rad.cvm.gov.br/ENETCONSULTA/frmDownloadDocumento.aspx?CodigoInstituicao=1&NumeroSequencialDocumento=152182
67.571.414/0001-41;2025-06-30;2;VIVER INCORPORADORA E CONSTRUTORA S.A.;020702;ITR;152187;2025-10-07;http://www.rad.cvm.gov.br/ENETCONSULTA/frmDownloadDocumento.aspx?CodigoInstituicao=1&NumeroSequencialDocumento=152187
67.571.414/0001-41;2025-09-30;1;VIVER INCORPORADORA E CONSTRUTORA S.A.;020702;ITR;153584;2025-11-26;http://www.rad.cvm.gov.br/ENETCONSULTA/frmDownloadDocumento.aspx?CodigoInstituicao=1&NumeroSequencialDocumento=153584
67.620.377/0001-14;2025-03-31;1;MINERVA S.A.;020931;ITR;146972;2025-05-07;http://www.rad.cvm.gov.br/ENETCONSULTA/frmDownloadDocumento.aspx?CodigoInstituicao=1&NumeroSequencialDocumento=146972
67.620.377/0001-14;2025-06-30;1;MINERVA S.A.;020931;ITR;150666;2025-08-06;http://www.rad.cvm.gov.br/ENETCONSULTA/frmDownloadDocumento.aspx?CodigoInstituicao=1&NumeroSequencialDocumento=150666
67.620.377/0001-14;2025-09-30;1;MINERVA S.A.;020931;ITR;152682;2025-11-05;http://www.rad.cvm.gov.br/ENETCONSULTA/frmDownloadDocumento.aspx?CodigoInstituicao=1&NumeroSequencialDocumento=152682
71.208.516/0001-74;2025-03-31;1;ALGAR TELECOM S/A;021032;ITR;147157;2025-05-08;http://www.rad.cvm.gov.br/ENETCONSULTA/frmDownloadDocumento.aspx?CodigoInstituicao=1&NumeroSequencialDocumento=147157
71.208.516/0001-74;2025-06-30;1;ALGAR TELECOM S/A;021032;ITR;150782;2025-08-07;http://www.rad.cvm.gov.br/ENETCONSULTA/frmDownloadDocumento.aspx?CodigoInstituicao=1&NumeroSequencialDocumento=150782
71.208.516/0001-74;2025-09-30;1;ALGAR TELECOM S/A;021032;ITR;152812;2025-11-07;http://www.rad.cvm.gov.br/ENETCONSULTA/frmDownloadDocumento.aspx?CodigoInstituicao=1&NumeroSequencialDocumento=152812
71.476.527/0001-35;2025-03-31;1;CONSTRUTORA TENDA S.A.;021148;ITR;147183;2025-05-08;http://www.rad.cvm.gov.br/ENETCONSULTA/frmDownloadDocumento.aspx?CodigoInstituicao=1&NumeroSequencialDocumento=147183
71.476.527/0001-35;2025-03-31;2;CONSTRUTORA TENDA S.A.;021148;ITR;148308;2025-05-27;http://www.rad.cvm.gov.br/ENETCONSULTA/frmDownloadDocumento.aspx?CodigoInstituicao=1&NumeroSequencialDocumento=148308
71.476.527/0001-35;2025-06-30;1;CONSTRUTORA TENDA S.A.;021148;ITR;150780;2025-08-07;http://www.rad.cvm.gov.br/ENETCONSULTA/frmDownloadDocumento.aspx?CodigoInstituicao=1&NumeroSequencialDocumento=150780
71.476.527/0001-35;2025-09-30;1;CONSTRUTORA TENDA S.A.;021148;ITR;152793;2025-11-06;http://www.rad.cvm.gov.br/ENETCONSULTA/frmDownloadDocumento.aspx?CodigoInstituicao=1&NumeroSequencialDocumento=152793
71.673.990/0001-77;2025-03-31;1;NATURA COSMÉTICOS S.A.;019550;ITR;147429;2025-05-12;http://www.rad.cvm.gov.br/ENETCONSULTA/frmDownloadDocumento.aspx?CodigoInstituicao=1&NumeroSequencialDocumento=147429
71.673.990/0001-77;2025-06-30;1;NATURA COSMÉTICOS S.A.;019550;ITR;150894;2025-08-11;http://www.rad.cvm.gov.br/ENETCONSULTA/frmDownloadDocumento.aspx?CodigoInstituicao=1&NumeroSequencialDocumento=150894
71.673.990/0001-77;2025-09-30;1;NATURA COSMÉTICOS S.A.;019550;ITR;152883;2025-11-10;http://www.rad.cvm.gov.br/ENETCONSULTA/frmDownloadDocumento.aspx?CodigoInstituicao=1&NumeroSequencialDocumento=152883
73.178.600/0001-18;2025-03-31;1;CYRELA BRAZIL REALTY S.A.EMPREEND E PART;014460;ITR;147795;2025-05-15;http://www.rad.cvm.gov.br/ENETCONSULTA/frmDownloadDocumento.aspx?CodigoInstituicao=1&NumeroSequencialDocumento=147795
73.178.600/0001-18;2025-06-30;1;CYRELA BRAZIL REALTY S.A.EMPREEND E PART;014460;ITR;151247;2025-08-14;http://www.rad.cvm.gov.br/ENETCONSULTA/frmDownloadDocumento.aspx?CodigoInstituicao=1&NumeroSequencialDocumento=151247
73.178.600/0001-18;2025-09-30;1;CYRELA BRAZIL REALTY S.A.EMPREEND E PART;014460;ITR;153167;2025-11-13;http://www.rad.cvm.gov.br/ENETCONSULTA/frmDownloadDocumento.aspx?CodigoInstituicao=1&NumeroSequencialDocumento=153167
73.903.718/0001-61;2025-03-31;1;SNB PARTICIPACOES SA;014303;ITR;147584;2025-05-14;http://www.rad.cvm.gov.br/ENETCONSULTA/frmDownloadDocumento.aspx?CodigoInstituicao=1&NumeroSequencialDocumento=147584
73.903.718/0001-61;2025-06-30;1;SNB PARTICIPACOES SA;014303;ITR;150562;2025-08-04;http://www.rad.cvm.gov.br/ENETCONSULTA/frmDownloadDocumento.aspx?CodigoInstituicao=1&NumeroSequencialDocumento=150562
73.903.718/0001-61;2025-09-30;1;SNB PARTICIPACOES SA;014303;ITR;152571;2025-10-31;http://www.rad.cvm.gov.br/ENETCONSULTA/frmDownloadDocumento.aspx?CodigoInstituicao=1&NumeroSequencialDocumento=152571
75.315.333/0001-09;2025-03-31;1;ATACADÃO S.A.;024171;ITR;146882;2025-05-06;http://www.rad.cvm.gov.br/ENETCONSULTA/frmDownloadDocumento.aspx?CodigoInstituicao=1&NumeroSequencialDocumento=146882
75.315.333/0001-09;2025-06-30;1;ATACADÃO S.A.;024171;ITR;150104;2025-07-23;http://www.rad.cvm.gov.br/ENETCONSULTA/frmDownloadDocumento.aspx?CodigoInstituicao=1&NumeroSequencialDocumento=150104
75.315.333/0001-09;2025-09-30;1;ATACADÃO S.A.;024171;ITR;152538;2025-10-29;http://www.rad.cvm.gov.br/ENETCONSULTA/frmDownloadDocumento.aspx?CodigoInstituicao=1&NumeroSequencialDocumento=152538
75.609.123/0001-23;2025-03-31;1;UNIDAS LOCAÇÕES E SERVIÇOS S.A.;023280;ITR;147414;2025-05-12;http://www.rad.cvm.gov.br/ENETCONSULTA/frmDownloadDocumento.aspx?CodigoInstituicao=1&NumeroSequencialDocumento=147414
75.609.123/0001-23;2025-06-30;1;UNIDAS LOCAÇÕES E SERVIÇOS S.A.;023280;ITR;150881;2025-08-11;http://www.rad.cvm.gov.br/ENETCONSULTA/frmDownloadDocumento.aspx?CodigoInstituicao=1&NumeroSequencialDocumento=150881
75.609.123/0001-23;2025-09-30;1;UNIDAS LOCAÇÕES E SERVIÇOS S.A.;023280;ITR;152965;2025-11-11;http://www.rad.cvm.gov.br/ENETCONSULTA/frmDownloadDocumento.aspx?CodigoInstituicao=1&NumeroSequencialDocumento=152965
76.483.817/0001-20;2025-03-31;1;CIA PARANAENSE DE ENERGIA - COPEL;014311;ITR;147138;2025-05-08;http://www.rad.cvm.gov.br/ENETCONSULTA/frmDownloadDocumento.aspx?CodigoInstituicao=1&NumeroSequencialDocumento=147138
76.483.817/0001-20;2025-06-30;1;CIA PARANAENSE DE ENERGIA - COPEL;014311;ITR;150682;2025-08-06;http://www.rad.cvm.gov.br/ENETCONSULTA/frmDownloadDocumento.aspx?CodigoInstituicao=1&NumeroSequencialDocumento=150682
76.483.817/0001-20;2025-09-30;1;CIA PARANAENSE DE ENERGIA - COPEL;014311;ITR;153073;2025-11-12;http://www.rad.cvm.gov.br/ENETCONSULTA/frmDownloadDocumento.aspx?CodigoInstituicao=1&NumeroSequencialDocumento=153073
76.484.013/0001-45;2025-03-31;1;CIA SANEAMENTO DO PARANA - SANEPAR;018627;ITR;147094;2025-05-08;http://www.rad.cvm.gov.br/ENETCONSULTA/frmDownloadDocumento.aspx?CodigoInstituicao=1&NumeroSequencialDocumento=147094
76.484.013/0001-45;2025-06-30;1;CIA SANEAMENTO DO PARANA - SANEPAR;018627;ITR;150724;2025-08-07;http://www.rad.cvm.gov.br/ENETCONSULTA/frmDownloadDocumento.aspx?CodigoInstituicao=1&NumeroSequencialDocumento=150724
76.484.013/0001-45;2025-09-30;1;CIA SANEAMENTO DO PARANA - SANEPAR;018627;ITR;152767;2025-11-06;http://www.rad.cvm.gov.br/ENETCONSULTA/frmDownloadDocumento.aspx?CodigoInstituicao=1&NumeroSequencialDocumento=152767
76.535.764/0001-43;2025-03-31;1;OI S.A. - EM RECUPERAÇÃO JUDICIAL;011312;ITR;147672;2025-05-14;http://www.rad.cvm.gov.br/ENETCONSULTA/frmDownloadDocumento.aspx?CodigoInstituicao=1&NumeroSequencialDocumento=147672
76.535.764/0001-43;2025-06-30;1;OI S.A. - EM RECUPERAÇÃO JUDICIAL;011312;ITR;151773;2025-09-04;http://www.rad.cvm.gov.br/ENETCONSULTA/frmDownloadDocumento.aspx?CodigoInstituicao=1&NumeroSequencialDocumento=151773
76.627.504/0001-06;2025-03-31;1;INEPAR S.A. INDUSTRIA E CONSTRUCOES EM RECUPERACAO JUDICIAL;007595;ITR;151578;2025-08-21;http://www.rad.cvm.gov.br/ENETCONSULTA/frmDownloadDocumento.aspx?CodigoInstituicao=1&NumeroSequencialDocumento=151578
76.627.504/0001-06;2025-06-30;1;INEPAR S.A. INDUSTRIA E CONSTRUCOES EM RECUPERACAO JUDICIAL;007595;ITR;152557;2025-10-30;http://www.rad.cvm.gov.br/ENETCONSULTA/frmDownloadDocumento.aspx?CodigoInstituicao=1&NumeroSequencialDocumento=152557
76.627.504/0001-06;2025-09-30;1;INEPAR S.A. INDUSTRIA E CONSTRUCOES EM RECUPERACAO JUDICIAL;007595;ITR;154770;2026-02-13;http://www.rad.cvm.gov.br/ENETCONSULTA/frmDownloadDocumento.aspx?CodigoInstituicao=1&NumeroSequencialDocumento=154770
79.430.682/0001-22;2025-03-31;1;FARMÁCIA E DROGARIA NISSEI S.A.;025429;ITR;147817;2025-05-15;http://www.rad.cvm.gov.br/ENETCONSULTA/frmDownloadDocumento.aspx?CodigoInstituicao=1&NumeroSequencialDocumento=147817
79.430.682/0001-22;2025-03-31;2;FARMÁCIA E DROGARIA NISSEI S.A.;025429;ITR;149604;2025-06-25;http://www.rad.cvm.gov.br/ENETCONSULTA/frmDownloadDocumento.aspx?CodigoInstituicao=1&NumeroSequencialDocumento=149604
79.430.682/0001-22;2025-06-30;1;FARMÁCIA E DROGARIA NISSEI S.A.;025429;ITR;150781;2025-08-07;http://www.rad.cvm.gov.br/ENETCONSULTA/frmDownloadDocumento.aspx?CodigoInstituicao=1&NumeroSequencialDocumento=150781
79.430.682/0001-22;2025-09-30;1;FARMÁCIA E DROGARIA NISSEI S.A.;025429;ITR;152840;2025-11-10;http://www.rad.cvm.gov.br/ENETCONSULTA/frmDownloadDocumento.aspx?CodigoInstituicao=1&NumeroSequencialDocumento=152840
80.680.093/0001-81;2025-03-31;1;SENIOR SISTEMAS S.A.;026786;ITR;146864;2025-05-06;http://www.rad.cvm.gov.br/ENETCONSULTA/frmDownloadDocumento.aspx?CodigoInstituicao=1&NumeroSequencialDocumento=146864
80.680.093/0001-81;2025-06-30;1;SENIOR SISTEMAS S.A.;026786;ITR;150866;2025-08-11;http://www.rad.cvm.gov.br/ENETCONSULTA/frmDownloadDocumento.aspx?CodigoInstituicao=1&NumeroSequencialDocumento=150866
80.680.093/0001-81;2025-09-30;1;SENIOR SISTEMAS S.A.;026786;ITR;152643;2025-11-04;http://www.rad.cvm.gov.br/ENETCONSULTA/frmDownloadDocumento.aspx?CodigoInstituicao=1&NumeroSequencialDocumento=152643
81.243.735/0001-48;2025-03-31;1;POSITIVO TECNOLOGIA S.A.;020362;ITR;147708;2025-05-14;http://www.rad.cvm.gov.br/ENETCONSULTA/frmDownloadDocumento.aspx?CodigoInstituicao=1&NumeroSequencialDocumento=147708
81.243.735/0001-48;2025-06-30;1;POSITIVO TECNOLOGIA S.A.;020362;ITR;151157;2025-08-13;http://www.rad.cvm.gov.br/ENETCONSULTA/frmDownloadDocumento.aspx?CodigoInstituicao=1&NumeroSequencialDocumento=151157
81.243.735/0001-48;2025-09-30;1;POSITIVO TECNOLOGIA S.A.;020362;ITR;153041;2025-11-12;http://www.rad.cvm.gov.br/ENETCONSULTA/frmDownloadDocumento.aspx?CodigoInstituicao=1&NumeroSequencialDocumento=153041
81.616.807/0001-55;2025-03-31;1;GRANJA FARIA S.A.;027219;ITR;147912;2025-05-15;http://www.rad.cvm.gov.br/ENETCONSULTA/frmDownloadDocumento.aspx?CodigoInstituicao=1&NumeroSequencialDocumento=147912
81.616.807/0001-55;2025-06-30;1;GRANJA FARIA S.A.;027219;ITR;151169;2025-08-13;http://www.rad.cvm.gov.br/ENETCONSULTA/frmDownloadDocumento.aspx?CodigoInstituicao=1&NumeroSequencialDocumento=151169
81.616.807/0001-55;2025-09-30;1;GRANJA FARIA S.A.;027219;ITR;153149;2025-11-13;http://www.rad.cvm.gov.br/ENETCONSULTA/frmDownloadDocumento.aspx?CodigoInstituicao=1&NumeroSequencialDocumento=153149
82.120.676/0001-83;2025-03-31;1;ALMEIDA JUNIOR SHOPPING CENTERS S.A.;026395;ITR;147765;2025-05-15;http://www.rad.cvm.gov.br/ENETCONSULTA/frmDownloadDocumento.aspx?CodigoInstituicao=1&NumeroSequencialDocumento=147765
82.120.676/0001-83;2025-06-30;1;ALMEIDA JUNIOR SHOPPING CENTERS S.A.;026395;ITR;150547;2025-08-01;http://www.rad.cvm.gov.br/ENETCONSULTA/frmDownloadDocumento.aspx?CodigoInstituicao=1&NumeroSequencialDocumento=150547
82.120.676/0001-83;2025-09-30;1;ALMEIDA JUNIOR SHOPPING CENTERS S.A.;026395;ITR;153275;2025-11-14;http://www.rad.cvm.gov.br/ENETCONSULTA/frmDownloadDocumento.aspx?CodigoInstituicao=1&NumeroSequencialDocumento=153275
82.508.433/0001-17;2025-03-31;1;CIA CATARINENSE DE AGUAS E SANEAM.-CASAN;016861;ITR;147347;2025-05-12;http://www.rad.cvm.gov.br/ENETCONSULTA/frmDownloadDocumento.aspx?CodigoInstituicao=1&NumeroSequencialDocumento=147347
82.508.433/0001-17;2025-06-30;1;CIA CATARINENSE DE AGUAS E SANEAM.-CASAN;016861;ITR;151206;2025-08-14;http://www.rad.cvm.gov.br/ENETCONSULTA/frmDownloadDocumento.aspx?CodigoInstituicao=1&NumeroSequencialDocumento=151206
82.508.433/0001-17;2025-09-30;1;CIA CATARINENSE DE AGUAS E SANEAM.-CASAN;016861;ITR;153303;2025-11-14;http://www.rad.cvm.gov.br/ENETCONSULTA/frmDownloadDocumento.aspx?CodigoInstituicao=1&NumeroSequencialDocumento=153303
82.636.986/0001-55;2025-03-31;1;TEKA-TECELAGEM KUEHNRICH S.A. - EM RECUPERAÇÃO JUDICIAL;011223;ITR;159125;2026-06-17;http://www.rad.cvm.gov.br/ENETCONSULTA/frmDownloadDocumento.aspx?CodigoInstituicao=1&NumeroSequencialDocumento=159125
82.640.558/0001-04;2025-03-31;1;KARSTEN S.A.;004146;ITR;147809;2025-05-15;http://www.rad.cvm.gov.br/ENETCONSULTA/frmDownloadDocumento.aspx?CodigoInstituicao=1&NumeroSequencialDocumento=147809
82.640.558/0001-04;2025-06-30;1;KARSTEN S.A.;004146;ITR;151104;2025-08-13;http://www.rad.cvm.gov.br/ENETCONSULTA/frmDownloadDocumento.aspx?CodigoInstituicao=1&NumeroSequencialDocumento=151104
82.640.558/0001-04;2025-09-30;1;KARSTEN S.A.;004146;ITR;153168;2025-11-13;http://www.rad.cvm.gov.br/ENETCONSULTA/frmDownloadDocumento.aspx?CodigoInstituicao=1&NumeroSequencialDocumento=153168
82.643.537/0001-34;2025-03-31;1;ELECTRO ACO ALTONA S.A.;005380;ITR;147301;2025-05-09;http://www.rad.cvm.gov.br/ENETCONSULTA/frmDownloadDocumento.aspx?CodigoInstituicao=1&NumeroSequencialDocumento=147301
82.643.537/0001-34;2025-03-31;2;ELECTRO ACO ALTONA S.A.;005380;ITR;147314;2025-05-10;http://www.rad.cvm.gov.br/ENETCONSULTA/frmDownloadDocumento.aspx?CodigoInstituicao=1&NumeroSequencialDocumento=147314
82.643.537/0001-34;2025-03-31;3;ELECTRO ACO ALTONA S.A.;005380;ITR;149048;2025-06-02;http://www.rad.cvm.gov.br/ENETCONSULTA/frmDownloadDocumento.aspx?CodigoInstituicao=1&NumeroSequencialDocumento=149048
82.643.537/0001-34;2025-06-30;1;ELECTRO ACO ALTONA S.A.;005380;ITR;151109;2025-08-13;http://www.rad.cvm.gov.br/ENETCONSULTA/frmDownloadDocumento.aspx?CodigoInstituicao=1&NumeroSequencialDocumento=151109
82.643.537/0001-34;2025-09-30;1;ELECTRO ACO ALTONA S.A.;005380;ITR;153276;2025-11-14;http://www.rad.cvm.gov.br/ENETCONSULTA/frmDownloadDocumento.aspx?CodigoInstituicao=1&NumeroSequencialDocumento=153276
82.901.000/0001-27;2025-03-31;1;INTELBRAS S.A. IND. DE TELECOMUNICAÇÃO ELETRÔNICA BRASILEIRA;025453;ITR;147100;2025-05-08;http://www.rad.cvm.gov.br/ENETCONSULTA/frmDownloadDocumento.aspx?CodigoInstituicao=1&NumeroSequencialDocumento=147100
82.901.000/0001-27;2025-06-30;1;INTELBRAS S.A. IND. DE TELECOMUNICAÇÃO ELETRÔNICA BRASILEIRA;025453;ITR;150206;2025-07-29;http://www.rad.cvm.gov.br/ENETCONSULTA/frmDownloadDocumento.aspx?CodigoInstituicao=1&NumeroSequencialDocumento=150206
82.901.000/0001-27;2025-09-30;1;INTELBRAS S.A. IND. DE TELECOMUNICAÇÃO ELETRÔNICA BRASILEIRA;025453;ITR;152506;2025-10-28;http://www.rad.cvm.gov.br/ENETCONSULTA/frmDownloadDocumento.aspx?CodigoInstituicao=1&NumeroSequencialDocumento=152506
82.981.929/0001-03;2025-03-31;1;CIA INDUSTRIAL SCHLOSSER S.A.;003549;ITR;147569;2025-05-14;http://www.rad.cvm.gov.br/ENETCONSULTA/frmDownloadDocumento.aspx?CodigoInstituicao=1&NumeroSequencialDocumento=147569
82.981.929/0001-03;2025-06-30;1;CIA INDUSTRIAL SCHLOSSER S.A.;003549;ITR;150900;2025-08-12;http://www.rad.cvm.gov.br/ENETCONSULTA/frmDownloadDocumento.aspx?CodigoInstituicao=1&NumeroSequencialDocumento=150900
82.981.929/0001-03;2025-09-30;1;CIA INDUSTRIAL SCHLOSSER S.A.;003549;ITR;152848;2025-11-10;http://www.rad.cvm.gov.br/ENETCONSULTA/frmDownloadDocumento.aspx?CodigoInstituicao=1&NumeroSequencialDocumento=152848
82.982.075/0001-80;2025-03-31;1;TEXTIL RENAUXVIEW S.A.;007544;ITR;147899;2025-05-15;http://www.rad.cvm.gov.br/ENETCONSULTA/frmDownloadDocumento.aspx?CodigoInstituicao=1&NumeroSequencialDocumento=147899
82.982.075/0001-80;2025-06-30;1;TEXTIL RENAUXVIEW S.A.;007544;ITR;151423;2025-08-14;http://www.rad.cvm.gov.br/ENETCONSULTA/frmDownloadDocumento.aspx?CodigoInstituicao=1&NumeroSequencialDocumento=151423
82.982.075/0001-80;2025-09-30;1;TEXTIL RENAUXVIEW S.A.;007544;ITR;153372;2025-11-14;http://www.rad.cvm.gov.br/ENETCONSULTA/frmDownloadDocumento.aspx?CodigoInstituicao=1&NumeroSequencialDocumento=153372
83.475.913/0001-91;2025-03-31;1;PBG S/A;013773;ITR;147694;2025-05-14;http://www.rad.cvm.gov.br/ENETCONSULTA/frmDownloadDocumento.aspx?CodigoInstituicao=1&NumeroSequencialDocumento=147694
83.475.913/0001-91;2025-06-30;1;PBG S/A;013773;ITR;150694;2025-08-06;http://www.rad.cvm.gov.br/ENETCONSULTA/frmDownloadDocumento.aspx?CodigoInstituicao=1&NumeroSequencialDocumento=150694
83.475.913/0001-91;2025-09-30;1;PBG S/A;013773;ITR;152718;2025-11-05;http://www.rad.cvm.gov.br/ENETCONSULTA/frmDownloadDocumento.aspx?CodigoInstituicao=1&NumeroSequencialDocumento=152718
83.878.892/0001-55;2025-03-31;1;CENTRAIS ELET DE SANTA CATARINA S.A.;002461;ITR;147796;2025-05-15;http://www.rad.cvm.gov.br/ENETCONSULTA/frmDownloadDocumento.aspx?CodigoInstituicao=1&NumeroSequencialDocumento=147796
83.878.892/0001-55;2025-06-30;1;CENTRAIS ELET DE SANTA CATARINA S.A.;002461;ITR;151249;2025-08-14;http://www.rad.cvm.gov.br/ENETCONSULTA/frmDownloadDocumento.aspx?CodigoInstituicao=1&NumeroSequencialDocumento=151249
83.878.892/0001-55;2025-09-30;1;CENTRAIS ELET DE SANTA CATARINA S.A.;002461;ITR;153263;2025-11-14;http://www.rad.cvm.gov.br/ENETCONSULTA/frmDownloadDocumento.aspx?CodigoInstituicao=1&NumeroSequencialDocumento=153263
84.429.695/0001-11;2025-03-31;1;WEG S.A.;005410;ITR;146659;2025-04-30;http://www.rad.cvm.gov.br/ENETCONSULTA/frmDownloadDocumento.aspx?CodigoInstituicao=1&NumeroSequencialDocumento=146659
84.429.695/0001-11;2025-06-30;1;WEG S.A.;005410;ITR;150076;2025-07-23;http://www.rad.cvm.gov.br/ENETCONSULTA/frmDownloadDocumento.aspx?CodigoInstituicao=1&NumeroSequencialDocumento=150076
84.429.695/0001-11;2025-09-30;1;WEG S.A.;005410;ITR;152433;2025-10-22;http://www.rad.cvm.gov.br/ENETCONSULTA/frmDownloadDocumento.aspx?CodigoInstituicao=1&NumeroSequencialDocumento=152433
84.683.374/0001-49;2025-03-31;1;TUPY S.A.;006343;ITR;147666;2025-05-14;http://www.rad.cvm.gov.br/ENETCONSULTA/frmDownloadDocumento.aspx?CodigoInstituicao=1&NumeroSequencialDocumento=147666
84.683.374/0001-49;2025-06-30;1;TUPY S.A.;006343;ITR;151119;2025-08-13;http://www.rad.cvm.gov.br/ENETCONSULTA/frmDownloadDocumento.aspx?CodigoInstituicao=1&NumeroSequencialDocumento=151119
84.683.374/0001-49;2025-09-30;1;TUPY S.A.;006343;ITR;152772;2025-11-06;http://www.rad.cvm.gov.br/ENETCONSULTA/frmDownloadDocumento.aspx?CodigoInstituicao=1&NumeroSequencialDocumento=152772
84.683.408/0001-03;2025-03-31;1;DOHLER S.A.;005207;ITR;147790;2025-05-15;http://www.rad.cvm.gov.br/ENETCONSULTA/frmDownloadDocumento.aspx?CodigoInstituicao=1&NumeroSequencialDocumento=147790
84.683.408/0001-03;2025-06-30;1;DOHLER S.A.;005207;ITR;151242;2025-08-14;http://www.rad.cvm.gov.br/ENETCONSULTA/frmDownloadDocumento.aspx?CodigoInstituicao=1&NumeroSequencialDocumento=151242
84.683.408/0001-03;2025-09-30;1;DOHLER S.A.;005207;ITR;153269;2025-11-14;http://www.rad.cvm.gov.br/ENETCONSULTA/frmDownloadDocumento.aspx?CodigoInstituicao=1&NumeroSequencialDocumento=153269
84.683.671/0001-94;2025-03-31;1;WETZEL S.A.;011991;ITR;147623;2025-05-14;http://www.rad.cvm.gov.br/ENETCONSULTA/frmDownloadDocumento.aspx?CodigoInstituicao=1&NumeroSequencialDocumento=147623
84.683.671/0001-94;2025-06-30;1;WETZEL S.A.;011991;ITR;151287;2025-08-14;http://www.rad.cvm.gov.br/ENETCONSULTA/frmDownloadDocumento.aspx?CodigoInstituicao=1&NumeroSequencialDocumento=151287
84.683.671/0001-94;2025-09-30;1;WETZEL S.A.;011991;ITR;153270;2025-11-14;http://www.rad.cvm.gov.br/ENETCONSULTA/frmDownloadDocumento.aspx?CodigoInstituicao=1&NumeroSequencialDocumento=153270
84.684.455/0001-63;2025-03-31;1;TIGRE S.A. PARTICIPAÇÕES;026255;ITR;147536;2025-05-13;http://www.rad.cvm.gov.br/ENETCONSULTA/frmDownloadDocumento.aspx?CodigoInstituicao=1&NumeroSequencialDocumento=147536
84.684.455/0001-63;2025-03-31;2;TIGRE S.A. PARTICIPAÇÕES;026255;ITR;149331;2025-06-06;http://www.rad.cvm.gov.br/ENETCONSULTA/frmDownloadDocumento.aspx?CodigoInstituicao=1&NumeroSequencialDocumento=149331
84.684.455/0001-63;2025-06-30;1;TIGRE S.A. PARTICIPAÇÕES;026255;ITR;150877;2025-08-11;http://www.rad.cvm.gov.br/ENETCONSULTA/frmDownloadDocumento.aspx?CodigoInstituicao=1&NumeroSequencialDocumento=150877
84.684.455/0001-63;2025-09-30;1;TIGRE S.A. PARTICIPAÇÕES;026255;ITR;152958;2025-11-11;http://www.rad.cvm.gov.br/ENETCONSULTA/frmDownloadDocumento.aspx?CodigoInstituicao=1&NumeroSequencialDocumento=152958
84.693.183/0001-68;2025-03-31;1;SCHULZ S.A.;014664;ITR;147635;2025-05-14;http://www.rad.cvm.gov.br/ENETCONSULTA/frmDownloadDocumento.aspx?CodigoInstituicao=1&NumeroSequencialDocumento=147635
84.693.183/0001-68;2025-03-31;2;SCHULZ S.A.;014664;ITR;147745;2025-05-15;http://www.rad.cvm.gov.br/ENETCONSULTA/frmDownloadDocumento.aspx?CodigoInstituicao=1&NumeroSequencialDocumento=147745
84.693.183/0001-68;2025-06-30;1;SCHULZ S.A.;014664;ITR;151278;2025-08-14;http://www.rad.cvm.gov.br/ENETCONSULTA/frmDownloadDocumento.aspx?CodigoInstituicao=1&NumeroSequencialDocumento=151278
84.693.183/0001-68;2025-09-30;1;SCHULZ S.A.;014664;ITR;153165;2025-11-13;http://www.rad.cvm.gov.br/ENETCONSULTA/frmDownloadDocumento.aspx?CodigoInstituicao=1&NumeroSequencialDocumento=153165
85.041.333/0001-11;2025-03-31;1;PORTO PONTA DO FELIX S/A;015407;ITR;151739;2025-09-03;http://www.rad.cvm.gov.br/ENETCONSULTA/frmDownloadDocumento.aspx?CodigoInstituicao=1&NumeroSequencialDocumento=151739
85.041.333/0001-11;2025-06-30;1;PORTO PONTA DO FELIX S/A;015407;ITR;153723;2025-12-05;http://www.rad.cvm.gov.br/ENETCONSULTA/frmDownloadDocumento.aspx?CodigoInstituicao=1&NumeroSequencialDocumento=153723
85.041.333/0001-11;2025-09-30;1;PORTO PONTA DO FELIX S/A;015407;ITR;155617;2026-03-24;http://www.rad.cvm.gov.br/ENETCONSULTA/frmDownloadDocumento.aspx?CodigoInstituicao=1&NumeroSequencialDocumento=155617
85.778.074/0001-06;2025-03-31;1;METALURGICA RIOSULENSE S.A.;013439;ITR;147483;2025-05-13;http://www.rad.cvm.gov.br/ENETCONSULTA/frmDownloadDocumento.aspx?CodigoInstituicao=1&NumeroSequencialDocumento=147483
85.778.074/0001-06;2025-06-30;1;METALURGICA RIOSULENSE S.A.;013439;ITR;151059;2025-08-13;http://www.rad.cvm.gov.br/ENETCONSULTA/frmDownloadDocumento.aspx?CodigoInstituicao=1&NumeroSequencialDocumento=151059
85.778.074/0001-06;2025-09-30;1;METALURGICA RIOSULENSE S.A.;013439;ITR;153108;2025-11-13;http://www.rad.cvm.gov.br/ENETCONSULTA/frmDownloadDocumento.aspx?CodigoInstituicao=1&NumeroSequencialDocumento=153108
86.375.425/0001-09;2025-03-31;1;METISA METALURGICA TIMBOENSE S.A.;008753;ITR;147361;2025-05-12;http://www.rad.cvm.gov.br/ENETCONSULTA/frmDownloadDocumento.aspx?CodigoInstituicao=1&NumeroSequencialDocumento=147361
86.375.425/0001-09;2025-06-30;1;METISA METALURGICA TIMBOENSE S.A.;008753;ITR;150627;2025-08-06;http://www.rad.cvm.gov.br/ENETCONSULTA/frmDownloadDocumento.aspx?CodigoInstituicao=1&NumeroSequencialDocumento=150627
86.375.425/0001-09;2025-09-30;1;METISA METALURGICA TIMBOENSE S.A.;008753;ITR;152602;2025-11-03;http://www.rad.cvm.gov.br/ENETCONSULTA/frmDownloadDocumento.aspx?CodigoInstituicao=1&NumeroSequencialDocumento=152602
87.043.832/0001-73;2025-03-31;1;SEIVA S.A. - FLORESTAS E INDÚSTRIAS;010561;ITR;146587;2025-04-28;http://www.rad.cvm.gov.br/ENETCONSULTA/frmDownloadDocumento.aspx?CodigoInstituicao=1&NumeroSequencialDocumento=146587
87.043.832/0001-73;2025-06-30;1;SEIVA S.A. - FLORESTAS E INDÚSTRIAS;010561;ITR;150490;2025-07-31;http://www.rad.cvm.gov.br/ENETCONSULTA/frmDownloadDocumento.aspx?CodigoInstituicao=1&NumeroSequencialDocumento=150490
87.043.832/0001-73;2025-09-30;1;SEIVA S.A. - FLORESTAS E INDÚSTRIAS;010561;ITR;152554;2025-10-30;http://www.rad.cvm.gov.br/ENETCONSULTA/frmDownloadDocumento.aspx?CodigoInstituicao=1&NumeroSequencialDocumento=152554
87.456.562/0001-22;2025-03-31;1;JOSAPAR-JOAQUIM OLIVEIRA S.A. - PARTICIP;013285;ITR;147778;2025-05-15;http://www.rad.cvm.gov.br/ENETCONSULTA/frmDownloadDocumento.aspx?CodigoInstituicao=1&NumeroSequencialDocumento=147778
87.456.562/0001-22;2025-06-30;1;JOSAPAR-JOAQUIM OLIVEIRA S.A. - PARTICIP;013285;ITR;151224;2025-08-14;http://www.rad.cvm.gov.br/ENETCONSULTA/frmDownloadDocumento.aspx?CodigoInstituicao=1&NumeroSequencialDocumento=151224
87.456.562/0001-22;2025-09-30;1;JOSAPAR-JOAQUIM OLIVEIRA S.A. - PARTICIP;013285;ITR;153282;2025-11-14;http://www.rad.cvm.gov.br/ENETCONSULTA/frmDownloadDocumento.aspx?CodigoInstituicao=1&NumeroSequencialDocumento=153282
87.762.563/0001-03;2025-03-31;1;CIA HABITASUL DE PARTICIPACOES;003298;ITR;147853;2025-05-15;http://www.rad.cvm.gov.br/ENETCONSULTA/frmDownloadDocumento.aspx?CodigoInstituicao=1&NumeroSequencialDocumento=147853
87.762.563/0001-03;2025-06-30;1;CIA HABITASUL DE PARTICIPACOES;003298;ITR;151261;2025-08-14;http://www.rad.cvm.gov.br/ENETCONSULTA/frmDownloadDocumento.aspx?CodigoInstituicao=1&NumeroSequencialDocumento=151261
87.762.563/0001-03;2025-06-30;2;CIA HABITASUL DE PARTICIPACOES;003298;ITR;151584;2025-08-21;http://www.rad.cvm.gov.br/ENETCONSULTA/frmDownloadDocumento.aspx?CodigoInstituicao=1&NumeroSequencialDocumento=151584
87.762.563/0001-03;2025-09-30;1;CIA HABITASUL DE PARTICIPACOES;003298;ITR;153361;2025-11-14;http://www.rad.cvm.gov.br/ENETCONSULTA/frmDownloadDocumento.aspx?CodigoInstituicao=1&NumeroSequencialDocumento=153361
87.870.952/0001-44;2025-03-31;1;BORRACHAS VIPAL S.A.;026980;ITR;147492;2025-05-13;http://www.rad.cvm.gov.br/ENETCONSULTA/frmDownloadDocumento.aspx?CodigoInstituicao=1&NumeroSequencialDocumento=147492
87.870.952/0001-44;2025-06-30;1;BORRACHAS VIPAL S.A.;026980;ITR;150931;2025-08-12;http://www.rad.cvm.gov.br/ENETCONSULTA/frmDownloadDocumento.aspx?CodigoInstituicao=1&NumeroSequencialDocumento=150931
87.870.952/0001-44;2025-09-30;1;BORRACHAS VIPAL S.A.;026980;ITR;153334;2025-11-14;http://www.rad.cvm.gov.br/ENETCONSULTA/frmDownloadDocumento.aspx?CodigoInstituicao=1&NumeroSequencialDocumento=153334
88.610.126/0001-29;2025-03-31;1;FRASLE MOBILITY S.A.;006211;ITR;146958;2025-05-07;http://www.rad.cvm.gov.br/ENETCONSULTA/frmDownloadDocumento.aspx?CodigoInstituicao=1&NumeroSequencialDocumento=146958
88.610.126/0001-29;2025-06-30;1;FRASLE MOBILITY S.A.;006211;ITR;150658;2025-08-06;http://www.rad.cvm.gov.br/ENETCONSULTA/frmDownloadDocumento.aspx?CodigoInstituicao=1&NumeroSequencialDocumento=150658
88.610.126/0001-29;2025-09-30;1;FRASLE MOBILITY S.A.;006211;ITR;152947;2025-11-11;http://www.rad.cvm.gov.br/ENETCONSULTA/frmDownloadDocumento.aspx?CodigoInstituicao=1&NumeroSequencialDocumento=152947
88.610.126/0001-29;2025-09-30;2;FRASLE MOBILITY S.A.;006211;ITR;152972;2025-11-11;http://www.rad.cvm.gov.br/ENETCONSULTA/frmDownloadDocumento.aspx?CodigoInstituicao=1&NumeroSequencialDocumento=152972
88.610.126/0001-29;2025-09-30;3;FRASLE MOBILITY S.A.;006211;ITR;152974;2025-11-11;http://www.rad.cvm.gov.br/ENETCONSULTA/frmDownloadDocumento.aspx?CodigoInstituicao=1&NumeroSequencialDocumento=152974
88.610.126/0001-29;2025-09-30;4;FRASLE MOBILITY S.A.;006211;ITR;152999;2025-11-12;http://www.rad.cvm.gov.br/ENETCONSULTA/frmDownloadDocumento.aspx?CodigoInstituicao=1&NumeroSequencialDocumento=152999
88.610.191/0001-54;2025-03-31;1;MUNDIAL S.A. - PRODUTOS DE CONSUMO;005312;ITR;147644;2025-05-14;http://www.rad.cvm.gov.br/ENETCONSULTA/frmDownloadDocumento.aspx?CodigoInstituicao=1&NumeroSequencialDocumento=147644
88.610.191/0001-54;2025-06-30;1;MUNDIAL S.A. - PRODUTOS DE CONSUMO;005312;ITR;151289;2025-08-14;http://www.rad.cvm.gov.br/ENETCONSULTA/frmDownloadDocumento.aspx?CodigoInstituicao=1&NumeroSequencialDocumento=151289
88.610.191/0001-54;2025-09-30;1;MUNDIAL S.A. - PRODUTOS DE CONSUMO;005312;ITR;153369;2025-11-14;http://www.rad.cvm.gov.br/ENETCONSULTA/frmDownloadDocumento.aspx?CodigoInstituicao=1&NumeroSequencialDocumento=153369
88.611.835/0001-29;2025-03-31;1;MARCOPOLO S.A.;008451;ITR;146624;2025-04-29;http://www.rad.cvm.gov.br/ENETCONSULTA/frmDownloadDocumento.aspx?CodigoInstituicao=1&NumeroSequencialDocumento=146624
88.611.835/0001-29;2025-06-30;1;MARCOPOLO S.A.;008451;ITR;150409;2025-07-31;http://www.rad.cvm.gov.br/ENETCONSULTA/frmDownloadDocumento.aspx?CodigoInstituicao=1&NumeroSequencialDocumento=150409
88.611.835/0001-29;2025-09-30;1;MARCOPOLO S.A.;008451;ITR;152550;2025-10-30;http://www.rad.cvm.gov.br/ENETCONSULTA/frmDownloadDocumento.aspx?CodigoInstituicao=1&NumeroSequencialDocumento=152550
88.613.658/0001-10;2025-03-31;1;PETTENATI S.A. INDUSTRIA TEXTIL;009539;ITR;147482;2025-05-13;http://www.rad.cvm.gov.br/ENETCONSULTA/frmDownloadDocumento.aspx?CodigoInstituicao=1&NumeroSequencialDocumento=147482
88.613.658/0001-10;2025-09-30;1;PETTENATI S.A. INDUSTRIA TEXTIL;009539;ITR;153260;2025-11-14;http://www.rad.cvm.gov.br/ENETCONSULTA/frmDownloadDocumento.aspx?CodigoInstituicao=1&NumeroSequencialDocumento=153260
88.613.658/0001-10;2025-12-31;1;PETTENATI S.A. INDUSTRIA TEXTIL;009539;ITR;154788;2026-02-19;http://www.rad.cvm.gov.br/ENETCONSULTA/frmDownloadDocumento.aspx?CodigoInstituicao=1&NumeroSequencialDocumento=154788
89.086.144/0001-16;2025-03-31;1;RANDONCORP S.A.;014109;ITR;147082;2025-05-08;http://www.rad.cvm.gov.br/ENETCONSULTA/frmDownloadDocumento.aspx?CodigoInstituicao=1&NumeroSequencialDocumento=147082
89.086.144/0001-16;2025-06-30;1;RANDONCORP S.A.;014109;ITR;150726;2025-08-07;http://www.rad.cvm.gov.br/ENETCONSULTA/frmDownloadDocumento.aspx?CodigoInstituicao=1&NumeroSequencialDocumento=150726
89.086.144/0001-16;2025-06-30;2;RANDONCORP S.A.;014109;ITR;150797;2025-08-08;http://www.rad.cvm.gov.br/ENETCONSULTA/frmDownloadDocumento.aspx?CodigoInstituicao=1&NumeroSequencialDocumento=150797
89.086.144/0001-16;2025-09-30;1;RANDONCORP S.A.;014109;ITR;153043;2025-11-12;http://www.rad.cvm.gov.br/ENETCONSULTA/frmDownloadDocumento.aspx?CodigoInstituicao=1&NumeroSequencialDocumento=153043
89.096.457/0001-55;2025-03-31;1;SLC AGRICOLA S.A.;020745;ITR;147519;2025-05-13;http://www.rad.cvm.gov.br/ENETCONSULTA/frmDownloadDocumento.aspx?CodigoInstituicao=1&NumeroSequencialDocumento=147519
89.096.457/0001-55;2025-06-30;1;SLC AGRICOLA S.A.;020745;ITR;151139;2025-08-13;http://www.rad.cvm.gov.br/ENETCONSULTA/frmDownloadDocumento.aspx?CodigoInstituicao=1&NumeroSequencialDocumento=151139
89.096.457/0001-55;2025-06-30;2;SLC AGRICOLA S.A.;020745;ITR;151229;2025-08-14;http://www.rad.cvm.gov.br/ENETCONSULTA/frmDownloadDocumento.aspx?CodigoInstituicao=1&NumeroSequencialDocumento=151229
89.096.457/0001-55;2025-09-30;1;SLC AGRICOLA S.A.;020745;ITR;152774;2025-11-06;http://www.rad.cvm.gov.br/ENETCONSULTA/frmDownloadDocumento.aspx?CodigoInstituicao=1&NumeroSequencialDocumento=152774
89.096.457/0001-55;2025-09-30;2;SLC AGRICOLA S.A.;020745;ITR;153535;2025-11-24;http://www.rad.cvm.gov.br/ENETCONSULTA/frmDownloadDocumento.aspx?CodigoInstituicao=1&NumeroSequencialDocumento=153535
89.463.822/0001-12;2025-03-31;1;LUPATECH S.A;020060;ITR;147710;2025-05-14;http://www.rad.cvm.gov.br/ENETCONSULTA/frmDownloadDocumento.aspx?CodigoInstituicao=1&NumeroSequencialDocumento=147710
89.463.822/0001-12;2025-06-30;1;LUPATECH S.A;020060;ITR;151721;2025-09-01;http://www.rad.cvm.gov.br/ENETCONSULTA/frmDownloadDocumento.aspx?CodigoInstituicao=1&NumeroSequencialDocumento=151721
89.463.822/0001-12;2025-09-30;1;LUPATECH S.A;020060;ITR;153354;2025-11-14;http://www.rad.cvm.gov.br/ENETCONSULTA/frmDownloadDocumento.aspx?CodigoInstituicao=1&NumeroSequencialDocumento=153354
89.637.490/0001-45;2025-03-31;1;KLABIN S.A.;012653;ITR;146901;2025-05-07;http://www.rad.cvm.gov.br/ENETCONSULTA/frmDownloadDocumento.aspx?CodigoInstituicao=1&NumeroSequencialDocumento=146901
89.637.490/0001-45;2025-06-30;1;KLABIN S.A.;012653;ITR;150588;2025-08-05;http://www.rad.cvm.gov.br/ENETCONSULTA/frmDownloadDocumento.aspx?CodigoInstituicao=1&NumeroSequencialDocumento=150588
89.637.490/0001-45;2025-09-30;1;KLABIN S.A.;012653;ITR;152627;2025-11-04;http://www.rad.cvm.gov.br/ENETCONSULTA/frmDownloadDocumento.aspx?CodigoInstituicao=1&NumeroSequencialDocumento=152627
89.723.993/0001-33;2025-03-31;1;CONSTRUTORA SULTEPA S.A. - EM RECUPERAÇÃO JUDICIAL;013030;ITR;147773;2025-05-15;http://www.rad.cvm.gov.br/ENETCONSULTA/frmDownloadDocumento.aspx?CodigoInstituicao=1&NumeroSequencialDocumento=147773
89.723.993/0001-33;2025-06-30;1;CONSTRUTORA SULTEPA S.A. - EM RECUPERAÇÃO JUDICIAL;013030;ITR;151388;2025-08-14;http://www.rad.cvm.gov.br/ENETCONSULTA/frmDownloadDocumento.aspx?CodigoInstituicao=1&NumeroSequencialDocumento=151388
89.723.993/0001-33;2025-09-30;1;CONSTRUTORA SULTEPA S.A. - EM RECUPERAÇÃO JUDICIAL;013030;ITR;153300;2025-11-14;http://www.rad.cvm.gov.br/ENETCONSULTA/frmDownloadDocumento.aspx?CodigoInstituicao=1&NumeroSequencialDocumento=153300
89.850.341/0001-60;2025-03-31;1;GRENDENE S.A.;019615;ITR;147111;2025-05-08;http://www.rad.cvm.gov.br/ENETCONSULTA/frmDownloadDocumento.aspx?CodigoInstituicao=1&NumeroSequencialDocumento=147111
89.850.341/0001-60;2025-06-30;1;GRENDENE S.A.;019615;ITR;150728;2025-08-07;http://www.rad.cvm.gov.br/ENETCONSULTA/frmDownloadDocumento.aspx?CodigoInstituicao=1&NumeroSequencialDocumento=150728
89.850.341/0001-60;2025-09-30;1;GRENDENE S.A.;019615;ITR;152765;2025-11-06;http://www.rad.cvm.gov.br/ENETCONSULTA/frmDownloadDocumento.aspx?CodigoInstituicao=1&NumeroSequencialDocumento=152765
90.076.886/0001-40;2025-03-31;1;MINUPAR PARTICIPACOES S.A.;013765;ITR;147843;2025-05-15;http://www.rad.cvm.gov.br/ENETCONSULTA/frmDownloadDocumento.aspx?CodigoInstituicao=1&NumeroSequencialDocumento=147843
90.076.886/0001-40;2025-06-30;1;MINUPAR PARTICIPACOES S.A.;013765;ITR;151398;2025-08-14;http://www.rad.cvm.gov.br/ENETCONSULTA/frmDownloadDocumento.aspx?CodigoInstituicao=1&NumeroSequencialDocumento=151398
90.076.886/0001-40;2025-09-30;1;MINUPAR PARTICIPACOES S.A.;013765;ITR;153425;2025-11-14;http://www.rad.cvm.gov.br/ENETCONSULTA/frmDownloadDocumento.aspx?CodigoInstituicao=1&NumeroSequencialDocumento=153425
90.400.888/0001-42;2025-03-31;1;BCO SANTANDER (BRASIL) S.A.;020532;ITR;146657;2025-04-30;http://www.rad.cvm.gov.br/ENETCONSULTA/frmDownloadDocumento.aspx?CodigoInstituicao=1&NumeroSequencialDocumento=146657
90.400.888/0001-42;2025-03-31;2;BCO SANTANDER (BRASIL) S.A.;020532;ITR;147556;2025-05-13;http://www.rad.cvm.gov.br/ENETCONSULTA/frmDownloadDocumento.aspx?CodigoInstituicao=1&NumeroSequencialDocumento=147556
90.400.888/0001-42;2025-06-30;1;BCO SANTANDER (BRASIL) S.A.;020532;ITR;150231;2025-07-30;http://www.rad.cvm.gov.br/ENETCONSULTA/frmDownloadDocumento.aspx?CodigoInstituicao=1&NumeroSequencialDocumento=150231
90.400.888/0001-42;2025-09-30;1;BCO SANTANDER (BRASIL) S.A.;020532;ITR;152515;2025-10-29;http://www.rad.cvm.gov.br/ENETCONSULTA/frmDownloadDocumento.aspx?CodigoInstituicao=1&NumeroSequencialDocumento=152515
90.441.460/0001-48;2025-03-31;1;UNICASA INDÚSTRIA DE MÓVEIS S.A.;022780;ITR;147657;2025-05-14;http://www.rad.cvm.gov.br/ENETCONSULTA/frmDownloadDocumento.aspx?CodigoInstituicao=1&NumeroSequencialDocumento=147657
90.441.460/0001-48;2025-06-30;1;UNICASA INDÚSTRIA DE MÓVEIS S.A.;022780;ITR;151141;2025-08-13;http://www.rad.cvm.gov.br/ENETCONSULTA/frmDownloadDocumento.aspx?CodigoInstituicao=1&NumeroSequencialDocumento=151141
90.441.460/0001-48;2025-09-30;1;UNICASA INDÚSTRIA DE MÓVEIS S.A.;022780;ITR;153349;2025-11-14;http://www.rad.cvm.gov.br/ENETCONSULTA/frmDownloadDocumento.aspx?CodigoInstituicao=1&NumeroSequencialDocumento=153349
91.333.666/0001-17;2025-03-31;1;RECRUSUL S.A.;012572;ITR;147946;2025-05-15;http://www.rad.cvm.gov.br/ENETCONSULTA/frmDownloadDocumento.aspx?CodigoInstituicao=1&NumeroSequencialDocumento=147946
91.333.666/0001-17;2025-06-30;1;RECRUSUL S.A.;012572;ITR;151387;2025-08-14;http://www.rad.cvm.gov.br/ENETCONSULTA/frmDownloadDocumento.aspx?CodigoInstituicao=1&NumeroSequencialDocumento=151387
91.333.666/0001-17;2025-09-30;1;RECRUSUL S.A.;012572;ITR;153374;2025-11-14;http://www.rad.cvm.gov.br/ENETCONSULTA/frmDownloadDocumento.aspx?CodigoInstituicao=1&NumeroSequencialDocumento=153374
91.669.747/0001-92;2025-03-31;1;DM FINANCEIRA S.A. - CRÉDITO, FINANCIAMENTO E INVESTIMENTO;006076;ITR;147754;2025-05-15;http://www.rad.cvm.gov.br/ENETCONSULTA/frmDownloadDocumento.aspx?CodigoInstituicao=1&NumeroSequencialDocumento=147754
91.983.056/0001-69;2025-03-31;1;KEPLER WEBER S.A.;007870;ITR;146628;2025-04-29;http://www.rad.cvm.gov.br/ENETCONSULTA/frmDownloadDocumento.aspx?CodigoInstituicao=1&NumeroSequencialDocumento=146628
91.983.056/0001-69;2025-06-30;1;KEPLER WEBER S.A.;007870;ITR;150717;2025-08-07;http://www.rad.cvm.gov.br/ENETCONSULTA/frmDownloadDocumento.aspx?CodigoInstituicao=1&NumeroSequencialDocumento=150717
91.983.056/0001-69;2025-09-30;1;KEPLER WEBER S.A.;007870;ITR;152527;2025-10-29;http://www.rad.cvm.gov.br/ENETCONSULTA/frmDownloadDocumento.aspx?CodigoInstituicao=1&NumeroSequencialDocumento=152527
92.012.467/0001-70;2025-03-31;1;GRAZZIOTIN S.A.;004537;ITR;147835;2025-05-15;http://www.rad.cvm.gov.br/ENETCONSULTA/frmDownloadDocumento.aspx?CodigoInstituicao=1&NumeroSequencialDocumento=147835
92.012.467/0001-70;2025-03-31;2;GRAZZIOTIN S.A.;004537;ITR;149442;2025-06-12;http://www.rad.cvm.gov.br/ENETCONSULTA/frmDownloadDocumento.aspx?CodigoInstituicao=1&NumeroSequencialDocumento=149442
92.012.467/0001-70;2025-06-30;1;GRAZZIOTIN S.A.;004537;ITR;151271;2025-08-14;http://www.rad.cvm.gov.br/ENETCONSULTA/frmDownloadDocumento.aspx?CodigoInstituicao=1&NumeroSequencialDocumento=151271
92.012.467/0001-70;2025-09-30;1;GRAZZIOTIN S.A.;004537;ITR;153332;2025-11-14;http://www.rad.cvm.gov.br/ENETCONSULTA/frmDownloadDocumento.aspx?CodigoInstituicao=1&NumeroSequencialDocumento=153332
92.660.570/0001-26;2025-03-31;1;TREVISA INVESTIMENTOS S.A.;008192;ITR;147916;2025-05-15;http://www.rad.cvm.gov.br/ENETCONSULTA/frmDownloadDocumento.aspx?CodigoInstituicao=1&NumeroSequencialDocumento=147916
92.660.570/0001-26;2025-06-30;1;TREVISA INVESTIMENTOS S.A.;008192;ITR;151550;2025-08-20;http://www.rad.cvm.gov.br/ENETCONSULTA/frmDownloadDocumento.aspx?CodigoInstituicao=1&NumeroSequencialDocumento=151550
92.660.570/0001-26;2025-09-30;1;TREVISA INVESTIMENTOS S.A.;008192;ITR;153327;2025-11-14;http://www.rad.cvm.gov.br/ENETCONSULTA/frmDownloadDocumento.aspx?CodigoInstituicao=1&NumeroSequencialDocumento=153327
92.665.611/0001-77;2025-03-31;1;DIMED S.A. DISTRIBUIDORA DE MEDICAMENTOS;009342;ITR;147677;2025-05-14;http://www.rad.cvm.gov.br/ENETCONSULTA/frmDownloadDocumento.aspx?CodigoInstituicao=1&NumeroSequencialDocumento=147677
92.665.611/0001-77;2025-06-30;1;DIMED S.A. DISTRIBUIDORA DE MEDICAMENTOS;009342;ITR;151375;2025-08-14;http://www.rad.cvm.gov.br/ENETCONSULTA/frmDownloadDocumento.aspx?CodigoInstituicao=1&NumeroSequencialDocumento=151375
92.665.611/0001-77;2025-09-30;1;DIMED S.A. DISTRIBUIDORA DE MEDICAMENTOS;009342;ITR;152790;2025-11-06;http://www.rad.cvm.gov.br/ENETCONSULTA/frmDownloadDocumento.aspx?CodigoInstituicao=1&NumeroSequencialDocumento=152790
92.690.783/0001-09;2025-03-31;1;METALURGICA GERDAU S.A.;008656;ITR;146588;2025-04-28;http://www.rad.cvm.gov.br/ENETCONSULTA/frmDownloadDocumento.aspx?CodigoInstituicao=1&NumeroSequencialDocumento=146588
92.690.783/0001-09;2025-06-30;1;METALURGICA GERDAU S.A.;008656;ITR;150441;2025-07-31;http://www.rad.cvm.gov.br/ENETCONSULTA/frmDownloadDocumento.aspx?CodigoInstituicao=1&NumeroSequencialDocumento=150441
92.690.783/0001-09;2025-09-30;1;METALURGICA GERDAU S.A.;008656;ITR;152553;2025-10-30;http://www.rad.cvm.gov.br/ENETCONSULTA/frmDownloadDocumento.aspx?CodigoInstituicao=1&NumeroSequencialDocumento=152553
92.693.019/0001-89;2025-03-31;1;PANATLANTICA S.A.;000094;ITR;147767;2025-05-15;http://www.rad.cvm.gov.br/ENETCONSULTA/frmDownloadDocumento.aspx?CodigoInstituicao=1&NumeroSequencialDocumento=147767
92.693.019/0001-89;2025-06-30;1;PANATLANTICA S.A.;000094;ITR;151217;2025-08-14;http://www.rad.cvm.gov.br/ENETCONSULTA/frmDownloadDocumento.aspx?CodigoInstituicao=1&NumeroSequencialDocumento=151217
92.693.019/0001-89;2025-09-30;1;PANATLANTICA S.A.;000094;ITR;153305;2025-11-14;http://www.rad.cvm.gov.br/ENETCONSULTA/frmDownloadDocumento.aspx?CodigoInstituicao=1&NumeroSequencialDocumento=153305
92.702.067/0001-96;2025-03-31;1;BANCO DO ESTADO DO RIO GRANDE DO SUL SA;001210;ITR;147726;2025-05-15;http://www.rad.cvm.gov.br/ENETCONSULTA/frmDownloadDocumento.aspx?CodigoInstituicao=1&NumeroSequencialDocumento=147726
92.702.067/0001-96;2025-06-30;1;BANCO DO ESTADO DO RIO GRANDE DO SUL SA;001210;ITR;151427;2025-08-14;http://www.rad.cvm.gov.br/ENETCONSULTA/frmDownloadDocumento.aspx?CodigoInstituicao=1&NumeroSequencialDocumento=151427
92.702.067/0001-96;2025-09-30;1;BANCO DO ESTADO DO RIO GRANDE DO SUL SA;001210;ITR;153271;2025-11-14;http://www.rad.cvm.gov.br/ENETCONSULTA/frmDownloadDocumento.aspx?CodigoInstituicao=1&NumeroSequencialDocumento=153271
92.715.812/0001-31;2025-03-31;1;CPFL TRANSMISSÃO S.A.;003204;ITR;147892;2025-05-15;http://www.rad.cvm.gov.br/ENETCONSULTA/frmDownloadDocumento.aspx?CodigoInstituicao=1&NumeroSequencialDocumento=147892
92.715.812/0001-31;2025-06-30;1;CPFL TRANSMISSÃO S.A.;003204;ITR;151366;2025-08-14;http://www.rad.cvm.gov.br/ENETCONSULTA/frmDownloadDocumento.aspx?CodigoInstituicao=1&NumeroSequencialDocumento=151366
92.715.812/0001-31;2025-09-30;1;CPFL TRANSMISSÃO S.A.;003204;ITR;153183;2025-11-13;http://www.rad.cvm.gov.br/ENETCONSULTA/frmDownloadDocumento.aspx?CodigoInstituicao=1&NumeroSequencialDocumento=153183
92.749.225/0001-63;2025-03-31;1;HERCULES S.A. FABRICA DE TALHERES;006629;ITR;147637;2025-05-14;http://www.rad.cvm.gov.br/ENETCONSULTA/frmDownloadDocumento.aspx?CodigoInstituicao=1&NumeroSequencialDocumento=147637
92.749.225/0001-63;2025-06-30;1;HERCULES S.A. FABRICA DE TALHERES;006629;ITR;151304;2025-08-14;http://www.rad.cvm.gov.br/ENETCONSULTA/frmDownloadDocumento.aspx?CodigoInstituicao=1&NumeroSequencialDocumento=151304
92.749.225/0001-63;2025-09-30;1;HERCULES S.A. FABRICA DE TALHERES;006629;ITR;153365;2025-11-14;http://www.rad.cvm.gov.br/ENETCONSULTA/frmDownloadDocumento.aspx?CodigoInstituicao=1&NumeroSequencialDocumento=153365
92.754.738/0001-62;2025-03-31;1;LOJAS RENNER S.A.;008133;ITR;147068;2025-05-08;http://www.rad.cvm.gov.br/ENETCONSULTA/frmDownloadDocumento.aspx?CodigoInstituicao=1&NumeroSequencialDocumento=147068
92.754.738/0001-62;2025-06-30;1;LOJAS RENNER S.A.;008133;ITR;150709;2025-08-07;http://www.rad.cvm.gov.br/ENETCONSULTA/frmDownloadDocumento.aspx?CodigoInstituicao=1&NumeroSequencialDocumento=150709
92.754.738/0001-62;2025-06-30;2;LOJAS RENNER S.A.;008133;ITR;150750;2025-08-07;http://www.rad.cvm.gov.br/ENETCONSULTA/frmDownloadDocumento.aspx?CodigoInstituicao=1&NumeroSequencialDocumento=150750
92.754.738/0001-62;2025-06-30;3;LOJAS RENNER S.A.;008133;ITR;150752;2025-08-07;http://www.rad.cvm.gov.br/ENETCONSULTA/frmDownloadDocumento.aspx?CodigoInstituicao=1&NumeroSequencialDocumento=150752
92.754.738/0001-62;2025-06-30;4;LOJAS RENNER S.A.;008133;ITR;151202;2025-08-14;http://www.rad.cvm.gov.br/ENETCONSULTA/frmDownloadDocumento.aspx?CodigoInstituicao=1&NumeroSequencialDocumento=151202
92.754.738/0001-62;2025-09-30;1;LOJAS RENNER S.A.;008133;ITR;152754;2025-11-06;http://www.rad.cvm.gov.br/ENETCONSULTA/frmDownloadDocumento.aspx?CodigoInstituicao=1&NumeroSequencialDocumento=152754
92.781.335/0001-02;2025-03-31;1;TAURUS ARMAS S.A.;006173;ITR;147500;2025-05-13;http://www.rad.cvm.gov.br/ENETCONSULTA/frmDownloadDocumento.aspx?CodigoInstituicao=1&NumeroSequencialDocumento=147500
92.781.335/0001-02;2025-06-30;1;TAURUS ARMAS S.A.;006173;ITR;150930;2025-08-12;http://www.rad.cvm.gov.br/ENETCONSULTA/frmDownloadDocumento.aspx?CodigoInstituicao=1&NumeroSequencialDocumento=150930
92.781.335/0001-02;2025-09-30;1;TAURUS ARMAS S.A.;006173;ITR;152977;2025-11-11;http://www.rad.cvm.gov.br/ENETCONSULTA/frmDownloadDocumento.aspx?CodigoInstituicao=1&NumeroSequencialDocumento=152977
92.791.243/0001-03;2025-03-31;1;IRANI PAPEL E EMBALAGEM S.A.;002429;ITR;146658;2025-04-30;http://www.rad.cvm.gov.br/ENETCONSULTA/frmDownloadDocumento.aspx?CodigoInstituicao=1&NumeroSequencialDocumento=146658
92.791.243/0001-03;2025-06-30;1;IRANI PAPEL E EMBALAGEM S.A.;002429;ITR;150308;2025-07-31;http://www.rad.cvm.gov.br/ENETCONSULTA/frmDownloadDocumento.aspx?CodigoInstituicao=1&NumeroSequencialDocumento=150308
92.791.243/0001-03;2025-09-30;1;IRANI PAPEL E EMBALAGEM S.A.;002429;ITR;152568;2025-10-31;http://www.rad.cvm.gov.br/ENETCONSULTA/frmDownloadDocumento.aspx?CodigoInstituicao=1&NumeroSequencialDocumento=152568
92.802.784/0001-90;2025-03-31;1;CIA RIOGRANDENSE DE SANEAMENTO;016748;ITR;146988;2025-05-07;http://www.rad.cvm.gov.br/ENETCONSULTA/frmDownloadDocumento.aspx?CodigoInstituicao=1&NumeroSequencialDocumento=146988
92.802.784/0001-90;2025-06-30;1;CIA RIOGRANDENSE DE SANEAMENTO;016748;ITR;150660;2025-08-06;http://www.rad.cvm.gov.br/ENETCONSULTA/frmDownloadDocumento.aspx?CodigoInstituicao=1&NumeroSequencialDocumento=150660
92.802.784/0001-90;2025-09-30;1;CIA RIOGRANDENSE DE SANEAMENTO;016748;ITR;152722;2025-11-05;http://www.rad.cvm.gov.br/ENETCONSULTA/frmDownloadDocumento.aspx?CodigoInstituicao=1&NumeroSequencialDocumento=152722
93.828.986/0001-73;2025-03-31;1;CEMEPE INVESTIMENTOS S.A.;013854;ITR;147598;2025-05-14;http://www.rad.cvm.gov.br/ENETCONSULTA/frmDownloadDocumento.aspx?CodigoInstituicao=1&NumeroSequencialDocumento=147598
93.828.986/0001-73;2025-06-30;1;CEMEPE INVESTIMENTOS S.A.;013854;ITR;151074;2025-08-13;http://www.rad.cvm.gov.br/ENETCONSULTA/frmDownloadDocumento.aspx?CodigoInstituicao=1&NumeroSequencialDocumento=151074
93.828.986/0001-73;2025-06-30;2;CEMEPE INVESTIMENTOS S.A.;013854;ITR;151219;2025-08-14;http://www.rad.cvm.gov.br/ENETCONSULTA/frmDownloadDocumento.aspx?CodigoInstituicao=1&NumeroSequencialDocumento=151219
93.828.986/0001-73;2025-09-30;1;CEMEPE INVESTIMENTOS S.A.;013854;ITR;153009;2025-11-12;http://www.rad.cvm.gov.br/ENETCONSULTA/frmDownloadDocumento.aspx?CodigoInstituicao=1&NumeroSequencialDocumento=153009
94.813.102/0001-70;2025-03-31;1;TRÊS TENTOS AGROINDUSTRIAL S/A;025950;ITR;147071;2025-05-08;http://www.rad.cvm.gov.br/ENETCONSULTA/frmDownloadDocumento.aspx?CodigoInstituicao=1&NumeroSequencialDocumento=147071
94.813.102/0001-70;2025-06-30;1;TRÊS TENTOS AGROINDUSTRIAL S/A;025950;ITR;151344;2025-08-14;http://www.rad.cvm.gov.br/ENETCONSULTA/frmDownloadDocumento.aspx?CodigoInstituicao=1&NumeroSequencialDocumento=151344
94.813.102/0001-70;2025-09-30;1;TRÊS TENTOS AGROINDUSTRIAL S/A;025950;ITR;153189;2025-11-13;http://www.rad.cvm.gov.br/ENETCONSULTA/frmDownloadDocumento.aspx?CodigoInstituicao=1&NumeroSequencialDocumento=153189
95.426.862/0001-97;2025-03-31;1;EXCELSIOR ALIMENTOS S.A.;001570;ITR;147491;2025-05-13;http://www.rad.cvm.gov.br/ENETCONSULTA/frmDownloadDocumento.aspx?CodigoInstituicao=1&NumeroSequencialDocumento=147491
95.426.862/0001-97;2025-06-30;1;EXCELSIOR ALIMENTOS S.A.;001570;ITR;150858;2025-08-11;http://www.rad.cvm.gov.br/ENETCONSULTA/frmDownloadDocumento.aspx?CodigoInstituicao=1&NumeroSequencialDocumento=150858
95.426.862/0001-97;2025-09-30;1;EXCELSIOR ALIMENTOS S.A.;001570;ITR;152934;2025-11-11;http://www.rad.cvm.gov.br/ENETCONSULTA/frmDownloadDocumento.aspx?CodigoInstituicao=1&NumeroSequencialDocumento=152934
96.298.013/0001-68;2025-03-31;1;PACAEMBU CONSTRUTORA S.A.;025143;ITR;146803;2025-05-05;http://www.rad.cvm.gov.br/ENETCONSULTA/frmDownloadDocumento.aspx?CodigoInstituicao=1&NumeroSequencialDocumento=146803
96.298.013/0001-68;2025-06-30;1;PACAEMBU CONSTRUTORA S.A.;025143;ITR;150690;2025-08-06;http://www.rad.cvm.gov.br/ENETCONSULTA/frmDownloadDocumento.aspx?CodigoInstituicao=1&NumeroSequencialDocumento=150690
96.298.013/0001-68;2025-09-30;1;PACAEMBU CONSTRUTORA S.A.;025143;ITR;152601;2025-11-03;http://www.rad.cvm.gov.br/ENETCONSULTA/frmDownloadDocumento.aspx?CodigoInstituicao=1&NumeroSequencialDocumento=152601
96.418.264/0218-02;2025-03-31;1;LOJAS QUERO QUERO S.A.;025038;ITR;146951;2025-05-07;http://www.rad.cvm.gov.br/ENETCONSULTA/frmDownloadDocumento.aspx?CodigoInstituicao=1&NumeroSequencialDocumento=146951
96.418.264/0218-02;2025-06-30;1;LOJAS QUERO QUERO S.A.;025038;ITR;150855;2025-08-11;http://www.rad.cvm.gov.br/ENETCONSULTA/frmDownloadDocumento.aspx?CodigoInstituicao=1&NumeroSequencialDocumento=150855
96.418.264/0218-02;2025-06-30;2;LOJAS QUERO QUERO S.A.;025038;ITR;150885;2025-08-11;http://www.rad.cvm.gov.br/ENETCONSULTA/frmDownloadDocumento.aspx?CodigoInstituicao=1&NumeroSequencialDocumento=150885
96.418.264/0218-02;2025-09-30;1;LOJAS QUERO QUERO S.A.;025038;ITR;152684;2025-11-05;http://www.rad.cvm.gov.br/ENETCONSULTA/frmDownloadDocumento.aspx?CodigoInstituicao=1&NumeroSequencialDocumento=152684
97.191.902/0001-94;2025-03-31;1;CONSERVAS ODERICH S.A.;004693;ITR;147797;2025-05-15;http://www.rad.cvm.gov.br/ENETCONSULTA/frmDownloadDocumento.aspx?CodigoInstituicao=1&NumeroSequencialDocumento=147797
97.191.902/0001-94;2025-06-30;1;CONSERVAS ODERICH S.A.;004693;ITR;150638;2025-08-06;http://www.rad.cvm.gov.br/ENETCONSULTA/frmDownloadDocumento.aspx?CodigoInstituicao=1&NumeroSequencialDocumento=150638
97.191.902/0001-94;2025-09-30;1;CONSERVAS ODERICH S.A.;004693;ITR;153021;2025-11-12;http://www.rad.cvm.gov.br/ENETCONSULTA/frmDownloadDocumento.aspx?CodigoInstituicao=1&NumeroSequencialDocumento=153021
97.837.181/0001-47;2025-03-31;1;DEXCO S.A.;021091;ITR;147020;2025-05-07;http://www.rad.cvm.gov.br/ENETCONSULTA/frmDownloadDocumento.aspx?CodigoInstituicao=1&NumeroSequencialDocumento=147020
97.837.181/0001-47;2025-06-30;1;DEXCO S.A.;021091;ITR;150679;2025-08-06;http://www.rad.cvm.gov.br/ENETCONSULTA/frmDownloadDocumento.aspx?CodigoInstituicao=1&NumeroSequencialDocumento=150679
97.837.181/0001-47;2025-09-30;1;DEXCO S.A.;021091;ITR;152713;2025-11-05;http://www.rad.cvm.gov.br/ENETCONSULTA/frmDownloadDocumento.aspx?CodigoInstituicao=1&NumeroSequencialDocumento=152713
